family,group,scope,horizon,metric,n,missing,mean,std,median,min,max,mean_ci95_lower,mean_ci95_upper
mlp,ood/held_out_combination,one_step,1,contact_accuracy,5,0,0.6494098494098494,0.03936621888239747,0.6573056573056573,0.5811965811965812,0.6764346764346765,0.6005302345301857,0.698289464289513
mlp,ood/held_out_combination,one_step,1,contact_balanced_accuracy,5,0,0.6684888315910429,0.00745121774728293,0.6706594546116982,0.6561545360275778,0.6757111628037331,0.6592369231220139,0.6777407400600719
mlp,ood/held_out_combination,one_step,1,contact_precision,5,0,0.11691791501153223,0.00723435167094537,0.11960132890365449,0.10416666666666667,0.12160566706021252,0.10793528133172059,0.12590054869134387
mlp,ood/held_out_combination,one_step,1,contact_recall,5,0,0.6903225806451613,0.033211710132216125,0.6903225806451613,0.6580645161290323,0.7419354838709677,0.6490847974176835,0.731560363872639
mlp,ood/held_out_combination,one_step,1,displacement_m,5,0,0.0680984871202809,0.007403667683610665,0.06992789173470317,0.05630167898884545,0.07648321042976305,0.058905619851188966,0.07729135438937283
mlp,ood/held_out_combination,one_step,1,position_mse,5,0,0.0036105194506079576,0.0005635057079948166,0.0037181994573061723,0.0027103470905066943,0.004243392547661759,0.002910834726719095,0.00431020417449682
mlp,ood/held_out_combination,one_step,1,rotation_mae_rad,5,0,0.03913975247998429,0.005406104124559696,0.03835340586120039,0.031355137583472685,0.04594667548714567,0.03242718787231258,0.045852317087656
mlp,ood/held_out_combination,one_step,1,velocity_mse,5,0,0.8801717235653572,0.04401363393207247,0.8743106529683998,0.8314003114344176,0.9322015560474217,0.8255215809524435,0.9348218661782709
mlp,ood/held_out_combination,rollout,1,ade_m,5,0,0.08232019095670765,0.005334884276581186,0.08565938250364553,0.07622174672662503,0.08649199271692766,0.0756960574668778,0.08894432444653749
mlp,ood/held_out_combination,rollout,1,contact_accuracy,5,0,0.7936507936507936,0.02509744174736809,0.7936507936507936,0.7619047619047619,0.8253968253968254,0.7624882049668018,0.8248133823347854
mlp,ood/held_out_combination,rollout,1,contact_balanced_accuracy,5,0,0.7965517241379311,0.013630507155898215,0.7965517241379311,0.7793103448275862,0.8137931034482759,0.7796272147664527,0.8134762335094095
mlp,ood/held_out_combination,rollout,1,contact_precision,5,0,0.25197945845004666,0.025107591566756536,0.25,0.2222222222222222,0.2857142857142857,0.22080426710120946,0.2831546497988839
mlp,ood/held_out_combination,rollout,1,contact_recall,5,0,0.8,0.0,0.8,0.8,0.8,0.8,0.8
mlp,ood/held_out_combination,rollout,1,displacement_m,5,0,0.08232019095670765,0.005334884276581186,0.08565938250364553,0.07622174672662503,0.08649199271692766,0.0756960574668778,0.08894432444653749
mlp,ood/held_out_combination,rollout,1,fde_m,5,0,0.08232019095670765,0.005334884276581186,0.08565938250364553,0.07622174672662503,0.08649199271692766,0.0756960574668778,0.08894432444653749
mlp,ood/held_out_combination,rollout,1,position_mse,5,0,0.004578690131564705,0.00043255375567962225,0.004561776063119572,0.004061182214235553,0.005108912342197842,0.004041603726199365,0.005115776536930045
mlp,ood/held_out_combination,rollout,1,rotation_mae_rad,5,0,0.0369252988625704,0.007431618300674067,0.03550109674424506,0.026957174392337618,0.04691927054629828,0.027697726319858222,0.046152871405282576
mlp,ood/held_out_combination,rollout,1,velocity_mse,5,0,0.4250064227335394,0.06188089803172501,0.4101987681351843,0.34444222834572197,0.5003840261877042,0.3481711423822698,0.501841703084809
mlp,ood/held_out_combination,rollout,5,ade_m,5,0,0.24446644921658622,0.00779905904086613,0.24205031023397505,0.23480423999248373,0.25478144636607236,0.23478263875259078,0.25415025968058164
mlp,ood/held_out_combination,rollout,5,contact_accuracy,5,0,0.6888888888888889,0.030942204269234788,0.6984126984126984,0.6507936507936508,0.7301587301587301,0.6504690692784165,0.7273087084993612
mlp,ood/held_out_combination,rollout,5,contact_balanced_accuracy,5,0,0.6707627118644067,0.06885756191030958,0.6970338983050848,0.5889830508474576,0.7394067796610169,0.5852647594757534,0.75626066425306
mlp,ood/held_out_combination,rollout,5,contact_precision,5,0,0.12525062656641603,0.025864749688995523,0.125,0.09523809523809523,0.15789473684210525,0.09313529927186828,0.15736595386096378
mlp,ood/held_out_combination,rollout,5,contact_recall,5,0,0.65,0.13693063937629152,0.75,0.5,0.75,0.479978161277459,0.8200218387225411
mlp,ood/held_out_combination,rollout,5,displacement_m,5,0,0.411603137806308,0.01243737507182186,0.4139290983676174,0.3986718040288084,0.4275992335046243,0.3961600975325971,0.4270461780800188
mlp,ood/held_out_combination,rollout,5,fde_m,5,0,0.411603137806308,0.01243737507182186,0.4139290983676174,0.3986718040288084,0.4275992335046243,0.3961600975325971,0.4270461780800188
mlp,ood/held_out_combination,rollout,5,position_mse,5,0,0.11644422595587166,0.007589218042592757,0.11561219553649306,0.10733604911186106,0.12812652615325112,0.10702096749490726,0.12586748441683607
mlp,ood/held_out_combination,rollout,5,rotation_mae_rad,5,0,0.2634563106753101,0.0501989067047177,0.26659106019916157,0.18853535757441764,0.32968751407263563,0.2011261378325245,0.3257864835180957
mlp,ood/held_out_combination,rollout,5,velocity_mse,5,0,4.336749549104509,0.38222269478344056,4.136994438268754,4.026851720539767,4.876138822616261,3.8621574076774894,4.8113416905315285
mlp,ood/held_out_combination,rollout,10,ade_m,5,0,0.4557191874522249,0.019967043788311985,0.4508060970875904,0.4348952360951624,0.48117062743690114,0.430926828969087,0.48051154593536277
mlp,ood/held_out_combination,rollout,10,contact_accuracy,5,0,0.6349206349206349,0.04489566864676493,0.6190476190476191,0.5873015873015873,0.6825396825396826,0.5791753015988178,0.690665968242452
mlp,ood/held_out_combination,rollout,10,contact_balanced_accuracy,5,0,0.7446428571428572,0.033763697144980426,0.7589285714285714,0.6964285714285714,0.7767857142857143,0.7027196915401227,0.7865660227455916
mlp,ood/held_out_combination,rollout,10,contact_precision,5,0,0.21903181363863522,0.012623950689177441,0.21739130434782608,0.20689655172413793,0.24,0.20335710914668892,0.23470651813058152
mlp,ood/held_out_combination,rollout,10,contact_recall,5,0,0.8857142857142857,0.11952286093343936,0.8571428571428571,0.7142857142857143,1.0,0.7373070579539774,1.0341215134745938
mlp,ood/held_out_combination,rollout,10,displacement_m,5,0,0.8668393571205879,0.04741209450337994,0.8608803133193432,0.8081313779384258,0.9260568553001889,0.8079694685268504,0.9257092457143254
mlp,ood/held_out_combination,rollout,10,fde_m,5,0,0.8668393571205879,0.04741209450337994,0.8608803133193432,0.8081313779384258,0.9260568553001889,0.8079694685268504,0.9257092457143254
mlp,ood/held_out_combination,rollout,10,position_mse,5,0,0.5278483674900769,0.055677524724228065,0.5364898577700652,0.4404700897609801,0.5783103415582713,0.45871559215030133,0.5969811428298525
mlp,ood/held_out_combination,rollout,10,rotation_mae_rad,5,0,0.6109984574955076,0.11106496996902979,0.6074100481734286,0.4578311786237312,0.7559441084021973,0.4730930880485308,0.7489038269424845
mlp,ood/held_out_combination,rollout,10,velocity_mse,5,0,7.494271978564194,0.6887081777215484,7.528215511031543,6.667711863620969,8.375819111368932,6.639127861419712,8.349416095708674
mlp,ood/held_out_combination,rollout,20,ade_m,5,0,0.9077948737115901,0.05313839323853332,0.9381797618947341,0.8483218546260027,0.958437800207796,0.8418148464048516,0.9737749010183285
mlp,ood/held_out_combination,rollout,20,contact_accuracy,5,0,0.5174603174603174,0.06882375678945651,0.5079365079365079,0.4126984126984127,0.5873015873015873,0.4320043396715918,0.602916295249043
mlp,ood/held_out_combination,rollout,20,contact_balanced_accuracy,5,0,0.5551724137931034,0.14221264077498527,0.593103448275862,0.31551724137931036,0.6758620689655173,0.37859210434383894,0.731752723242368
mlp,ood/held_out_combination,rollout,20,contact_precision,5,0,0.09705065359477125,0.04038642973575163,0.1111111111111111,0.029411764705882353,0.13333333333333333,0.046904279675917766,0.14719702751362473
mlp,ood/held_out_combination,rollout,20,contact_recall,5,0,0.6,0.24494897427831783,0.6,0.2,0.8,0.29585568876551377,0.9041443112344862
mlp,ood/held_out_combination,rollout,20,displacement_m,5,0,1.750301027442137,0.12610455030614862,1.8308549843749435,1.5835321695028877,1.853968398116083,1.5937215532500166,1.9068805016342572
mlp,ood/held_out_combination,rollout,20,fde_m,5,0,1.750301027442137,0.12610455030614862,1.8308549843749435,1.5835321695028877,1.853968398116083,1.5937215532500166,1.9068805016342572
mlp,ood/held_out_combination,rollout,20,position_mse,5,0,2.2280029712579132,0.3169043825844731,2.269669491516604,1.8419773085428643,2.5815005975156726,1.8345142234388276,2.6214917190769986
mlp,ood/held_out_combination,rollout,20,rotation_mae_rad,5,0,1.1423019959876086,0.09834004332335951,1.1098424904572388,1.0256009612587131,1.2658260653722038,1.020196709237689,1.2644072827375283
mlp,ood/held_out_combination,rollout,20,velocity_mse,5,0,11.604021097817759,2.063718565374684,11.407499850339734,8.858006380084282,14.411565893508756,9.041576149856756,14.166466045778762
mlp,ood/held_out_combination,rollout,50,ade_m,5,0,2.0296876330563203,0.22997837957527142,2.0184894787876204,1.7377523917827686,2.3043958175178916,1.744131769592002,2.3152434965206385
mlp,ood/held_out_combination,rollout,50,contact_accuracy,5,0,0.49523809523809526,0.07808491349999268,0.5079365079365079,0.36507936507936506,0.5555555555555556,0.398282873015873,0.5921933174603176
mlp,ood/held_out_combination,rollout,50,contact_balanced_accuracy,5,0,0.2516129032258065,0.03967217379435112,0.25806451612903225,0.18548387096774194,0.28225806451612906,0.20235339516129036,0.3008724112903226
mlp,ood/held_out_combination,rollout,50,contact_precision,5,0,0.0,0.0,0.0,0.0,0.0,0.0,0.0
mlp,ood/held_out_combination,rollout,50,contact_recall,5,0,0.0,0.0,0.0,0.0,0.0,0.0,0.0
mlp,ood/held_out_combination,rollout,50,displacement_m,5,0,3.520202652037174,0.5906193043564273,3.386420604318326,2.81894731482392,4.349681950476913,2.7868519529598537,4.253553351114494
mlp,ood/held_out_combination,rollout,50,fde_m,5,0,3.520202652037174,0.5906193043564273,3.386420604318326,2.81894731482392,4.349681950476913,2.7868519529598537,4.253553351114494
mlp,ood/held_out_combination,rollout,50,position_mse,5,0,10.682714604747625,4.96874601277973,7.831545623205401,7.18505875868151,18.741061236802622,4.513201798219582,16.85222741127567
mlp,ood/held_out_combination,rollout,50,rotation_mae_rad,5,0,1.4928225074082289,0.1481942706440339,1.4516944770067945,1.370747727370526,1.750920434316269,1.3088150237813974,1.6768299910350604
mlp,ood/held_out_combination,rollout,50,velocity_mse,5,0,17.496431848406996,12.068916279398334,13.272147074595935,8.37896425481819,38.095743119008304,2.5108935747355936,32.481970122078394
mlp,ood/unseen_angle,one_step,1,contact_accuracy,5,0,0.7117758784425451,0.04053506903837578,0.724596391263058,0.6424501424501424,0.741690408357075,0.661444944459898,0.7621068124251922
mlp,ood/unseen_angle,one_step,1,contact_balanced_accuracy,5,0,0.6958607039384986,0.015285261428538855,0.695207395083331,0.6720475603109493,0.7118807549984223,0.6768815458386579,0.7148398620383394
mlp,ood/unseen_angle,one_step,1,contact_precision,5,0,0.1474884304681129,0.011276328521947992,0.14736842105263157,0.1296969696969697,0.15859766277128548,0.13348701984099667,0.16148984109522915
mlp,ood/unseen_angle,one_step,1,contact_recall,5,0,0.6774647887323944,0.05837004446507634,0.676056338028169,0.5915492957746479,0.7535211267605634,0.6049888086926265,0.7499407687721622
mlp,ood/unseen_angle,one_step,1,displacement_m,5,0,0.05515622434842908,0.011206536846022012,0.053682753336419364,0.04504739341284195,0.07239495722830754,0.04124147152940102,0.06907097716745715
mlp,ood/unseen_angle,one_step,1,position_mse,5,0,0.0024617130826998313,0.0008979188868315608,0.0023145758854505425,0.00169061432931692,0.003959308956939912,0.0013467995698572697,0.0035766265955423926
mlp,ood/unseen_angle,one_step,1,rotation_mae_rad,5,0,0.03203099353846724,0.0045986084866429236,0.03157315220301737,0.026593036104127415,0.03923239009054497,0.026321067155114022,0.03774091992182045
mlp,ood/unseen_angle,one_step,1,velocity_mse,5,0,0.7608486900518333,0.043336899184885154,0.755223352429239,0.7050038309342468,0.815315381242252,0.707038824578998,0.8146585555246686
mlp,ood/unseen_angle,rollout,1,ade_m,5,0,0.06150913999931137,0.011857314095179013,0.06078168541998496,0.05197624692331341,0.08128512899381922,0.04678634052977136,0.07623193946885137
mlp,ood/unseen_angle,rollout,1,contact_accuracy,5,0,0.8333333333333334,0.022680460581325734,0.8333333333333334,0.7962962962962963,0.8518518518518519,0.8051718230338439,0.8614948436328228
mlp,ood/unseen_angle,rollout,1,contact_balanced_accuracy,5,0,0.8183673469387756,0.012497396646852918,0.8183673469387756,0.7979591836734694,0.8285714285714285,0.8028497800390569,0.8338849138384942
mlp,ood/unseen_angle,rollout,1,contact_precision,5,0,0.3359307359307359,0.03189979814188839,0.3333333333333333,0.2857142857142857,0.36363636363636365,0.29632190652873996,0.37553956533273186
mlp,ood/unseen_angle,rollout,1,contact_recall,5,0,0.8,0.0,0.8,0.8,0.8,0.8,0.8
mlp,ood/unseen_angle,rollout,1,displacement_m,5,0,0.06150913999931137,0.011857314095179013,0.06078168541998496,0.05197624692331341,0.08128512899381922,0.04678634052977136,0.07623193946885137
mlp,ood/unseen_angle,rollout,1,fde_m,5,0,0.06150913999931137,0.011857314095179013,0.06078168541998496,0.05197624692331341,0.08128512899381922,0.04678634052977136,0.07623193946885137
mlp,ood/unseen_angle,rollout,1,position_mse,5,0,0.002768366515549961,0.0010135781828439524,0.002332680943524284,0.0020206776242481794,0.004533233747096029,0.0015098430242325145,0.004026890006867408
mlp,ood/unseen_angle,rollout,1,rotation_mae_rad,5,0,0.04537271204729288,0.006675966546939534,0.04366211840876008,0.03803292645912243,0.05564019076412913,0.03708340504682211,0.05366201904776365
mlp,ood/unseen_angle,rollout,1,velocity_mse,5,0,0.5786925820622993,0.08750473701607248,0.6057020456409545,0.4792070171682583,0.694018883742327,0.47004110455389153,0.6873440595707071
mlp,ood/unseen_angle,rollout,5,ade_m,5,0,0.18977465228388346,0.038906076297664204,0.18516493946364734,0.15869948573162707,0.25390245005969003,0.14146637986407576,0.23808292470369116
mlp,ood/unseen_angle,rollout,5,contact_accuracy,5,0,0.7296296296296296,0.04057204129667898,0.7407407407407407,0.6666666666666666,0.7777777777777778,0.6792527885266545,0.7800064707326048
mlp,ood/unseen_angle,rollout,5,contact_balanced_accuracy,5,0,0.6145833333333334,0.05362307365097395,0.6354166666666667,0.5520833333333334,0.6666666666666666,0.5480014958306351,0.6811651708360317
mlp,ood/unseen_angle,rollout,5,contact_precision,5,0,0.19695970695970696,0.03840297302847398,0.2,0.15384615384615385,0.25,0.14927611973296245,0.24464329418645148
mlp,ood/unseen_angle,rollout,5,contact_recall,5,0,0.4666666666666667,0.13944333775567924,0.5,0.3333333333333333,0.6666666666666666,0.2935249009463071,0.6398084323870262
mlp,ood/unseen_angle,rollout,5,displacement_m,5,0,0.3288135868500752,0.06883223757249105,0.3211025474969336,0.2713882027749238,0.4402024280886093,0.2433470787787781,0.41428009492137235
mlp,ood/unseen_angle,rollout,5,fde_m,5,0,0.3288135868500752,0.06883223757249105,0.3211025474969336,0.2713882027749238,0.4402024280886093,0.2433470787787781,0.41428009492137235
mlp,ood/unseen_angle,rollout,5,position_mse,5,0,0.08016107034630511,0.031089950573091666,0.06955186695327624,0.05560972621495379,0.13037750289856567,0.0415577994764169,0.11876434121619332
mlp,ood/unseen_angle,rollout,5,rotation_mae_rad,5,0,0.23266674254901243,0.028176306512267355,0.2329057773462287,0.20178619224692224,0.27494211776322,0.19768123847595503,0.2676522466220698
mlp,ood/unseen_angle,rollout,5,velocity_mse,5,0,6.1503701383927805,0.10202102694467839,6.112917155941716,6.08492747934481,6.329910603683221,6.023694306975466,6.277045969810095
mlp,ood/unseen_angle,rollout,10,ade_m,5,0,0.37607951498603753,0.07537683931006593,0.37522360145630795,0.30982420293766744,0.495145474097216,0.28248681086250843,0.46967221910956664
mlp,ood/unseen_angle,rollout,10,contact_accuracy,5,0,0.6185185185185185,0.08029438292103261,0.6296296296296297,0.48148148148148145,0.6851851851851852,0.5188198777650053,0.7182171592720317
mlp,ood/unseen_angle,rollout,10,contact_balanced_accuracy,5,0,0.495,0.04401704215414755,0.485,0.455,0.5700000000000001,0.4403456255205982,0.5496543744794018
mlp,ood/unseen_angle,rollout,10,contact_precision,5,0,0.07123015873015873,0.0171061206168973,0.06666666666666667,0.05555555555555555,0.1,0.04999010541599874,0.09247021204431871
mlp,ood/unseen_angle,rollout,10,contact_recall,5,0,0.35,0.13693063937629152,0.25,0.25,0.5,0.17997816127745897,0.520021838722541
mlp,ood/unseen_angle,rollout,10,displacement_m,5,0,0.7128808932179983,0.14103912330804674,0.7249738180557025,0.5804322879045024,0.9247773773190899,0.5377576981034855,0.8880040883325111
mlp,ood/unseen_angle,rollout,10,fde_m,5,0,0.7128808932179983,0.14103912330804674,0.7249738180557025,0.5804322879045024,0.9247773773190899,0.5377576981034855,0.8880040883325111
mlp,ood/unseen_angle,rollout,10,position_mse,5,0,0.44238779776571946,0.1359823872777925,0.41024714061123935,0.32172785134173687,0.6471030548216498,0.2735433694904945,0.6112322260409444
mlp,ood/unseen_angle,rollout,10,rotation_mae_rad,5,0,0.4617952717704261,0.04453254481427848,0.4827605142395832,0.4126742810169147,0.505101359010672,0.4065008162212137,0.5170897273196385
mlp,ood/unseen_angle,rollout,10,velocity_mse,5,0,6.483711079515368,0.20056250609756984,6.546608523001805,6.2563175110195575,6.7005119307073375,6.234679845740133,6.732742313290603
mlp,ood/unseen_angle,rollout,20,ade_m,5,0,0.732410840236806,0.13924193380519487,0.7416439794495726,0.5917702830244123,0.9326272130209247,0.5595191505413837,0.9053025299322284
mlp,ood/unseen_angle,rollout,20,contact_accuracy,5,0,0.5111111111111112,0.04459849843997148,0.5370370370370371,0.46296296296296297,0.5555555555555556,0.4557347633224276,0.5664874588997948
mlp,ood/unseen_angle,rollout,20,contact_balanced_accuracy,5,0,0.6499999999999999,0.1387750190674091,0.7211538461538461,0.4807692307692308,0.7692307692307692,0.4776880615027505,0.8223119384972493
mlp,ood/unseen_angle,rollout,20,contact_precision,5,0,0.05799920773001974,0.019595785733767038,0.06451612903225806,0.034482758620689655,0.07692307692307693,0.03366782698978733,0.08233058847025215
mlp,ood/unseen_angle,rollout,20,contact_recall,5,0,0.8,0.27386127875258304,1.0,0.5,1.0,0.45995632255491803,1.1400436774450822
mlp,ood/unseen_angle,rollout,20,displacement_m,5,0,1.3733276924259366,0.24276140837715374,1.4060154655125434,1.0993924600232816,1.68133508036651,1.071899602911708,1.674755781940165
mlp,ood/unseen_angle,rollout,20,fde_m,5,0,1.3733276924259366,0.24276140837715374,1.4060154655125434,1.0993924600232816,1.68133508036651,1.071899602911708,1.674755781940165
mlp,ood/unseen_angle,rollout,20,position_mse,5,0,1.7899809576966437,0.46659071705675753,1.6589986741248748,1.360555937433809,2.3908506155136795,1.2106320843823615,2.369329831010926
mlp,ood/unseen_angle,rollout,20,rotation_mae_rad,5,0,0.907894722846394,0.15971154649902508,0.8641844189551564,0.7314432147929287,1.1152547653771099,0.709586652974879,1.1062027927179092
mlp,ood/unseen_angle,rollout,20,velocity_mse,5,0,7.566943820283509,2.384250924688915,6.5512940644116595,5.110506514374152,11.261681981202653,4.60650539658244,10.527382243984578
mlp,ood/unseen_angle,rollout,50,ade_m,5,0,1.4749347144270053,0.2207799777770742,1.526821885810018,1.2210911185798885,1.7767195975617804,1.2008001748837742,1.7490692539702364
mlp,ood/unseen_angle,rollout,50,contact_accuracy,5,0,0.45925925925925926,0.15789684257253486,0.5,0.25925925925925924,0.6666666666666666,0.2632044418352918,0.6553140766832267
mlp,ood/unseen_angle,rollout,50,contact_balanced_accuracy,5,0,0.639,0.1397050464371277,0.615,0.485,0.8200000000000001,0.4655332800441808,0.8124667199558192
mlp,ood/unseen_angle,rollout,50,contact_precision,5,0,0.11422188870464732,0.04466586511420408,0.10344827586206896,0.07142857142857142,0.18181818181818182,0.05876189414505974,0.1696818832642349
mlp,ood/unseen_angle,rollout,50,contact_recall,5,0,0.85,0.13693063937629152,0.75,0.75,1.0,0.6799781612774589,1.020021838722541
mlp,ood/unseen_angle,rollout,50,displacement_m,5,0,2.3888199795908176,0.34216644497873644,2.366165663006301,1.9693169187876374,2.8895256144860304,1.9639642395648742,2.813675719616761
mlp,ood/unseen_angle,rollout,50,fde_m,5,0,2.3888199795908176,0.34216644497873644,2.366165663006301,1.9693169187876374,2.8895256144860304,1.9639642395648742,2.813675719616761
mlp,ood/unseen_angle,rollout,50,position_mse,5,0,4.537694509793644,1.008066475903181,4.529469935440168,3.594072476503236,6.159989955312659,3.2860147062938996,5.789374313293388
mlp,ood/unseen_angle,rollout,50,rotation_mae_rad,5,0,1.4883964669645309,0.08570984163206027,1.4777930588674313,1.3759641352129643,1.5739876423982704,1.3819736463505508,1.594819287578511
mlp,ood/unseen_angle,rollout,50,velocity_mse,5,0,8.350623309914832,2.793263548555784,8.474523034804502,5.930233768607895,12.755558487656824,4.882328655589775,11.81891796423989
mlp,ood/unseen_mass,one_step,1,contact_accuracy,5,0,0.7485470085470085,0.05800296228275243,0.7756410256410257,0.6487179487179487,0.7918803418803418,0.6765268212201446,0.8205671958738724
mlp,ood/unseen_mass,one_step,1,contact_balanced_accuracy,5,0,0.706215874552839,0.006433411128073079,0.7056940746120122,0.6989832970225127,0.7164124909222949,0.6982277398721327,0.7142040092335452
mlp,ood/unseen_mass,one_step,1,contact_precision,5,0,0.161634925598899,0.018384513604462898,0.16847826086956522,0.13038674033149172,0.1776061776061776,0.1388075377966658,0.1844623134011322
mlp,ood/unseen_mass,one_step,1,contact_recall,5,0,0.657516339869281,0.0706366331299676,0.6274509803921569,0.6013071895424836,0.7712418300653595,0.5698093788806359,0.7452233008579262
mlp,ood/unseen_mass,one_step,1,displacement_m,5,0,0.07756363767000725,0.005848604601243902,0.07894902664658626,0.07145983235450229,0.08566136450166975,0.07030163617206658,0.08482563916794791
mlp,ood/unseen_mass,one_step,1,position_mse,5,0,0.0041899508300725224,0.0006530096918264557,0.00423484500855991,0.003605718333337418,0.005203274418332593,0.0033791322359748954,0.005000769424170149
mlp,ood/unseen_mass,one_step,1,rotation_mae_rad,5,0,0.037278214567883716,0.002665252286933251,0.036043708682577585,0.03484403628464597,0.04158652480652521,0.0339688668824576,0.04058756225330983
mlp,ood/unseen_mass,one_step,1,velocity_mse,5,0,1.0803806944478425,0.09771924040483373,1.1290827213201529,0.9598511820342572,1.1707122767688634,0.9590462363026298,1.2017151525930552
mlp,ood/unseen_mass,rollout,1,ade_m,5,0,0.08881571664481372,0.006113730159959554,0.08768037027324091,0.0824026827521169,0.09660203351475392,0.08122451829808523,0.0964069149915422
mlp,ood/unseen_mass,rollout,1,contact_accuracy,5,0,0.77,0.046248123085038714,0.7833333333333333,0.7,0.8166666666666667,0.7125753727565949,0.8274246272434052
mlp,ood/unseen_mass,rollout,1,contact_balanced_accuracy,5,0,0.6028846153846154,0.040022414208206604,0.5913461538461539,0.5673076923076923,0.6682692307692308,0.5531902264239762,0.6525790043452545
mlp,ood/unseen_mass,rollout,1,contact_precision,5,0,0.25784215784215786,0.021531165881124373,0.25,0.23076923076923078,0.2857142857142857,0.23110768534116521,0.2845766303431505
mlp,ood/unseen_mass,rollout,1,contact_recall,5,0,0.375,0.15309310892394862,0.375,0.25,0.625,0.18490980547844618,0.5650901945215538
mlp,ood/unseen_mass,rollout,1,displacement_m,5,0,0.08881571664481372,0.006113730159959554,0.08768037027324091,0.0824026827521169,0.09660203351475392,0.08122451829808523,0.0964069149915422
mlp,ood/unseen_mass,rollout,1,fde_m,5,0,0.08881571664481372,0.006113730159959554,0.08768037027324091,0.0824026827521169,0.09660203351475392,0.08122451829808523,0.0964069149915422
mlp,ood/unseen_mass,rollout,1,position_mse,5,0,0.005187090569169209,0.0005912210419865203,0.005369653721412722,0.0044595879075728815,0.005822805815382756,0.0044529927141685475,0.005921188424169871
mlp,ood/unseen_mass,rollout,1,rotation_mae_rad,5,0,0.042671815146310126,0.0032901856369039867,0.04139681959898797,0.04073730201755066,0.0485201813904158,0.03858651024834901,0.04675712004427124
mlp,ood/unseen_mass,rollout,1,velocity_mse,5,0,4.3346480073110865,0.47280707768655933,4.385053042933222,3.6555361615772353,4.814286446632207,3.7475805030953824,4.9217155115267905
mlp,ood/unseen_mass,rollout,5,ade_m,5,0,0.2945952754999686,0.014890425527328643,0.2933126498887668,0.2793279800032916,0.31116311352882725,0.27610637090528356,0.31308418009465366
mlp,ood/unseen_mass,rollout,5,contact_accuracy,5,0,0.7733333333333333,0.025276251480171864,0.7833333333333333,0.7333333333333333,0.8,0.7419487230500029,0.8047179436166637
mlp,ood/unseen_mass,rollout,5,contact_balanced_accuracy,5,0,0.7857142857142857,0.09149063183892499,0.7767857142857143,0.6517857142857143,0.8839285714285714,0.6721136662912351,0.8993149051373363
mlp,ood/unseen_mass,rollout,5,contact_precision,5,0,0.1981851971557854,0.030494738649124137,0.2,0.15384615384615385,0.23529411764705882,0.16032097947518698,0.2360494148363838
mlp,ood/unseen_mass,rollout,5,contact_recall,5,0,0.8,0.2091650066335189,0.75,0.5,1.0,0.5402873514194606,1.0597126485805395
mlp,ood/unseen_mass,rollout,5,displacement_m,5,0,0.505135129990065,0.02104840176648891,0.5019904837832124,0.4847236613808759,0.528108757422176,0.4790000882871279,0.5312701716930022
mlp,ood/unseen_mass,rollout,5,fde_m,5,0,0.505135129990065,0.02104840176648891,0.5019904837832124,0.4847236613808759,0.528108757422176,0.4790000882871279,0.5312701716930022
mlp,ood/unseen_mass,rollout,5,position_mse,5,0,0.18351841812040953,0.008438611097914127,0.18332700841268743,0.17347512509511312,0.19519438684203425,0.17304049892228873,0.19399633731853033
mlp,ood/unseen_mass,rollout,5,rotation_mae_rad,5,0,0.2928854133489491,0.026723949038454414,0.2839123496550832,0.2764716603107837,0.3402009603601768,0.25970324919531995,0.3260675775025782
mlp,ood/unseen_mass,rollout,5,velocity_mse,5,0,6.488469054689493,0.5111651786242344,6.518572555073098,5.946076401601833,7.04515661995343,5.853773679304602,7.123164430074384
mlp,ood/unseen_mass,rollout,10,ade_m,5,0,0.552062631260378,0.022624652967494566,0.5416153131045875,0.5334307593259634,0.5834629329991029,0.5239704152631829,0.5801548472575732
mlp,ood/unseen_mass,rollout,10,contact_accuracy,5,0,0.6699999999999999,0.0447213595499958,0.6666666666666666,0.6,0.7166666666666667,0.6144710999999999,0.7255288999999999
mlp,ood/unseen_mass,rollout,10,contact_balanced_accuracy,5,0,0.5910714285714286,0.06481675504600552,0.5892857142857143,0.49107142857142855,0.6696428571428572,0.5105908003997729,0.6715520567430843
mlp,ood/unseen_mass,rollout,10,contact_precision,5,0,0.09910633484162897,0.022081450861397334,0.1,0.0625,0.11764705882352941,0.07168859331776777,0.12652407636549018
mlp,ood/unseen_mass,rollout,10,contact_recall,5,0,0.5,0.1767766952966369,0.5,0.25,0.75,0.2805027500453451,0.7194972499546549
mlp,ood/unseen_mass,rollout,10,displacement_m,5,0,1.0104351977750152,0.05323068109872686,1.0149776898551064,0.9447579675853374,1.084067670096124,0.9443405799591449,1.0765298155908856
mlp,ood/unseen_mass,rollout,10,fde_m,5,0,1.0104351977750152,0.05323068109872686,1.0149776898551064,0.9447579675853374,1.084067670096124,0.9443405799591449,1.0765298155908856
mlp,ood/unseen_mass,rollout,10,position_mse,5,0,0.7115443446882731,0.07231181122983821,0.7178157184201088,0.6235708967522504,0.7899848892576605,0.6217573754412494,0.8013313139352968
mlp,ood/unseen_mass,rollout,10,rotation_mae_rad,5,0,0.6634153848730805,0.08804584563428691,0.6393110696423744,0.5851840824152147,0.8033870003397771,0.554092032299775,0.772738737446386
mlp,ood/unseen_mass,rollout,10,velocity_mse,5,0,5.420675469351386,0.4741892951600169,5.428644010724322,4.940647445189071,6.126366173719828,4.831891715526229,6.009459223176544
mlp,ood/unseen_mass,rollout,20,ade_m,5,0,1.0107424489241654,0.06285533540003947,1.0349917042829906,0.9270061105648792,1.0800325949581873,0.9326972448199986,1.0887876530283322
mlp,ood/unseen_mass,rollout,20,contact_accuracy,5,0,0.47000000000000003,0.09234596784796711,0.4666666666666667,0.38333333333333336,0.6,0.3553373406883946,0.5846626593116054
mlp,ood/unseen_mass,rollout,20,contact_balanced_accuracy,5,0,0.4644204851752021,0.03952947588784678,0.4649595687331536,0.4029649595687331,0.5121293800539084,0.4153381599570981,0.5135028103933061
mlp,ood/unseen_mass,rollout,20,contact_precision,5,0,0.10243791296422874,0.014136935153520502,0.10526315789473684,0.08333333333333333,0.12121212121212122,0.08488459020424574,0.11999123572421175
mlp,ood/unseen_mass,rollout,20,contact_recall,5,0,0.45714285714285713,0.11952286093343936,0.42857142857142855,0.2857142857142857,0.5714285714285714,0.30873562938254895,0.6055500849031653
mlp,ood/unseen_mass,rollout,20,displacement_m,5,0,1.8115328599068645,0.1540635730647055,1.8997078586725327,1.585156878114091,1.9360212774068988,1.6202376750458414,2.0028280447678877
mlp,ood/unseen_mass,rollout,20,fde_m,5,0,1.8115328599068645,0.1540635730647055,1.8997078586725327,1.585156878114091,1.9360212774068988,1.6202376750458414,2.0028280447678877
mlp,ood/unseen_mass,rollout,20,position_mse,5,0,2.137122715243003,0.33558082994542493,2.306164968063032,1.6863873780865788,2.436080302566027,1.7204440960001257,2.55380133448588
mlp,ood/unseen_mass,rollout,20,rotation_mae_rad,5,0,1.1535386287560905,0.2014060769530866,1.160484742035372,0.941837268189325,1.4287525703792847,0.9034599634593128,1.4036172940528682
mlp,ood/unseen_mass,rollout,20,velocity_mse,5,0,11.183228359102085,2.513368347159648,12.736529569693191,7.902916781811517,13.328775724257381,8.062469486452684,14.303987231751485
mlp,ood/unseen_mass,rollout,50,ade_m,5,0,1.9873983396558719,0.17561006489991074,2.0352159793495526,1.713952951489084,2.1434929578802993,1.769349652609157,2.2054470267025867
mlp,ood/unseen_mass,rollout,50,contact_accuracy,5,0,0.4633333333333333,0.2062899792902107,0.43333333333333335,0.26666666666666666,0.8,0.20719050256357296,0.7194761641030937
mlp,ood/unseen_mass,rollout,50,contact_balanced_accuracy,5,0,0.5267857142857143,0.12209637795694055,0.4910714285714286,0.375,0.6607142857142857,0.3751830432096336,0.678388385361795
mlp,ood/unseen_mass,rollout,50,contact_precision,5,0,0.08527399229486515,0.04840616179375973,0.06451612903225806,0.045454545454545456,0.16666666666666666,0.025169806181637812,0.1453781784080925
mlp,ood/unseen_mass,rollout,50,contact_recall,5,0,0.6,0.22360679774997896,0.5,0.5,1.0,0.3223555,0.8776444999999999
mlp,ood/unseen_mass,rollout,50,displacement_m,5,0,3.3049945382132546,0.3268441842259923,3.2785319766959073,2.837328390219645,3.6933250864510865,2.8991638970142346,3.7108251794122746
mlp,ood/unseen_mass,rollout,50,fde_m,5,0,3.3049945382132546,0.3268441842259923,3.2785319766959073,2.837328390219645,3.6933250864510865,2.8991638970142346,3.7108251794122746
mlp,ood/unseen_mass,rollout,50,position_mse,5,0,7.034212614633241,1.251069658374386,6.687937525827545,5.383482402084362,8.604996663453619,5.480804519442361,8.587620709824122
mlp,ood/unseen_mass,rollout,50,rotation_mae_rad,5,0,1.499252644020392,0.14041382570610433,1.4776121340158057,1.3102430594926848,1.6494243042054086,1.3249058583969564,1.6735994296438275
mlp,ood/unseen_mass,rollout,50,velocity_mse,5,0,11.228689250701109,3.4836544992321405,10.799860794410852,6.806566659039443,16.553622440744775,6.903161040715601,15.554217460686615
mlp,ood/unseen_object_count,one_step,1,contact_accuracy,5,0,0.6935508935508936,0.05310755549228218,0.7113442113442113,0.603923853923854,0.73989898989899,0.6276091563620101,0.7594926307397771
mlp,ood/unseen_object_count,one_step,1,contact_balanced_accuracy,5,0,0.676029868803558,0.0072670475597326695,0.6717522329355234,0.6705166793609898,0.6870699134745137,0.6670066378172881,0.6850530997898279
mlp,ood/unseen_object_count,one_step,1,contact_precision,5,0,0.16794500269737825,0.015784450484656463,0.17277812305779988,0.14406028368794327,0.18672199170124482,0.14834601954174378,0.1875439858530127
mlp,ood/unseen_object_count,one_step,1,contact_recall,5,0,0.6549653579676674,0.055248943369838446,0.6420323325635104,0.6120092378752887,0.7505773672055427,0.5863647366457758,0.723565979289559
mlp,ood/unseen_object_count,one_step,1,displacement_m,5,0,0.060833639689095664,0.005307002791623189,0.059565921252425054,0.053365753595580954,0.06624505616845397,0.05424412563404291,0.06742315374414841
mlp,ood/unseen_object_count,one_step,1,position_mse,5,0,0.002953816579359721,0.0005630906064056708,0.0028776140082950315,0.002139882852656216,0.003659689661787195,0.002254647272150169,0.003652985886569273
mlp,ood/unseen_object_count,one_step,1,rotation_mae_rad,5,0,0.03428037159201887,0.004147827626188824,0.03416758097607783,0.029160220458855603,0.039655706441361196,0.02913016355296344,0.0394305796310743
mlp,ood/unseen_object_count,one_step,1,velocity_mse,5,0,0.9354074020994804,0.030757047561539925,0.9425362393669768,0.898535231656338,0.9754776043872323,0.8972174848982678,0.9735973193006929
mlp,ood/unseen_object_count,rollout,1,ade_m,5,0,0.06606569945732754,0.007343227369133138,0.06825421371183057,0.053180780410828646,0.0714400707187012,0.056947878747919,0.07518352016673609
mlp,ood/unseen_object_count,rollout,1,contact_accuracy,5,0,0.753030303030303,0.03958288023519127,0.7575757575757576,0.6893939393939394,0.7954545454545454,0.7038816675592663,0.8021789385013398
mlp,ood/unseen_object_count,rollout,1,contact_balanced_accuracy,5,0,0.6421487603305785,0.021191539512327433,0.640495867768595,0.6157024793388429,0.6652892561983471,0.6158359896485838,0.6684615310125733
mlp,ood/unseen_object_count,rollout,1,contact_precision,5,0,0.1723761152640463,0.015190211490061402,0.1724137931034483,0.15625,0.19230769230769232,0.15351497724637284,0.19123725328171978
mlp,ood/unseen_object_count,rollout,1,contact_recall,5,0,0.509090909090909,0.08131156281817417,0.45454545454545453,0.45454545454545453,0.6363636363636364,0.4081292727272727,0.6100525454545453
mlp,ood/unseen_object_count,rollout,1,displacement_m,5,0,0.06606569945732754,0.007343227369133138,0.06825421371183057,0.053180780410828646,0.0714400707187012,0.056947878747919,0.07518352016673609
mlp,ood/unseen_object_count,rollout,1,fde_m,5,0,0.06606569945732754,0.007343227369133138,0.06825421371183057,0.053180780410828646,0.0714400707187012,0.056947878747919,0.07518352016673609
mlp,ood/unseen_object_count,rollout,1,position_mse,5,0,0.0031032889161909404,0.0006111385038189257,0.0032826727425557174,0.002069669401966374,0.003687825687099974,0.002344460266834418,0.003862117565547463
mlp,ood/unseen_object_count,rollout,1,rotation_mae_rad,5,0,0.03281751206144099,0.005801724431308069,0.032443078131599586,0.026753740537250593,0.040397310389511124,0.025613719980533807,0.040021304142348176
mlp,ood/unseen_object_count,rollout,1,velocity_mse,5,0,0.8967587373107296,0.07719108635269271,0.9345451744115865,0.7633974543619731,0.9480086508411251,0.8009133480358761,0.9926041265855832
mlp,ood/unseen_object_count,rollout,5,ade_m,5,0,0.2100940077955688,0.0194494748676029,0.2170153353005441,0.17733770482523814,0.22614552652630113,0.18594429598351508,0.23424371960762252
mlp,ood/unseen_object_count,rollout,5,contact_accuracy,5,0,0.703030303030303,0.05853467809721775,0.7196969696969697,0.6060606060606061,0.7575757575757576,0.6303499033443569,0.7757107027162491
mlp,ood/unseen_object_count,rollout,5,contact_balanced_accuracy,5,0,0.6941666666666667,0.03542891944913549,0.6833333333333333,0.6666666666666667,0.7541666666666667,0.6501758545581988,0.7381574787751346
mlp,ood/unseen_object_count,rollout,5,contact_precision,5,0,0.19162876825662892,0.029528431652988636,0.1891891891891892,0.15517241379310345,0.23684210526315788,0.1549643791388836,0.22829315737437422
mlp,ood/unseen_object_count,rollout,5,contact_recall,5,0,0.6833333333333333,0.06972166887783962,0.6666666666666666,0.5833333333333334,0.75,0.5967624504731536,0.7699042161935131
mlp,ood/unseen_object_count,rollout,5,displacement_m,5,0,0.3586458029527221,0.03191910114895281,0.36803587451645847,0.30658678326727234,0.38826695072276296,0.3190130057027053,0.39827860020273886
mlp,ood/unseen_object_count,rollout,5,fde_m,5,0,0.3586458029527221,0.03191910114895281,0.36803587451645847,0.30658678326727234,0.38826695072276296,0.3190130057027053,0.39827860020273886
mlp,ood/unseen_object_count,rollout,5,position_mse,5,0,0.09619992765520492,0.013516330922572253,0.09853036673818127,0.07402046738223221,0.10972931725785454,0.07941718679672642,0.11298266851368342
mlp,ood/unseen_object_count,rollout,5,rotation_mae_rad,5,0,0.2473436326587119,0.04245954047509625,0.2524417239886956,0.20159959171985561,0.3055318302626641,0.19462315186805593,0.30006411344936784
mlp,ood/unseen_object_count,rollout,5,velocity_mse,5,0,4.906767156865357,0.3695223503662371,5.0414678482566195,4.26785848002428,5.218781404994718,4.447944575268468,5.365589738462245
mlp,ood/unseen_object_count,rollout,10,ade_m,5,0,0.3986674147404767,0.03663126863309387,0.4031584510699984,0.3448990243465015,0.4401767738630974,0.3531836889935836,0.44415114048736976
mlp,ood/unseen_object_count,rollout,10,contact_accuracy,5,0,0.6378787878787878,0.04298866957306392,0.6515151515151515,0.5757575757575758,0.6818181818181818,0.5845013065616768,0.6912562691958989
mlp,ood/unseen_object_count,rollout,10,contact_balanced_accuracy,5,0,0.684140435835351,0.032823009136394396,0.6682808716707022,0.6561743341404358,0.7276029055690072,0.6433852886221643,0.7248955830485377
mlp,ood/unseen_object_count,rollout,10,contact_precision,5,0,0.19170346003898636,0.020125125538875906,0.1875,0.171875,0.22,0.16671481714483732,0.2166921029331354
mlp,ood/unseen_object_count,rollout,10,contact_recall,5,0,0.7428571428571429,0.06388765649999396,0.7857142857142857,0.6428571428571429,0.7857142857142857,0.663530142857143,0.8221841428571428
mlp,ood/unseen_object_count,rollout,10,displacement_m,5,0,0.7451671279265991,0.07351010518330453,0.7374955190303089,0.6537997392206423,0.8400926699509028,0.6538922802746658,0.8364419755785324
mlp,ood/unseen_object_count,rollout,10,fde_m,5,0,0.7451671279265991,0.07351010518330453,0.7374955190303089,0.6537997392206423,0.8400926699509028,0.6538922802746658,0.8364419755785324
mlp,ood/unseen_object_count,rollout,10,position_mse,5,0,0.41598557202856656,0.06663044156325346,0.419750976074221,0.32896452409130617,0.4953868255922718,0.33325295468974303,0.4987181893673901
mlp,ood/unseen_object_count,rollout,10,rotation_mae_rad,5,0,0.5954109650997802,0.07933284906756183,0.613281835449796,0.5004004246995369,0.7070348673713767,0.4969062262699396,0.6939157039296208
mlp,ood/unseen_object_count,rollout,10,velocity_mse,5,0,6.7854140464964585,0.42341790003205776,6.9002038273691655,6.12265852714348,7.229924494627289,6.259671303751681,7.311156789241236
mlp,ood/unseen_object_count,rollout,20,ade_m,5,0,0.7946549841767298,0.08954665388574616,0.779311442704087,0.697937871116151,0.9168183175030049,0.683468132099987,0.9058418362534725
mlp,ood/unseen_object_count,rollout,20,contact_accuracy,5,0,0.5136363636363637,0.03488140737339799,0.5227272727272727,0.45454545454545453,0.5454545454545454,0.4703253775351627,0.5569473497375647
mlp,ood/unseen_object_count,rollout,20,contact_balanced_accuracy,5,0,0.5975,0.04375991951038704,0.625,0.5458333333333334,0.6375,0.543164885438382,0.651835114561618
mlp,ood/unseen_object_count,rollout,20,contact_precision,5,0,0.12144680500658761,0.013213481637084117,0.125,0.10606060606060606,0.13636363636363635,0.10504010118853364,0.13785350882464156
mlp,ood/unseen_object_count,rollout,20,contact_recall,5,0,0.7000000000000001,0.11180339887498948,0.75,0.5833333333333334,0.8333333333333334,0.5611777500000001,0.83882225
mlp,ood/unseen_object_count,rollout,20,displacement_m,5,0,1.5451349078788164,0.19989475283937233,1.493608778300798,1.3721255802599917,1.8445986399685355,1.2969327992525534,1.7933370165050793
mlp,ood/unseen_object_count,rollout,20,fde_m,5,0,1.5451349078788164,0.19989475283937233,1.493608778300798,1.3721255802599917,1.8445986399685355,1.2969327992525534,1.7933370165050793
mlp,ood/unseen_object_count,rollout,20,position_mse,5,0,1.7652643647855875,0.3899442151156556,1.7000658549666827,1.4137172375008298,2.325696190695629,1.281084689913924,2.249444039657251
mlp,ood/unseen_object_count,rollout,20,rotation_mae_rad,5,0,1.0789795436557792,0.10543388130804693,1.0608570980143677,0.9950438304390355,1.2591339698361754,0.9480660940049186,1.2098929933066398
mlp,ood/unseen_object_count,rollout,20,velocity_mse,5,0,8.387703934094972,1.06373296617889,9.032648412785669,7.190589053059215,9.239974754565198,7.066905056332399,9.708502811857544
mlp,ood/unseen_object_count,rollout,50,ade_m,5,0,1.7425880308056139,0.2671825577780147,1.662676520516045,1.5280249496949325,2.1857307931762806,1.4108370804344954,2.0743389811767323
mlp,ood/unseen_object_count,rollout,50,contact_accuracy,5,0,0.44242424242424244,0.04688408620232062,0.4318181818181818,0.3787878787878788,0.49242424242424243,0.38420996270384233,0.5006385221446426
mlp,ood/unseen_object_count,rollout,50,contact_balanced_accuracy,5,0,0.5823940381928272,0.05264739407333726,0.572193758733116,0.5323707498835585,0.668141592920354,0.5170236668495612,0.6477644095360932
mlp,ood/unseen_object_count,rollout,50,contact_precision,5,0,0.17550766913461344,0.018076960135673066,0.17567567567567569,0.1566265060240964,0.20212765957446807,0.15306215938763013,0.19795317888159675
mlp,ood/unseen_object_count,rollout,50,contact_recall,5,0,0.7789473684210526,0.13105157471567086,0.7368421052631579,0.6842105263157895,1.0,0.6162253523541306,0.9416693844879747
mlp,ood/unseen_object_count,rollout,50,displacement_m,5,0,2.893234453654493,0.5623514616757304,2.689940121335489,2.4952809139231564,3.8513638910630705,2.1949829158107965,3.59148599149819
mlp,ood/unseen_object_count,rollout,50,fde_m,5,0,2.893234453654493,0.5623514616757304,2.689940121335489,2.4952809139231564,3.8513638910630705,2.1949829158107965,3.59148599149819
mlp,ood/unseen_object_count,rollout,50,position_mse,5,0,7.653674447105894,3.9849275337830217,5.779428661915761,4.837193531934928,14.351691133688375,2.7057335804310387,12.60161531378075
mlp,ood/unseen_object_count,rollout,50,rotation_mae_rad,5,0,1.532205660129749,0.09401736291755214,1.5447383567003443,1.3841182200582651,1.6354796134885488,1.4154676898120968,1.648943630447401
mlp,ood/unseen_object_count,rollout,50,velocity_mse,5,0,13.71112255771145,11.278566838472335,9.50375496392851,7.644943874183973,33.82645999130856,-0.29306730634435496,27.715312421767255
mlp,ood/unseen_obstacles,one_step,1,contact_accuracy,5,0,0.6639194139194139,0.05995429940875748,0.6929181929181929,0.5592185592185592,0.7029914529914529,0.5894763216266334,0.7383625062121943
mlp,ood/unseen_obstacles,one_step,1,contact_balanced_accuracy,5,0,0.6375428372373277,0.010524624662741653,0.6382183475182647,0.6216271559840325,0.6512036792950215,0.6244747901941342,0.6506108842805213
mlp,ood/unseen_obstacles,one_step,1,contact_precision,5,0,0.14968842408218017,0.010167450255464677,0.1543103448275862,0.13244613434727504,0.15789473684210525,0.13706386762477868,0.16231298053958165
mlp,ood/unseen_obstacles,one_step,1,contact_recall,5,0,0.6056338028169014,0.0812152295399352,0.5704225352112676,0.5316901408450704,0.7359154929577465,0.5047917800121512,0.7064758256216516
mlp,ood/unseen_obstacles,one_step,1,displacement_m,5,0,0.05932469179538436,0.008699310329218182,0.054751474054921014,0.05104405899582455,0.07203964166731068,0.048523071759658754,0.07012631183110997
mlp,ood/unseen_obstacles,one_step,1,position_mse,5,0,0.00270667774278425,0.000775133147503303,0.0023395806263333476,0.0019094139664858965,0.0038546668575550804,0.0017442228561818547,0.0036691326293866455
mlp,ood/unseen_obstacles,one_step,1,rotation_mae_rad,5,0,0.03333495860883154,0.005121685377881521,0.03210576130091413,0.02815186326460734,0.04070846595839633,0.026975546505943627,0.039694370711719454
mlp,ood/unseen_obstacles,one_step,1,velocity_mse,5,0,1.112720776161946,0.036588199694427434,1.1226784792761606,1.0666636381199244,1.1577763027889034,1.0672905275636098,1.1581510247602822
mlp,ood/unseen_obstacles,rollout,1,ade_m,5,0,0.06370738188538061,0.008048238726387368,0.05958638556247854,0.05690274607847158,0.07621501430965937,0.0537141739885126,0.07370058978224862
mlp,ood/unseen_obstacles,rollout,1,contact_accuracy,5,0,0.6880952380952381,0.027147033930931833,0.6904761904761905,0.6428571428571429,0.7142857142857143,0.6543877446823402,0.721802731508136
mlp,ood/unseen_obstacles,rollout,1,contact_balanced_accuracy,5,0,0.6395555555555555,0.009480324003422864,0.6377777777777778,0.6311111111111112,0.6533333333333333,0.6277841789952087,0.6513269321159024
mlp,ood/unseen_obstacles,rollout,1,contact_precision,5,0,0.1888992488992489,0.007289962465956356,0.18518518518518517,0.18181818181818182,0.2,0.17984756529997686,0.19795093249852092
mlp,ood/unseen_obstacles,rollout,1,contact_recall,5,0,0.5777777777777778,0.0496903994999953,0.5555555555555556,0.5555555555555556,0.6666666666666666,0.5160790000000001,0.6394765555555556
mlp,ood/unseen_obstacles,rollout,1,displacement_m,5,0,0.06370738188538061,0.008048238726387368,0.05958638556247854,0.05690274607847158,0.07621501430965937,0.0537141739885126,0.07370058978224862
mlp,ood/unseen_obstacles,rollout,1,fde_m,5,0,0.06370738188538061,0.008048238726387368,0.05958638556247854,0.05690274607847158,0.07621501430965937,0.0537141739885126,0.07370058978224862
mlp,ood/unseen_obstacles,rollout,1,position_mse,5,0,0.002775937583234859,0.000665461940478709,0.002558135888838126,0.0021501076265343735,0.0038617388729330045,0.0019496574808748747,0.003602217685594843
mlp,ood/unseen_obstacles,rollout,1,rotation_mae_rad,5,0,0.035827882093177194,0.006032530911983563,0.034222479845908135,0.030115989167013284,0.04363742409077548,0.02833750592552163,0.04331825826083276
mlp,ood/unseen_obstacles,rollout,1,velocity_mse,5,0,1.728192842568685,0.13109951903916797,1.669437786155725,1.6058527489573593,1.9311596735202272,1.565411295763614,1.890974389373756
mlp,ood/unseen_obstacles,rollout,5,ade_m,5,0,0.20606209760582114,0.024630898710454912,0.19357100945431283,0.18513914677678844,0.24514380398869198,0.17547879859242815,0.23664539661921413
mlp,ood/unseen_obstacles,rollout,5,contact_accuracy,5,0,0.6333333333333333,0.044063703626956524,0.6428571428571429,0.5595238095238095,0.6666666666666666,0.5786210209852366,0.68804564568143
mlp,ood/unseen_obstacles,rollout,5,contact_balanced_accuracy,5,0,0.8144578313253013,0.02229729581123102,0.8192771084337349,0.7771084337349398,0.8313253012048193,0.7867720829081921,0.8421435797424104
mlp,ood/unseen_obstacles,rollout,5,contact_precision,5,0,0.03175787424623851,0.003353147884302484,0.03225806451612903,0.02631578947368421,0.034482758620689655,0.027594391395398796,0.035921357097078215
mlp,ood/unseen_obstacles,rollout,5,contact_recall,5,0,1.0,0.0,1.0,1.0,1.0,1.0,1.0
mlp,ood/unseen_obstacles,rollout,5,displacement_m,5,0,0.3600253396977694,0.04222705281140601,0.33939971885420783,0.3227004591401234,0.42565347555852945,0.30759353045820653,0.41245714893733226
mlp,ood/unseen_obstacles,rollout,5,fde_m,5,0,0.3600253396977694,0.04222705281140601,0.33939971885420783,0.3227004591401234,0.42565347555852945,0.30759353045820653,0.41245714893733226
mlp,ood/unseen_obstacles,rollout,5,position_mse,5,0,0.10444853986688346,0.01825957274131844,0.09787099083585088,0.08768162058742617,0.13331381218837804,0.08177628663044327,0.12712079310332364
mlp,ood/unseen_obstacles,rollout,5,rotation_mae_rad,5,0,0.258659032504534,0.03609997574636036,0.2404407595543177,0.23103943826741694,0.31440567007158854,0.21383499398260453,0.30348307102646344
mlp,ood/unseen_obstacles,rollout,5,velocity_mse,5,0,5.812105025559903,0.24279380875051995,5.825273229213767,5.5186874155139485,6.103699644185463,5.510636705670062,6.113573345449745
mlp,ood/unseen_obstacles,rollout,10,ade_m,5,0,0.40905370521442735,0.04872879587933381,0.3803053617785252,0.3681157908420131,0.48392460250516633,0.34854891598772786,0.46955849444112685
mlp,ood/unseen_obstacles,rollout,10,contact_accuracy,5,0,0.6571428571428571,0.04242507066953682,0.6785714285714286,0.5952380952380952,0.6904761904761905,0.6044651762671678,0.7098205380185465
mlp,ood/unseen_obstacles,rollout,10,contact_balanced_accuracy,5,0,0.7718555417185554,0.08079855250029754,0.8150684931506849,0.6332503113325031,0.821917808219178,0.6715308917731986,0.8721801916639123
mlp,ood/unseen_obstacles,rollout,10,contact_precision,5,0,0.2668790152381484,0.04057390051159665,0.2894736842105263,0.20588235294117646,0.2972972972972973,0.21649986561503254,0.31725816486126424
mlp,ood/unseen_obstacles,rollout,10,contact_recall,5,0,0.9272727272727272,0.16262312563634834,1.0,0.6363636363636364,1.0,0.7253494545454545,1.1291959999999999
mlp,ood/unseen_obstacles,rollout,10,displacement_m,5,0,0.7735177958678437,0.09560398519622877,0.7152882790550844,0.694147841454828,0.9134257997922509,0.6548097738626548,0.8922258178730327
mlp,ood/unseen_obstacles,rollout,10,fde_m,5,0,0.7735177958678437,0.09560398519622877,0.7152882790550844,0.694147841454828,0.9134257997922509,0.6548097738626548,0.8922258178730327
mlp,ood/unseen_obstacles,rollout,10,position_mse,5,0,0.49886618588654796,0.08405327672016116,0.45593850377034767,0.4186463023737416,0.6137176351489452,0.394500262206426,0.60323210956667
mlp,ood/unseen_obstacles,rollout,10,rotation_mae_rad,5,0,0.580853863855174,0.08380251269886105,0.5502781495646268,0.5177672117909635,0.7226173794156628,0.4767993048205477,0.6849084228898003
mlp,ood/unseen_obstacles,rollout,10,velocity_mse,5,0,6.107071790337118,0.4986092541570532,6.106616686512237,5.360727354109095,6.757762678037217,5.487966653736588,6.726176926937648
mlp,ood/unseen_obstacles,rollout,20,ade_m,5,0,0.8040744451619378,0.10951537269266656,0.7405894216254439,0.7192098630364298,0.9651019284033973,0.6680931547918336,0.940055735532042
mlp,ood/unseen_obstacles,rollout,20,contact_accuracy,5,0,0.4880952380952381,0.0601161008235838,0.5119047619047619,0.38095238095238093,0.5238095238095238,0.4134512428184215,0.5627392333720547
mlp,ood/unseen_obstacles,rollout,20,contact_balanced_accuracy,5,0,0.6935897435897436,0.04285772987294049,0.6666666666666666,0.6602564102564102,0.7435897435897436,0.6403748453780511,0.746804641801436
mlp,ood/unseen_obstacles,rollout,20,contact_precision,5,0,0.11675297103221438,0.011692113226774678,0.1111111111111111,0.10344827586206896,0.13043478260869565,0.10223529552567202,0.13127064653875675
mlp,ood/unseen_obstacles,rollout,20,contact_recall,5,0,0.9333333333333333,0.09128709291752767,1.0,0.8333333333333334,1.0,0.8199854408516394,1.0466812258150273
mlp,ood/unseen_obstacles,rollout,20,displacement_m,5,0,1.540255857667285,0.23181297436355672,1.4198050896023056,1.3377387800747544,1.8883850253399352,1.2524220439893705,1.8280896713451993
mlp,ood/unseen_obstacles,rollout,20,fde_m,5,0,1.540255857667285,0.23181297436355672,1.4198050896023056,1.3377387800747544,1.8883850253399352,1.2524220439893705,1.8280896713451993
mlp,ood/unseen_obstacles,rollout,20,position_mse,5,0,1.871093291644406,0.39047561110574314,1.6974346392714772,1.5476782439668633,2.419409906310419,1.3862538015280612,2.355932781760751
mlp,ood/unseen_obstacles,rollout,20,rotation_mae_rad,5,0,1.0422334563563262,0.13013127070624306,1.0156152196999992,0.939085849684026,1.260060273315158,0.8806541486020167,1.2038127641106358
mlp,ood/unseen_obstacles,rollout,20,velocity_mse,5,0,14.618813711974301,2.605474059773432,13.54465012248411,12.263300387496619,17.864497710170408,11.383690496276657,17.853936927671946
mlp,ood/unseen_obstacles,rollout,50,ade_m,5,0,1.8011560065954277,0.30963961078995744,1.6280720216565008,1.5202414462646217,2.267200763346952,1.416687664026981,2.1856243491638745
mlp,ood/unseen_obstacles,rollout,50,contact_accuracy,5,0,0.29523809523809524,0.07594827575112657,0.30952380952380953,0.19047619047619047,0.38095238095238093,0.2009358590853232,0.3895403313908673
mlp,ood/unseen_obstacles,rollout,50,contact_balanced_accuracy,5,0,0.5691139240506329,0.07657233955800852,0.5772151898734177,0.47594936708860763,0.6518987341772152,0.47403681036563317,0.6641910377356326
mlp,ood/unseen_obstacles,rollout,50,contact_precision,5,0,0.07047395484015202,0.01169073256383106,0.07272727272727272,0.056338028169014086,0.08333333333333333,0.055957993653015445,0.0849899160272886
mlp,ood/unseen_obstacles,rollout,50,contact_recall,5,0,0.88,0.1095445115010332,0.8,0.8,1.0,0.7439825290219673,1.0160174709780327
mlp,ood/unseen_obstacles,rollout,50,displacement_m,5,0,3.149337573281931,0.6426892478216469,2.8004606411650435,2.570553245056984,4.139733162257445,2.3513335024650184,3.9473416440988434
mlp,ood/unseen_obstacles,rollout,50,fde_m,5,0,3.149337573281931,0.6426892478216469,2.8004606411650435,2.570553245056984,4.139733162257445,2.3513335024650184,3.9473416440988434
mlp,ood/unseen_obstacles,rollout,50,position_mse,5,0,8.288629785130711,4.062989552748294,6.297790630846808,5.052512819273572,15.160796496530214,3.2437621235520746,13.333497446709348
mlp,ood/unseen_obstacles,rollout,50,rotation_mae_rad,5,0,1.437854150607488,0.07199123989870657,1.418795404193014,1.362795028768734,1.5314064327668064,1.3484652232261052,1.5272430779888708
mlp,ood/unseen_obstacles,rollout,50,velocity_mse,5,0,16.409630470824958,11.464501291242664,11.73045640796536,7.321602947129146,36.04908450592132,2.1745724994859668,30.644688442163947
mlp,ood/unseen_velocity,one_step,1,contact_accuracy,5,0,0.728042328042328,0.02548453125372364,0.7435897435897436,0.6894586894586895,0.7472527472527473,0.696399104272423,0.7596855518122331
mlp,ood/unseen_velocity,one_step,1,contact_balanced_accuracy,5,0,0.6854545454545454,0.02082450009266341,0.6785682916117699,0.6666556873078612,0.720959595959596,0.6595975143886014,0.7113115765204895
mlp,ood/unseen_velocity,one_step,1,contact_precision,5,0,0.16013553696133953,0.012006846819259665,0.15919629057187018,0.1475211608222491,0.17857142857142858,0.14522706809879016,0.1750440058238889
mlp,ood/unseen_velocity,one_step,1,contact_recall,5,0,0.6355555555555555,0.05130999950675032,0.6333333333333333,0.5722222222222222,0.6944444444444444,0.571845778834095,0.699265332277016
mlp,ood/unseen_velocity,one_step,1,displacement_m,5,0,0.10148350559030216,0.008733302562460524,0.10639763910018077,0.09143611066732851,0.10931082207516435,0.09063967862394018,0.11232733255666413
mlp,ood/unseen_velocity,one_step,1,position_mse,5,0,0.013288083445493076,0.0053897392494216675,0.013370113541724267,0.007230908725578477,0.020798480761109794,0.006595838513345458,0.019980328377640695
mlp,ood/unseen_velocity,one_step,1,rotation_mae_rad,5,0,0.052747851449416544,0.008525203707444392,0.04835728918663537,0.04555485142913321,0.0636057006529969,0.042162413329605325,0.06333328956922776
mlp,ood/unseen_velocity,one_step,1,velocity_mse,5,0,52.70596861546817,31.62931444246397,38.528352355278535,24.840363808802497,95.00953567182438,13.432989072423346,91.97894815851299
mlp,ood/unseen_velocity,rollout,1,ade_m,5,0,0.11447434175261591,0.009423076736497714,0.11434528012208402,0.10481603557313551,0.12888140762416755,0.10277404705991225,0.12617463644531957
mlp,ood/unseen_velocity,rollout,1,contact_accuracy,5,0,0.7873015873015873,0.00869400884928832,0.7936507936507936,0.7777777777777778,0.7936507936507936,0.7765065499223783,0.7980966246807962
mlp,ood/unseen_velocity,rollout,1,contact_balanced_accuracy,5,0,0.6766949152542373,0.049405762119940154,0.6567796610169492,0.6483050847457628,0.7648305084745763,0.6153495614504261,0.7380402690580485
mlp,ood/unseen_velocity,rollout,1,contact_precision,5,0,0.15837912087912087,0.01696025333576654,0.15384615384615385,0.14285714285714285,0.1875,0.13732018570959437,0.17943805604864738
mlp,ood/unseen_velocity,rollout,1,contact_recall,5,0,0.55,0.11180339887498948,0.5,0.5,0.75,0.41117775000000006,0.6888222500000001
mlp,ood/unseen_velocity,rollout,1,displacement_m,5,0,0.11447434175261591,0.009423076736497714,0.11434528012208402,0.10481603557313551,0.12888140762416755,0.10277404705991225,0.12617463644531957
mlp,ood/unseen_velocity,rollout,1,fde_m,5,0,0.11447434175261591,0.009423076736497714,0.11434528012208402,0.10481603557313551,0.12888140762416755,0.10277404705991225,0.12617463644531957
mlp,ood/unseen_velocity,rollout,1,position_mse,5,0,0.00855826304180007,0.001492831591428512,0.008149091143891838,0.007215609435904062,0.01110041348067783,0.006704667869573637,0.010411858214026503
mlp,ood/unseen_velocity,rollout,1,rotation_mae_rad,5,0,0.046556434913954496,0.012068014303575174,0.04322094281863074,0.03297969847747312,0.059662721053315854,0.03157201659114753,0.061540853236761464
mlp,ood/unseen_velocity,rollout,1,velocity_mse,5,0,0.7231695481935333,0.028350304727427784,0.7125585366722876,0.6936902175130475,0.7645296294856716,0.6879679968091453,0.7583710995779213
mlp,ood/unseen_velocity,rollout,5,ade_m,5,0,0.33951544431387837,0.027533827908931132,0.3482233993822883,0.3093672797230256,0.36821133494811337,0.3053276827619738,0.37370320586578293
mlp,ood/unseen_velocity,rollout,5,contact_accuracy,5,0,0.7333333333333333,0.03789630598829625,0.7301587301587301,0.6825396825396826,0.7777777777777778,0.6862788563056174,0.7803878103610492
mlp,ood/unseen_velocity,rollout,5,contact_balanced_accuracy,5,0,0.6204918032786885,0.01956940391198907,0.6188524590163935,0.5942622950819672,0.6434426229508197,0.5961931798955237,0.6447904266618533
mlp,ood/unseen_velocity,rollout,5,contact_precision,5,0,0.06049486461251167,0.008587336663418373,0.058823529411764705,0.05,0.07142857142857142,0.049832278241088684,0.07115745098393465
mlp,ood/unseen_velocity,rollout,5,contact_recall,5,0,0.5,0.0,0.5,0.5,0.5,0.5,0.5
mlp,ood/unseen_velocity,rollout,5,displacement_m,5,0,0.5568838642845639,0.051472432600043444,0.5847938017519163,0.4970236051667776,0.6036944341360401,0.4929724002466863,0.6207953283224416
mlp,ood/unseen_velocity,rollout,5,fde_m,5,0,0.5568838642845639,0.051472432600043444,0.5847938017519163,0.4970236051667776,0.6036944341360401,0.4929724002466863,0.6207953283224416
mlp,ood/unseen_velocity,rollout,5,position_mse,5,0,0.19750500184817874,0.033191840510307644,0.21096248650273697,0.1612771229781568,0.22670971304233042,0.15629189001394794,0.23871811368240953
mlp,ood/unseen_velocity,rollout,5,rotation_mae_rad,5,0,0.30662616003773074,0.0799433361839846,0.2953070094909927,0.21929029622501056,0.39737270843449185,0.20736340136278167,0.40588891871267985
mlp,ood/unseen_velocity,rollout,5,velocity_mse,5,0,7.612152453767305,0.3306827975775056,7.568213572679092,7.288776247906997,8.142337141761411,7.201555544747277,8.022749362787332
mlp,ood/unseen_velocity,rollout,10,ade_m,5,0,0.6178336603445351,0.064710270684623,0.6271905078689813,0.5471220352411122,0.6845610460860679,0.5374852499657702,0.6981820707233001
mlp,ood/unseen_velocity,rollout,10,contact_accuracy,5,0,0.6603174603174603,0.0578875635835253,0.6666666666666666,0.5714285714285714,0.7301587301587301,0.5884405593954373,0.7321943612394833
mlp,ood/unseen_velocity,rollout,10,contact_balanced_accuracy,5,0,0.4377049180327869,0.14899668934995855,0.3524590163934426,0.29508196721311475,0.6188524590163935,0.25270110002507407,0.6227087360404997
mlp,ood/unseen_velocity,rollout,10,contact_precision,5,0,0.02085561497326203,0.02894624300047991,0.0,0.0,0.058823529411764705,-0.01508589148189,0.05679712142841406
mlp,ood/unseen_velocity,rollout,10,contact_recall,5,0,0.2,0.27386127875258304,0.0,0.0,0.5,-0.140043677445082,0.5400436774450821
mlp,ood/unseen_velocity,rollout,10,displacement_m,5,0,1.1423094627476233,0.1550889485070233,1.0950990635037385,0.9817325436326111,1.3361616682679305,0.9497411061634717,1.334877819331775
mlp,ood/unseen_velocity,rollout,10,fde_m,5,0,1.1423094627476233,0.1550889485070233,1.0950990635037385,0.9817325436326111,1.3361616682679305,0.9497411061634717,1.334877819331775
mlp,ood/unseen_velocity,rollout,10,position_mse,5,0,0.8428770925352409,0.21299123932157765,0.7836379755385047,0.616099036575818,1.0888092231564377,0.5784135487571971,1.1073406363132847
mlp,ood/unseen_velocity,rollout,10,rotation_mae_rad,5,0,0.7255604549659274,0.1329216443906976,0.715647340719153,0.582326655265444,0.8923763376556313,0.5605164407973711,0.8906044691344837
mlp,ood/unseen_velocity,rollout,10,velocity_mse,5,0,15.495995583074722,1.4416566704585936,14.804417043971434,14.250556393908274,17.8753539816785,13.705942465419989,17.286048700729452
mlp,ood/unseen_velocity,rollout,20,ade_m,5,0,1.2074457029469923,0.18515032185515876,1.1372506390226327,1.0315482828622151,1.4426964510858686,0.9775512227541626,1.437340183139822
mlp,ood/unseen_velocity,rollout,20,contact_accuracy,5,0,0.6158730158730158,0.048145240914613016,0.6031746031746031,0.5714285714285714,0.6666666666666666,0.5560928058095294,0.6756532259365022
mlp,ood/unseen_velocity,rollout,20,contact_balanced_accuracy,5,0,0.7131578947368421,0.05905600369811379,0.7412280701754386,0.6140350877192982,0.763157894736842,0.6398301838454478,0.7864856056282364
mlp,ood/unseen_velocity,rollout,20,contact_precision,5,0,0.17843260188087776,0.02558500779545006,0.18181818181818182,0.13793103448275862,0.2,0.14666462001117406,0.21020058375058145
mlp,ood/unseen_velocity,rollout,20,contact_recall,5,0,0.8333333333333334,0.11785113019775793,0.8333333333333334,0.6666666666666666,1.0,0.6870018333635635,0.9796648333031033
mlp,ood/unseen_velocity,rollout,20,displacement_m,5,0,2.368536304224292,0.4555299163783267,2.1078510853218884,1.9635615692898445,2.9701921050534295,1.8029212283833602,2.934151380065224
mlp,ood/unseen_velocity,rollout,20,fde_m,5,0,2.368536304224292,0.4555299163783267,2.1078510853218884,1.9635615692898445,2.9701921050534295,1.8029212283833602,2.934151380065224
mlp,ood/unseen_velocity,rollout,20,position_mse,5,0,3.961473638117239,1.5163813384570684,3.021553624541466,2.6813046535165896,6.129123769745081,2.07863759394656,5.844309682287918
mlp,ood/unseen_velocity,rollout,20,rotation_mae_rad,5,0,1.2402755015917173,0.1132052267192241,1.2472761155451486,1.1149869221382318,1.4156272529016745,1.0997126524918017,1.3808383506916329
mlp,ood/unseen_velocity,rollout,20,velocity_mse,5,0,23.596458658567244,10.972108792646527,20.243953068215085,15.053420561143184,41.747712628636435,9.972786702555634,37.22013061457885
mlp,ood/unseen_velocity,rollout,50,ade_m,5,0,3.1049657706320857,0.8838464722044141,2.5760683506882702,2.4288377311394904,4.38557443460599,2.007525467737799,4.202406073526372
mlp,ood/unseen_velocity,rollout,50,contact_accuracy,5,0,0.5523809523809524,0.09214555729333329,0.5555555555555556,0.4126984126984127,0.6666666666666666,0.43796713563046735,0.6667947691314375
mlp,ood/unseen_velocity,rollout,50,contact_balanced_accuracy,5,0,0.3790322580645161,0.22137060050501298,0.29838709677419356,0.20967741935483872,0.7661290322580645,0.10416436357126896,0.6539001525577632
mlp,ood/unseen_velocity,rollout,50,contact_precision,5,0,0.006666666666666666,0.014907119849998597,0.0,0.0,0.03333333333333333,-0.011842966666666664,0.0251763
mlp,ood/unseen_velocity,rollout,50,contact_recall,5,0,0.2,0.4472135954999579,0.0,0.0,1.0,-0.3552889999999999,0.7552889999999999
mlp,ood/unseen_velocity,rollout,50,displacement_m,5,0,6.243740031162236,2.5035174324460088,4.731238146271026,4.302994100947494,10.021556178094412,3.1352126841986925,9.35226737812578
mlp,ood/unseen_velocity,rollout,50,fde_m,5,0,6.243740031162236,2.5035174324460088,4.731238146271026,4.302994100947494,10.021556178094412,3.1352126841986925,9.35226737812578
mlp,ood/unseen_velocity,rollout,50,position_mse,5,0,47.163161571091266,47.76710069198903,17.707505928705032,15.095600112314964,125.9781137382994,-12.147525409480167,106.4738485516627
mlp,ood/unseen_velocity,rollout,50,rotation_mae_rad,5,0,1.5430528504326402,0.05784637725100348,1.53088997992837,1.4717695413007958,1.614593477436346,1.47122708909499,1.6148786117702905
mlp,ood/unseen_velocity,rollout,50,velocity_mse,5,0,143.9308172349621,238.509437292357,39.333470570975805,25.017071984789983,570.0244634784405,-152.21775306190864,440.0793875318328
mlp,test,one_step,1,contact_accuracy,5,0,0.703030303030303,0.05115246099415369,0.7189199689199689,0.6206293706293706,0.7554390054390054,0.6395161362008528,0.7665444698597532
mlp,test,one_step,1,contact_balanced_accuracy,5,0,0.6970059355630024,0.010508233987995661,0.6963061523972227,0.686822393061305,0.7106905841382483,0.6839582402297761,0.7100536308962286
mlp,test,one_step,1,contact_precision,5,0,0.14412532878454534,0.01291254220247325,0.1491749174917492,0.12236286919831224,0.15603900975243812,0.12809229061392952,0.16015836695516117
mlp,test,one_step,1,contact_recall,5,0,0.6900584795321637,0.06038560359082863,0.6871345029239766,0.6081871345029239,0.7631578947368421,0.6150798523845219,0.7650371066798055
mlp,test,one_step,1,displacement_m,5,0,0.06360742181045037,0.007105224421922143,0.06099809093316958,0.05597697519043091,0.07458779886475748,0.054785120780863054,0.07242972284003768
mlp,test,one_step,1,position_mse,5,0,0.003051676583634856,0.0007076574876896101,0.002810839549644147,0.002330886234179763,0.004181419843651217,0.0021730037914037153,0.003930349375865997
mlp,test,one_step,1,rotation_mae_rad,5,0,0.036699892904290224,0.006154883772238695,0.034540491099306896,0.029351201514728746,0.04422310644476855,0.029057595600734804,0.04434219020784564
mlp,test,one_step,1,velocity_mse,5,0,0.8535902181463059,0.04794515107588699,0.8772061095354554,0.7987496401041876,0.9063057158039758,0.7940584524225585,0.9131219838700533
mlp,test,rollout,1,ade_m,5,0,0.06851966569136862,0.006898158320263434,0.06717393548661908,0.062034781938998154,0.08025008384405088,0.05995447117571772,0.07708486020701953
mlp,test,rollout,1,contact_accuracy,5,0,0.7924242424242424,0.030585801876039927,0.7954545454545454,0.7424242424242424,0.8257575757575758,0.7544469548175066,0.8304015300309782
mlp,test,rollout,1,contact_balanced_accuracy,5,0,0.771875,0.015770804092333085,0.7734375,0.74609375,0.7890625,0.7522929610777768,0.7914570389222232
mlp,test,rollout,1,contact_precision,5,0,0.10347454844006568,0.013155008214279873,0.10344827586206896,0.08333333333333333,0.12,0.08714044896320855,0.1198086479169228
mlp,test,rollout,1,contact_recall,5,0,0.75,0.0,0.75,0.75,0.75,0.75,0.75
mlp,test,rollout,1,displacement_m,5,0,0.06851966569136862,0.006898158320263434,0.06717393548661908,0.062034781938998154,0.08025008384405088,0.05995447117571772,0.07708486020701953
mlp,test,rollout,1,fde_m,5,0,0.06851966569136862,0.006898158320263434,0.06717393548661908,0.062034781938998154,0.08025008384405088,0.05995447117571772,0.07708486020701953
mlp,test,rollout,1,position_mse,5,0,0.003132033812594404,0.0006682714938037783,0.0028672017479221394,0.002559344239155778,0.004272781452336274,0.0023022651891518257,0.003961802436036982
mlp,test,rollout,1,rotation_mae_rad,5,0,0.036968197401714434,0.00624834658358008,0.03524617851702561,0.030284613008797198,0.04581657992418366,0.029209850694542547,0.044726544108886324
mlp,test,rollout,1,velocity_mse,5,0,0.36728859356815813,0.011445948546837776,0.3727834586229314,0.3543484700535639,0.3792047888318065,0.3530765718707417,0.38150061526557455
mlp,test,rollout,5,ade_m,5,0,0.20566753824650325,0.02362817426527516,0.19862340151445299,0.18778758150263103,0.24675028582572694,0.17632928602963474,0.23500579046337175
mlp,test,rollout,5,contact_accuracy,5,0,0.7712121212121212,0.03362475912298807,0.7727272727272727,0.7196969696969697,0.8106060606060606,0.7294614699427399,0.8129627724815026
mlp,test,rollout,5,contact_balanced_accuracy,5,0,0.8792,0.017753872816937733,0.88,0.852,0.9,0.8571556561297666,0.9012443438702333
mlp,test,rollout,5,contact_precision,5,0,0.19024812491917756,0.02188493768931018,0.1891891891891892,0.1590909090909091,0.21875,0.16307438671702468,0.21742186312133044
mlp,test,rollout,5,contact_recall,5,0,1.0,0.0,1.0,1.0,1.0,1.0,1.0
mlp,test,rollout,5,displacement_m,5,0,0.3475072478514191,0.04373919151259341,0.33385987304529324,0.3159799467189185,0.4227814415698695,0.29319787049744117,0.40181662520539707
mlp,test,rollout,5,fde_m,5,0,0.3475072478514191,0.04373919151259341,0.33385987304529324,0.3159799467189185,0.4227814415698695,0.29319787049744117,0.40181662520539707
mlp,test,rollout,5,position_mse,5,0,0.08486172264743644,0.01812230639809712,0.07890668151036079,0.07376484620067109,0.11687409583933094,0.06235990808108143,0.10736353721379144
mlp,test,rollout,5,rotation_mae_rad,5,0,0.2450605469255308,0.04454614076768402,0.22907972258382925,0.1984309182523399,0.31013873665536623,0.18974920977109314,0.3003718840799685
mlp,test,rollout,5,velocity_mse,5,0,3.256101111632684,0.13650711756013675,3.2615818874403226,3.112983704645328,3.440170227426391,3.0866051446817915,3.4255970785835768
mlp,test,rollout,10,ade_m,5,0,0.39302815011034237,0.04862557988040439,0.38105553767099526,0.35390310566299166,0.47480676255705634,0.3326515204686963,0.45340477975198845
mlp,test,rollout,10,contact_accuracy,5,0,0.6212121212121212,0.022727272727272707,0.6287878787878788,0.5833333333333334,0.6439393939393939,0.592992485958533,0.6494317564657094
mlp,test,rollout,10,contact_balanced_accuracy,5,0,0.5294354838709677,0.050274027962926036,0.5443548387096775,0.4475806451612903,0.5685483870967742,0.46701203566989924,0.5918589320720362
mlp,test,rollout,10,contact_precision,5,0,0.06922750127719071,0.015728995813820992,0.07272727272727272,0.043478260869565216,0.08163265306122448,0.04969737418725598,0.08875762836712545
mlp,test,rollout,10,contact_recall,5,0,0.425,0.11180339887498948,0.5,0.25,0.5,0.28617775,0.56382225
mlp,test,rollout,10,displacement_m,5,0,0.7457869911576561,0.09467178232057231,0.7190100434089959,0.6690748472535675,0.9007904737645668,0.6282364518583355,0.8633375304569767
mlp,test,rollout,10,fde_m,5,0,0.7457869911576561,0.09467178232057231,0.7190100434089959,0.6690748472535675,0.9007904737645668,0.6282364518583355,0.8633375304569767
mlp,test,rollout,10,position_mse,5,0,0.39504639182145695,0.08317427876379423,0.36978680607179476,0.33457953006103536,0.5365383997847033,0.2917718882168972,0.4983208954260167
mlp,test,rollout,10,rotation_mae_rad,5,0,0.5283284842132219,0.08296498307356116,0.510335354914505,0.4347074873441141,0.6561749688995572,0.42531385552235723,0.6313431129040865
mlp,test,rollout,10,velocity_mse,5,0,6.1806731108941655,0.5685781335106024,6.178317841928085,5.411177335187682,6.992435483076307,5.474690139097418,6.886656082690913
mlp,test,rollout,20,ade_m,5,0,0.7904696799978724,0.1035706291444283,0.7535548637246611,0.7004816604961589,0.956706108054616,0.6618697633904941,0.9190695966052508
mlp,test,rollout,20,contact_accuracy,5,0,0.49242424242424243,0.05541188953912043,0.5075757575757576,0.4015151515151515,0.5454545454545454,0.4236212967179741,0.5612271881305108
mlp,test,rollout,20,contact_balanced_accuracy,5,0,0.56875,0.06161482547853236,0.5703125,0.4921875,0.6328125,0.4922450923464222,0.6452549076535777
mlp,test,rollout,20,contact_precision,5,0,0.03814242012661679,0.007224306968746536,0.037037037037037035,0.029411764705882353,0.046153846153846156,0.029172258591425554,0.047112581661808026
mlp,test,rollout,20,contact_recall,5,0,0.65,0.13693063937629152,0.75,0.5,0.75,0.479978161277459,0.8200218387225411
mlp,test,rollout,20,displacement_m,5,0,1.5291040966698224,0.20894668001754685,1.4588446455666295,1.3309543973628413,1.8514857804792986,1.2696625363779137,1.788545656961731
mlp,test,rollout,20,fde_m,5,0,1.5291040966698224,0.20894668001754685,1.4588446455666295,1.3309543973628413,1.8514857804792986,1.2696625363779137,1.788545656961731
mlp,test,rollout,20,position_mse,5,0,1.6740110588469745,0.3878671719270286,1.5347005542358059,1.3164008018455668,2.2778331048391904,1.1924103736276273,2.155611744066322
mlp,test,rollout,20,rotation_mae_rad,5,0,0.9924561036620432,0.14302427667410217,1.0225942829428527,0.8089581197780678,1.1911308936809617,0.8148680151753795,1.1700441921487068
mlp,test,rollout,20,velocity_mse,5,0,9.236016810736192,1.684410559499029,8.82538995241333,7.501103629695601,11.6205494781711,7.144544940056571,11.327488681415813
mlp,test,rollout,50,ade_m,5,0,1.791524967899427,0.2196965909812781,1.7291051724996045,1.5894739158093467,2.1331206098763302,1.5187356306856965,2.0643143051131574
mlp,test,rollout,50,contact_accuracy,5,0,0.34848484848484845,0.05989162235167385,0.32575757575757575,0.3106060606060606,0.45454545454545453,0.27411958003441345,0.42285011693528346
mlp,test,rollout,50,contact_balanced_accuracy,5,0,0.5479838709677419,0.057369411271476344,0.5826612903225806,0.46169354838709675,0.592741935483871,0.4767503410927992,0.6192174008426847
mlp,test,rollout,50,contact_precision,5,0,0.06892107697551,0.009994713246944177,0.07368421052631578,0.05434782608695652,0.07894736842105263,0.05651100183461929,0.08133115211640073
mlp,test,rollout,50,contact_recall,5,0,0.775,0.10458250331675945,0.75,0.625,0.875,0.6451436757097303,0.9048563242902697
mlp,test,rollout,50,displacement_m,5,0,3.175484677153308,0.37885865254883355,3.0423180839967685,2.851565540363259,3.779227403586761,2.705069545699173,3.6458998086074432
mlp,test,rollout,50,fde_m,5,0,3.175484677153308,0.37885865254883355,3.0423180839967685,2.851565540363259,3.779227403586761,2.705069545699173,3.6458998086074432
mlp,test,rollout,50,position_mse,5,0,7.5884536331679655,1.9285818148949319,6.775587629546911,6.0159647802421246,10.677637580738105,5.193803116754288,9.983104149581642
mlp,test,rollout,50,rotation_mae_rad,5,0,1.500230408269861,0.09132836824317182,1.5479294756818456,1.3930101780750934,1.5844081508157837,1.3868312657042423,1.6136295508354797
mlp,test,rollout,50,velocity_mse,5,0,17.148761142363952,7.283923119433653,13.889713181781987,11.478941407355057,29.154378255397972,8.104576381957727,26.192945902770177
mlp,validation,one_step,1,contact_accuracy,5,0,0.7191378669639539,0.051824911481446176,0.73950204384987,0.6321070234113713,0.7621701969528056,0.654788742605494,0.7834869913224137
mlp,validation,one_step,1,contact_balanced_accuracy,5,0,0.6920330632252901,0.011542353990979332,0.6855414040616246,0.6817164365746299,0.7082864395758304,0.6777013383631878,0.7063647880873924
mlp,validation,one_step,1,contact_precision,5,0,0.15766367594226202,0.017221199832077295,0.16330785267546907,0.13123844731977818,0.1748911465892598,0.1362807329150855,0.17904661896943855
mlp,validation,one_step,1,contact_recall,5,0,0.6604166666666667,0.04977297635612346,0.6510416666666666,0.6119791666666666,0.7395833333333334,0.5986153561834346,0.7222179771498987
mlp,validation,one_step,1,displacement_m,5,0,0.05758912308145112,0.007038216632193714,0.054885549745525876,0.050126942796368854,0.06734698353786348,0.04885002320881636,0.06632822295408589
mlp,validation,one_step,1,position_mse,5,0,0.0025340325683061615,0.0006294319233010509,0.0022813491649397734,0.001835725921034155,0.003468104973653074,0.0017524896394352746,0.0033155754971770485
mlp,validation,one_step,1,rotation_mae_rad,5,0,0.034670071403260574,0.006150570882620972,0.03275610172953587,0.02832852632047371,0.0424139773230257,0.027033129259268804,0.042307013547252345
mlp,validation,one_step,1,velocity_mse,5,0,0.7570925975278661,0.038511109525581885,0.767411262906965,0.7150010959138472,0.7939773778101763,0.7092747411108582,0.8049104539448739
mlp,validation,rollout,1,ade_m,5,0,0.06784147097914696,0.007165284724578817,0.06682425330844846,0.059049126847708994,0.07535397746087119,0.05894459523685522,0.0767383467214387
mlp,validation,rollout,1,contact_accuracy,5,0,0.7840579710144928,0.02425101526185728,0.782608695652174,0.7463768115942029,0.8115942028985508,0.753946359584865,0.8141695824441206
mlp,validation,rollout,1,contact_balanced_accuracy,5,0,0.6976923076923077,0.06925280098152695,0.7086538461538461,0.6067307692307693,0.775,0.6117036011968346,0.7836810141877808
mlp,validation,rollout,1,contact_precision,5,0,0.15118589743589744,0.024268556887172554,0.15384615384615385,0.125,0.1875,0.12105250520247098,0.18131928966932392
mlp,validation,rollout,1,contact_recall,5,0,0.6,0.16298006013006622,0.625,0.375,0.75,0.397633534578953,0.802366465421047
mlp,validation,rollout,1,displacement_m,5,0,0.06784147097914696,0.007165284724578817,0.06682425330844846,0.059049126847708994,0.07535397746087119,0.05894459523685522,0.0767383467214387
mlp,validation,rollout,1,fde_m,5,0,0.06784147097914696,0.007165284724578817,0.06682425330844846,0.059049126847708994,0.07535397746087119,0.05894459523685522,0.0767383467214387
mlp,validation,rollout,1,position_mse,5,0,0.0033599745251869295,0.000654361719774191,0.003662840112404036,0.002545598163788041,0.004016900240273973,0.0025474771667256414,0.004172471883648218
mlp,validation,rollout,1,rotation_mae_rad,5,0,0.03773013867078981,0.008966010202980695,0.03290197498234426,0.030154963478555997,0.049704539870600375,0.026597367016034927,0.04886291032554469
mlp,validation,rollout,1,velocity_mse,5,0,1.1275787937428843,0.16460303828834838,1.1636678328601786,0.939775729847262,1.338701741645811,0.9231971348491818,1.331960452636587
mlp,validation,rollout,5,ade_m,5,0,0.20515709495418794,0.02157333834250581,0.19360245241234836,0.18309716677085836,0.2322952676065654,0.17837025842816637,0.2319439314802095
mlp,validation,rollout,5,contact_accuracy,5,0,0.7478260869565218,0.040476058097880976,0.7681159420289855,0.6811594202898551,0.782608695652174,0.6975684247314109,0.7980837491816326
mlp,validation,rollout,5,contact_balanced_accuracy,5,0,0.7384395132426629,0.021990929202785763,0.7494631352899069,0.7022190408017179,0.7573371510379385,0.7111341691990987,0.7657448572862271
mlp,validation,rollout,5,contact_precision,5,0,0.20387822366916444,0.0256918657720506,0.21621621621621623,0.16326530612244897,0.22857142857142856,0.1719775601020222,0.2357788872363067
mlp,validation,rollout,5,contact_recall,5,0,0.7272727272727273,0.0,0.7272727272727273,0.7272727272727273,0.7272727272727273,0.7272727272727273,0.7272727272727273
mlp,validation,rollout,5,displacement_m,5,0,0.3437141754610822,0.03742651411070901,0.32302583637279014,0.3088128812493583,0.39243307352274626,0.29724302207231307,0.3901853288498513
mlp,validation,rollout,5,fde_m,5,0,0.3437141754610822,0.03742651411070901,0.32302583637279014,0.3088128812493583,0.39243307352274626,0.29724302207231307,0.3901853288498513
mlp,validation,rollout,5,position_mse,5,0,0.08870239350269712,0.015048611786431465,0.0830152967549213,0.0742145469954983,0.10829444316306941,0.07001707473251559,0.10738771227287866
mlp,validation,rollout,5,rotation_mae_rad,5,0,0.23669249404693274,0.04798227193417069,0.2176870163237826,0.19565247292974083,0.3082904890408574,0.17711463669161848,0.296270351402247
mlp,validation,rollout,5,velocity_mse,5,0,3.4302198813684868,0.12629534127992761,3.438342741378825,3.254611058697308,3.586032038210295,3.273403508902019,3.5870362538349547
mlp,validation,rollout,10,ade_m,5,0,0.3790396421122043,0.04392786762490919,0.35383859375335774,0.3369562949496705,0.4370650474276281,0.3244959924311192,0.4335832917932894
mlp,validation,rollout,10,contact_accuracy,5,0,0.6768115942028986,0.03716197508683506,0.6811594202898551,0.6159420289855072,0.7101449275362319,0.6306689093837483,0.7229542790220489
mlp,validation,rollout,10,contact_balanced_accuracy,5,0,0.6934331797235023,0.04765360503420328,0.695852534562212,0.6445852534562212,0.755184331797235,0.6342634162098164,0.7526029432371881
mlp,validation,rollout,10,contact_precision,5,0,0.1970361421524212,0.012872081991029733,0.19047619047619047,0.18604651162790697,0.21818181818181817,0.18105334196781103,0.2130189423370314
mlp,validation,rollout,10,contact_recall,5,0,0.7142857142857143,0.14285714285714285,0.7142857142857143,0.5714285714285714,0.8571428571428571,0.5369051498345885,0.8916662787368401
mlp,validation,rollout,10,displacement_m,5,0,0.6934832257013293,0.08965245004403766,0.6389935638994099,0.6133515028973557,0.8182610045035157,0.582165010348665,0.8048014410539935
mlp,validation,rollout,10,fde_m,5,0,0.6934832257013293,0.08965245004403766,0.6389935638994099,0.6133515028973557,0.8182610045035157,0.582165010348665,0.8048014410539935
mlp,validation,rollout,10,position_mse,5,0,0.34297437428730043,0.0776773861464725,0.3037215025901984,0.2733632686458346,0.4537062362424486,0.24652516408905495,0.4394235844855459
mlp,validation,rollout,10,rotation_mae_rad,5,0,0.5525536711304126,0.0964472022784416,0.516050396675167,0.4628844884304064,0.6986548199467361,0.43279865687123953,0.6723086853895858
mlp,validation,rollout,10,velocity_mse,5,0,5.37774603836076,0.48813755919739144,5.496843553244223,4.812726077396706,6.047933226205899,4.771643227899164,5.9838488488223565
mlp,validation,rollout,20,ade_m,5,0,0.706522128122697,0.10502408289618351,0.6564733824831447,0.6110194361939932,0.8617748905448249,0.576117510387089,0.836926745858305
mlp,validation,rollout,20,contact_accuracy,5,0,0.5333333333333333,0.03344342249047629,0.5434782608695652,0.4782608695652174,0.5652173913043478,0.4918078412235662,0.5748588254431004
mlp,validation,rollout,20,contact_balanced_accuracy,5,0,0.5861111111111111,0.0784997468433635,0.6388888888888888,0.48611111111111116,0.6488095238095238,0.48864080528068704,0.6835814169415352
mlp,validation,rollout,20,contact_precision,5,0,0.11359829659251067,0.02476798085102689,0.125,0.08196721311475409,0.13636363636363635,0.08284478762682189,0.14435180555819943
mlp,validation,rollout,20,contact_recall,5,0,0.65,0.18066236157232332,0.75,0.4166666666666667,0.8333333333333334,0.4256780583045954,0.8743219416954047
mlp,validation,rollout,20,displacement_m,5,0,1.3055541768584313,0.2388236937945296,1.2101025588161995,1.0999140716765274,1.675772645809596,1.0090154055913958,1.6020929481254669
mlp,validation,rollout,20,fde_m,5,0,1.3055541768584313,0.2388236937945296,1.2101025588161995,1.0999140716765274,1.675772645809596,1.0090154055913958,1.6020929481254669
mlp,validation,rollout,20,position_mse,5,0,1.2014669488750016,0.42668101720193474,1.0102080479498936,0.8650672011112877,1.9002959486864666,0.6716725111719837,1.7312613865780195
mlp,validation,rollout,20,rotation_mae_rad,5,0,1.0011030008233663,0.12759505985851569,0.9723158166269353,0.8876417760927274,1.2146884992832354,0.8426728146512155,1.1595331869955172
mlp,validation,rollout,20,velocity_mse,5,0,7.998958675570103,1.4977549838396267,7.668762818147722,6.364424609091718,9.979471531020678,6.1392503044693845,9.85866704667082
mlp,validation,rollout,50,ade_m,5,0,1.5688152732785539,0.2765728864077282,1.451261159827794,1.3525927688984223,2.0320516035769374,1.2254046903583944,1.9122258561987133
mlp,validation,rollout,50,contact_accuracy,5,0,0.39420289855072466,0.06770613696694536,0.391304347826087,0.30434782608695654,0.463768115942029,0.3101346290067106,0.4782711680947387
mlp,validation,rollout,50,contact_balanced_accuracy,5,0,0.5047959914101646,0.08379776172772173,0.5447387258410881,0.41410164638511093,0.5841088045812455,0.400747331485135,0.6088446513351942
mlp,validation,rollout,50,contact_precision,5,0,0.08046293777857934,0.02040060763214829,0.0898876404494382,0.05555555555555555,0.10126582278481013,0.055132238700024476,0.1057936368571342
mlp,validation,rollout,50,contact_recall,5,0,0.6363636363636364,0.18181818181818185,0.7272727272727273,0.36363636363636365,0.8181818181818182,0.41060655433493076,0.862120718392342
mlp,validation,rollout,50,displacement_m,5,0,2.7576905484780196,0.5429409579871384,2.6264118763892284,2.290534246593743,3.684491960074073,2.0835403333382647,3.4318407636177746
mlp,validation,rollout,50,fde_m,5,0,2.7576905484780196,0.5429409579871384,2.6264118763892284,2.290534246593743,3.684491960074073,2.0835403333382647,3.4318407636177746
mlp,validation,rollout,50,position_mse,5,0,6.792593923255471,3.782638677037474,5.644193458377539,4.227163360753383,13.438520268588244,2.0958278377225037,11.489360008788438
mlp,validation,rollout,50,rotation_mae_rad,5,0,1.5404181206575742,0.07692758324902359,1.5588006262020602,1.4194291244262933,1.6294045517031863,1.4448999136875649,1.6359363276275836
mlp,validation,rollout,50,velocity_mse,5,0,15.386813555486862,10.057341618781912,11.643235017715043,7.962929647176508,32.705753231642376,2.8989750229655176,27.874652088008204
mlp,ood/macro,rollout,1,fde_m,5,0,0.07948207844935946,0.004860514479655324,0.08044106202526251,0.07276883395795232,0.08610809167061168,0.07344695283589055,0.08551720406282838
mlp,ood/macro,rollout,5,fde_m,5,0,0.4201844769302506,0.028507360790255024,0.40994111290017976,0.3889037857039712,0.46308195957016884,0.3847879146943393,0.45558103916616194
mlp,ood/macro,rollout,10,fde_m,5,0,0.875191639109278,0.07851156968300753,0.850582651932154,0.8053694998195257,0.9844851257343005,0.7777066532850676,0.9726766249334884
mlp,ood/macro,rollout,50,fde_m,5,0,3.5833882046566514,0.8091079159142572,3.2087928587986823,2.9415167825068442,4.82419764713816,2.5787480728694367,4.588028336443866
mlp,ood/macro,rollout,20,fde_m,5,0,1.731514774924222,0.20961421387133006,1.6728435554319896,1.535273270838162,2.023031184586171,1.4712443619098932,1.9917851879385506
gru,ood/held_out_combination,one_step,1,contact_accuracy,5,0,0.6349206349206349,0.06992653134493863,0.6324786324786325,0.549043549043549,0.7045177045177046,0.548095381720113,0.7217458881211568
gru,ood/held_out_combination,one_step,1,contact_balanced_accuracy,5,0,0.6697822370449259,0.01759683228219632,0.6699265715646983,0.6504273983352484,0.688872228917351,0.6479328847455514,0.6916315893443004
gru,ood/held_out_combination,one_step,1,contact_precision,5,0,0.11661169209383859,0.0152495944671302,0.1087866108786611,0.10058675607711651,0.13350449293966624,0.09767682037422636,0.13554656381345084
gru,ood/held_out_combination,one_step,1,contact_recall,5,0,0.7096774193548387,0.056058539345105664,0.6709677419354839,0.6645161290322581,0.7741935483870968,0.6400715518954554,0.7792832868142221
gru,ood/held_out_combination,one_step,1,displacement_m,5,0,0.06321835600092711,0.005431824829993542,0.06409098875066517,0.05518472168553503,0.07033026676849777,0.056473854920519845,0.06996285708133437
gru,ood/held_out_combination,one_step,1,position_mse,5,0,0.003238055865679395,0.0005996130985544252,0.0030901679217676782,0.002419515535756939,0.003931392788829741,0.0024935378965622876,0.003982573834796502
gru,ood/held_out_combination,one_step,1,rotation_mae_rad,5,0,0.03694983913149989,0.005275014869540908,0.03652069717492249,0.03138023121826115,0.04536554541974807,0.030400043326169156,0.04349963493683063
gru,ood/held_out_combination,one_step,1,velocity_mse,5,0,0.8266784151990145,0.05249103149845297,0.8415475728117542,0.7521623650291059,0.8895428006661101,0.7615021936282926,0.8918546367697364
gru,ood/held_out_combination,rollout,1,ade_m,5,0,0.07961568456623773,0.012008650026856018,0.0784968980632197,0.06502009902867543,0.09289555323702904,0.0647049767258195,0.09452639240665596
gru,ood/held_out_combination,rollout,1,contact_accuracy,5,0,0.7936507936507936,0.04347004424644174,0.7936507936507936,0.746031746031746,0.8571428571428571,0.7396756067547489,0.8476259805468384
gru,ood/held_out_combination,rollout,1,contact_balanced_accuracy,5,0,0.7965517241379311,0.023608730926946802,0.7965517241379311,0.7706896551724138,0.8310344827586207,0.767237614013355,0.8258658342625071
gru,ood/held_out_combination,rollout,1,contact_precision,5,0,0.2565497076023392,0.048315384602798835,0.25,0.21052631578947367,0.3333333333333333,0.19655823625471536,0.31654117894996303
gru,ood/held_out_combination,rollout,1,contact_recall,5,0,0.8,0.0,0.8,0.8,0.8,0.8,0.8
gru,ood/held_out_combination,rollout,1,displacement_m,5,0,0.07961568456623773,0.012008650026856018,0.0784968980632197,0.06502009902867543,0.09289555323702904,0.0647049767258195,0.09452639240665596
gru,ood/held_out_combination,rollout,1,fde_m,5,0,0.07961568456623773,0.012008650026856018,0.0784968980632197,0.06502009902867543,0.09289555323702904,0.0647049767258195,0.09452639240665596
gru,ood/held_out_combination,rollout,1,position_mse,5,0,0.00464000915292292,0.0013430188634069062,0.004342815969228884,0.0031495214190706907,0.006239117595465848,0.002972431044505535,0.006307587261340304
gru,ood/held_out_combination,rollout,1,rotation_mae_rad,5,0,0.03886455190270837,0.003578957406803786,0.03832146347479058,0.0346104533566163,0.04287443248301222,0.034420689507950616,0.043308414297466125
gru,ood/held_out_combination,rollout,1,velocity_mse,5,0,0.38735912256333704,0.0852319282655938,0.3994469797577226,0.28207091040945503,0.5088791273484787,0.2815297097482748,0.4931885353783993
gru,ood/held_out_combination,rollout,5,ade_m,5,0,0.23770326158496025,0.022286182537925806,0.2325587759690484,0.21326009676247418,0.2675671554979269,0.21003131211869353,0.26537521105122697
gru,ood/held_out_combination,rollout,5,contact_accuracy,5,0,0.6571428571428571,0.07063046178186347,0.6666666666666666,0.5714285714285714,0.746031746031746,0.5694435588946829,0.7448421553910314
gru,ood/held_out_combination,rollout,5,contact_balanced_accuracy,5,0,0.6771186440677965,0.0619789397189655,0.6716101694915254,0.5889830508474576,0.7478813559322034,0.6001616288877697,0.7540756592478234
gru,ood/held_out_combination,rollout,5,contact_precision,5,0,0.12386425834701696,0.029965347234605783,0.1111111111111111,0.09523809523809523,0.16666666666666666,0.08665736690187847,0.16107114979215545
gru,ood/held_out_combination,rollout,5,contact_recall,5,0,0.7,0.11180339887498948,0.75,0.5,0.75,0.5611777499999999,0.83882225
gru,ood/held_out_combination,rollout,5,displacement_m,5,0,0.397278898171753,0.03177280117406859,0.3936386450373343,0.3627172302677314,0.44204213289299793,0.35782775632660524,0.43673004001690074
gru,ood/held_out_combination,rollout,5,fde_m,5,0,0.397278898171753,0.03177280117406859,0.3936386450373343,0.3627172302677314,0.44204213289299793,0.35782775632660524,0.43673004001690074
gru,ood/held_out_combination,rollout,5,position_mse,5,0,0.11591145146770707,0.01802475239276705,0.10652147283204914,0.09776656566951918,0.13723609054697503,0.09353076619306147,0.13829213674235266
gru,ood/held_out_combination,rollout,5,rotation_mae_rad,5,0,0.23155457792017606,0.0199977329719877,0.2221018696377177,0.21247059958480238,0.2560071415401746,0.2067241137839776,0.2563850420563745
gru,ood/held_out_combination,rollout,5,velocity_mse,5,0,4.477375320048175,0.5564803317715642,4.277427494228055,3.9985925149599617,5.413307572938386,3.786413752559046,5.168336887537303
gru,ood/held_out_combination,rollout,10,ade_m,5,0,0.43656949921364996,0.021587183135291756,0.43123686545376266,0.414149624469272,0.45976502794041385,0.40976547210751485,0.46337352631978507
gru,ood/held_out_combination,rollout,10,contact_accuracy,5,0,0.6634920634920635,0.061884408538469625,0.6666666666666666,0.5714285714285714,0.746031746031746,0.5866524242711187,0.7403317027130082
gru,ood/held_out_combination,rollout,10,contact_balanced_accuracy,5,0,0.7482142857142857,0.034809979802889156,0.75,0.6964285714285714,0.7946428571428571,0.7049919886525043,0.7914365827760671
gru,ood/held_out_combination,rollout,10,contact_precision,5,0,0.2331043956043956,0.03487090628388908,0.23076923076923078,0.1875,0.2857142857142857,0.18980644832748572,0.2764023428813055
gru,ood/held_out_combination,rollout,10,contact_recall,5,0,0.8571428571428571,0.0,0.8571428571428571,0.8571428571428571,0.8571428571428571,0.8571428571428571,0.8571428571428571
gru,ood/held_out_combination,rollout,10,displacement_m,5,0,0.8002598530197866,0.026528474576973715,0.7992563526692223,0.7668371830467408,0.8366771265983344,0.7673204024583501,0.8331993035812232
gru,ood/held_out_combination,rollout,10,fde_m,5,0,0.8002598530197866,0.026528474576973715,0.7992563526692223,0.7668371830467408,0.8366771265983344,0.7673204024583501,0.8331993035812232
gru,ood/held_out_combination,rollout,10,position_mse,5,0,0.481961015509637,0.05044475864633321,0.45458772659965024,0.4498122977134358,0.5686202969951757,0.41932557717362523,0.5445964538456487
gru,ood/held_out_combination,rollout,10,rotation_mae_rad,5,0,0.4973092074928036,0.045864712002355944,0.4905848580416477,0.43887827692396686,0.5487866938852413,0.44036064796924007,0.5542577670163672
gru,ood/held_out_combination,rollout,10,velocity_mse,5,0,7.045546516265034,1.0650309614441353,6.5079543652134655,6.216784824144152,8.782562356749985,5.723135964572833,8.367957067957235
gru,ood/held_out_combination,rollout,20,ade_m,5,0,0.8217967551558024,0.03546393704559701,0.8334327173751375,0.7770559151200521,0.8590990546286039,0.7777624629601521,0.8658310473514528
gru,ood/held_out_combination,rollout,20,contact_accuracy,5,0,0.5492063492063491,0.0545256001184688,0.5714285714285714,0.47619047619047616,0.6031746031746031,0.48150387712399656,0.6169088212887017
gru,ood/held_out_combination,rollout,20,contact_balanced_accuracy,5,0,0.6637931034482759,0.0436005814358682,0.6758620689655173,0.6017241379310345,0.7155172413793103,0.6096558332298349,0.717930373666717
gru,ood/held_out_combination,rollout,20,contact_precision,5,0,0.12717499787853156,0.010035025312667614,0.13157894736842105,0.11538461538461539,0.13793103448275862,0.11471486869883535,0.13963512705822778
gru,ood/held_out_combination,rollout,20,contact_recall,5,0,0.8,0.1414213562373095,0.8,0.6,1.0,0.6244022000362761,0.975597799963724
gru,ood/held_out_combination,rollout,20,displacement_m,5,0,1.5455319966108896,0.10730007544320957,1.5246355261886446,1.423918639771684,1.6893761056220178,1.4123013609765354,1.6787626322452438
gru,ood/held_out_combination,rollout,20,fde_m,5,0,1.5455319966108896,0.10730007544320957,1.5246355261886446,1.423918639771684,1.6893761056220178,1.4123013609765354,1.6787626322452438
gru,ood/held_out_combination,rollout,20,position_mse,5,0,1.8795103943380942,0.21159389217557675,1.915925747166981,1.5837499698594826,2.1377871204295813,1.616781886138493,2.1422389025376956
gru,ood/held_out_combination,rollout,20,rotation_mae_rad,5,0,0.9761518410489209,0.0792332342911459,1.0079236647258047,0.880125199907246,1.0586782380585738,0.8777707902959586,1.0745328918018833
gru,ood/held_out_combination,rollout,20,velocity_mse,5,0,10.67810774847869,2.0024089498080273,9.931214875404212,9.385175492725024,14.235715852737744,8.191788740026151,13.164426756931228
gru,ood/held_out_combination,rollout,50,ade_m,5,0,1.8268431293089313,0.15703607854857798,1.7743481769020173,1.6623742993685897,2.0671260458181107,1.6318570915439647,2.021829167073898
gru,ood/held_out_combination,rollout,50,contact_accuracy,5,0,0.3619047619047619,0.11357805599998932,0.31746031746031744,0.23809523809523808,0.5238095238095238,0.22087898412698412,0.5029305396825396
gru,ood/held_out_combination,rollout,50,contact_balanced_accuracy,5,0,0.18387096774193548,0.0577049800645107,0.16129032258064516,0.12096774193548387,0.2661290322580645,0.1122207741935484,0.25552116129032254
gru,ood/held_out_combination,rollout,50,contact_precision,5,0,0.0,0.0,0.0,0.0,0.0,0.0,0.0
gru,ood/held_out_combination,rollout,50,contact_recall,5,0,0.0,0.0,0.0,0.0,0.0,0.0,0.0
gru,ood/held_out_combination,rollout,50,displacement_m,5,0,3.164117067733616,0.32506433854546113,3.23653747684404,2.8213131496004173,3.6324848193280967,2.760496396754736,3.567737738712496
gru,ood/held_out_combination,rollout,50,fde_m,5,0,3.164117067733616,0.32506433854546113,3.23653747684404,2.8213131496004173,3.6324848193280967,2.760496396754736,3.567737738712496
gru,ood/held_out_combination,rollout,50,position_mse,5,0,8.009284413038005,1.5787301004500287,8.061632350766939,6.183421777577946,10.02665270694802,6.049032158701344,9.969536667374665
gru,ood/held_out_combination,rollout,50,rotation_mae_rad,5,0,1.5129590375187705,0.08124470104349475,1.5216381372006906,1.4304929627082066,1.6260357999192159,1.412080421010464,1.613837654027077
gru,ood/held_out_combination,rollout,50,velocity_mse,5,0,10.520851878352186,3.553019934051981,8.954740060753515,7.9349963455661845,16.65296645177755,6.109195108494491,14.93250864820988
gru,ood/unseen_angle,one_step,1,contact_accuracy,5,0,0.7181386514719847,0.04653686250172223,0.7374169040835707,0.6415004748338081,0.7578347578347578,0.6603555069036053,0.7759217960403642
gru,ood/unseen_angle,one_step,1,contact_balanced_accuracy,5,0,0.7071118154958262,0.016553162436513138,0.6970360861707926,0.6934611743782451,0.731820659189352,0.6865583504207471,0.7276652805709054
gru,ood/unseen_angle,one_step,1,contact_precision,5,0,0.15398707982957213,0.016159014794423915,0.163003663003663,0.1293833131801693,0.16693679092382496,0.13392301367310908,0.1740511459860352
gru,ood/unseen_angle,one_step,1,contact_recall,5,0,0.6943661971830986,0.04817642641263962,0.6830985915492958,0.6267605633802817,0.7535211267605634,0.6345472652109135,0.7541851291552836
gru,ood/unseen_angle,one_step,1,displacement_m,5,0,0.05151589570103076,0.004642933159110085,0.05048322808520889,0.04557770438874498,0.057579161214546135,0.045750932969728195,0.057280858432333326
gru,ood/unseen_angle,one_step,1,position_mse,5,0,0.0020809092326063653,0.00026238045061174794,0.002005017725219734,0.0018546018117130564,0.002527814433782422,0.0017551208855931973,0.0024066975796195335
gru,ood/unseen_angle,one_step,1,rotation_mae_rad,5,0,0.030943519196139822,0.00501132188679807,0.02863201884574604,0.02673145682393901,0.03852061937328903,0.024721141461654165,0.037165896930625476
gru,ood/unseen_angle,one_step,1,velocity_mse,5,0,0.727509829083642,0.08482574279828253,0.7328234626300643,0.6339633970736321,0.8359720331831192,0.6221847621208244,0.8328348960464597
gru,ood/unseen_angle,rollout,1,ade_m,5,0,0.06360239542195138,0.007723172384056634,0.06704627959166261,0.05057043955062637,0.06996601666712293,0.054012810684090196,0.07319198015981257
gru,ood/unseen_angle,rollout,1,contact_accuracy,5,0,0.8333333333333334,0.022680460581325734,0.8333333333333334,0.7962962962962963,0.8518518518518519,0.8051718230338439,0.8614948436328228
gru,ood/unseen_angle,rollout,1,contact_balanced_accuracy,5,0,0.8542857142857143,0.04072949948477005,0.8285714285714285,0.8183673469387756,0.9081632653061225,0.8037133630267719,0.9048580655446568
gru,ood/unseen_angle,rollout,1,contact_precision,5,0,0.34604978354978355,0.022521811441186975,0.35714285714285715,0.3125,0.36363636363636365,0.3180852621684866,0.3740143049310805
gru,ood/unseen_angle,rollout,1,contact_recall,5,0,0.88,0.1095445115010332,0.8,0.8,1.0,0.7439825290219673,1.0160174709780327
gru,ood/unseen_angle,rollout,1,displacement_m,5,0,0.06360239542195138,0.007723172384056634,0.06704627959166261,0.05057043955062637,0.06996601666712293,0.054012810684090196,0.07319198015981257
gru,ood/unseen_angle,rollout,1,fde_m,5,0,0.06360239542195138,0.007723172384056634,0.06704627959166261,0.05057043955062637,0.06996601666712293,0.054012810684090196,0.07319198015981257
gru,ood/unseen_angle,rollout,1,position_mse,5,0,0.0031078532326335017,0.0008584714964228676,0.003370046371292835,0.001834874629458667,0.0038908887524025434,0.0020419201224286653,0.004173786342838338
gru,ood/unseen_angle,rollout,1,rotation_mae_rad,5,0,0.04080527520777191,0.007682885725021861,0.03807952068313193,0.03286375154403145,0.05284091686159586,0.031265712962146794,0.05034483745339703
gru,ood/unseen_angle,rollout,1,velocity_mse,5,0,0.14426768631655593,0.015566414601394882,0.14097471608293186,0.1246063199385075,0.1677807802787676,0.12493943045722623,0.16359594217588563
gru,ood/unseen_angle,rollout,5,ade_m,5,0,0.17709569226550698,0.017386300799031123,0.18269759783546455,0.14965762283977957,0.19654241355794635,0.15550774931936256,0.1986836352116514
gru,ood/unseen_angle,rollout,5,contact_accuracy,5,0,0.7888888888888889,0.05003428180039368,0.7962962962962963,0.7222222222222222,0.8518518518518519,0.7267631248552652,0.8510146529225125
gru,ood/unseen_angle,rollout,5,contact_balanced_accuracy,5,0,0.6479166666666667,0.07668817633044149,0.625,0.5729166666666666,0.7708333333333333,0.5526957226371185,0.7431376106962149
gru,ood/unseen_angle,rollout,5,contact_precision,5,0,0.2609090909090909,0.08598000920836817,0.25,0.18181818181818182,0.4,0.15415081295483754,0.3676673688633443
gru,ood/unseen_angle,rollout,5,contact_recall,5,0,0.4666666666666667,0.13944333775567924,0.5,0.3333333333333333,0.6666666666666666,0.2935249009463071,0.6398084323870262
gru,ood/unseen_angle,rollout,5,displacement_m,5,0,0.2884117079529371,0.022871370655290876,0.29524330398634446,0.25456272433016686,0.3132046778593158,0.2600131514966922,0.316810264409182
gru,ood/unseen_angle,rollout,5,fde_m,5,0,0.2884117079529371,0.022871370655290876,0.29524330398634446,0.25456272433016686,0.3132046778593158,0.2600131514966922,0.316810264409182
gru,ood/unseen_angle,rollout,5,position_mse,5,0,0.06117143051753302,0.008640494484720014,0.06019557224849632,0.04928076754735303,0.0735091934064566,0.050442839995677696,0.07190002103938835
gru,ood/unseen_angle,rollout,5,rotation_mae_rad,5,0,0.2077382800170532,0.02196972503237205,0.19630584638644213,0.18616466981363347,0.2328729502137069,0.18045926442750593,0.23501729560660045
gru,ood/unseen_angle,rollout,5,velocity_mse,5,0,5.344413772862421,0.2496313026965392,5.318519526426547,5.0447049648047475,5.724207402535321,5.034455583223547,5.654371962501294
gru,ood/unseen_angle,rollout,10,ade_m,5,0,0.3320905225818165,0.01622705795267847,0.34057687238454115,0.30964397345341904,0.34588388445431445,0.3119419696886258,0.35223907547500716
gru,ood/unseen_angle,rollout,10,contact_accuracy,5,0,0.6851851851851852,0.022680460581325734,0.6851851851851852,0.6666666666666666,0.7222222222222222,0.6570236748856958,0.7133466954846747
gru,ood/unseen_angle,rollout,10,contact_balanced_accuracy,5,0,0.531,0.13169092603516772,0.505,0.36,0.7150000000000001,0.3674841244475335,0.6945158755524665
gru,ood/unseen_angle,rollout,10,contact_precision,5,0,0.08251911830859199,0.05829023655468468,0.07692307692307693,0.0,0.15789473684210525,0.010142232874174678,0.1548960037430093
gru,ood/unseen_angle,rollout,10,contact_recall,5,0,0.35,0.2850438562747845,0.25,0.0,0.75,-0.003928680835428022,0.7039286808354279
gru,ood/unseen_angle,rollout,10,displacement_m,5,0,0.6200339215322671,0.022127414234473623,0.6193018653663948,0.5904054574416117,0.6502405623913122,0.5925591089449834,0.6475087341195508
gru,ood/unseen_angle,rollout,10,fde_m,5,0,0.6200339215322671,0.022127414234473623,0.6193018653663948,0.5904054574416117,0.6502405623913122,0.5925591089449834,0.6475087341195508
gru,ood/unseen_angle,rollout,10,position_mse,5,0,0.3288679405937507,0.020645834009834475,0.33560174014978966,0.3035906017095654,0.35298335879713816,0.30323275276214984,0.35450312842535153
gru,ood/unseen_angle,rollout,10,rotation_mae_rad,5,0,0.45442864144725054,0.04020175922595683,0.4455193888124265,0.4177914035166979,0.5225403063311992,0.4045115662432512,0.5043457166512498
gru,ood/unseen_angle,rollout,10,velocity_mse,5,0,6.812461776182216,0.6100984305972879,6.710659757113111,6.0420990205149865,7.712605888533938,6.054924548251566,7.569999004112867
gru,ood/unseen_angle,rollout,20,ade_m,5,0,0.6494859648227175,0.026450782841173144,0.6609539504077898,0.6051853062134933,0.6685478574561773,0.6166429812889274,0.6823289483565076
gru,ood/unseen_angle,rollout,20,contact_accuracy,5,0,0.6,0.021114359724058132,0.5925925925925926,0.5740740740740741,0.6296296296296297,0.5737830606788571,0.6262169393211429
gru,ood/unseen_angle,rollout,20,contact_balanced_accuracy,5,0,0.551923076923077,0.23578287700500516,0.5673076923076923,0.3076923076923077,0.7884615384615384,0.25915997824566966,0.8446861756004842
gru,ood/unseen_angle,rollout,20,contact_precision,5,0,0.042666666666666665,0.04105551796720577,0.05,0.0,0.08333333333333333,-0.008310489989327402,0.09364382332266073
gru,ood/unseen_angle,rollout,20,contact_recall,5,0,0.5,0.5,0.5,0.0,1.0,-0.12083197557894032,1.1208319755789402
gru,ood/unseen_angle,rollout,20,displacement_m,5,0,1.2359148649157354,0.056783712326738234,1.2514365320530283,1.1451924863332652,1.2849346350597242,1.1654085763067052,1.3064211535247656
gru,ood/unseen_angle,rollout,20,fde_m,5,0,1.2359148649157354,0.056783712326738234,1.2514365320530283,1.1451924863332652,1.2849346350597242,1.1654085763067052,1.3064211535247656
gru,ood/unseen_angle,rollout,20,position_mse,5,0,1.5044443289385243,0.14702494673925087,1.4339245883726492,1.3558414994804215,1.7236957937944604,1.321888752651489,1.6869999052255595
gru,ood/unseen_angle,rollout,20,rotation_mae_rad,5,0,0.9037117458004397,0.12205278380113949,0.9053422776688428,0.7546185979890448,1.0857001971676647,0.7521632040160983,1.055260287584781
gru,ood/unseen_angle,rollout,20,velocity_mse,5,0,9.312377667383952,1.2563964425250387,9.09186125314616,7.651776482943716,10.905595156799711,7.752355496337608,10.872399838430297
gru,ood/unseen_angle,rollout,50,ade_m,5,0,1.3923728457818747,0.09256512872190645,1.4148670890146027,1.2747960182527804,1.4937579094168567,1.2774380623135946,1.5073076292501548
gru,ood/unseen_angle,rollout,50,contact_accuracy,5,0,0.4740740740740741,0.14380199006160874,0.48148148148148145,0.3148148148148148,0.6851851851851852,0.2955203269098107,0.6526278212383374
gru,ood/unseen_angle,rollout,50,contact_balanced_accuracy,5,0,0.532,0.14720733677368125,0.515,0.315,0.7150000000000001,0.3492179565821622,0.7147820434178378
gru,ood/unseen_angle,rollout,50,contact_precision,5,0,0.08859817813765182,0.04607994168428782,0.07692307692307693,0.03125,0.15789473684210525,0.03138237567681428,0.14581398059848935
gru,ood/unseen_angle,rollout,50,contact_recall,5,0,0.6,0.22360679774997896,0.75,0.25,0.75,0.3223555,0.8776444999999999
gru,ood/unseen_angle,rollout,50,displacement_m,5,0,2.3503498028968823,0.2592168941511331,2.267551372505066,2.0594648240267746,2.7409303861894188,2.0284895298983123,2.6722100758954523
gru,ood/unseen_angle,rollout,50,fde_m,5,0,2.3503498028968823,0.2592168941511331,2.267551372505066,2.0594648240267746,2.7409303861894188,2.0284895298983123,2.6722100758954523
gru,ood/unseen_angle,rollout,50,position_mse,5,0,4.96341679075889,0.8538319553689606,5.021267040437364,3.9663842428126816,6.212612102510129,3.903244431430607,6.023589150087172
gru,ood/unseen_angle,rollout,50,rotation_mae_rad,5,0,1.4538425699671869,0.17180826441245167,1.4924506813367324,1.21784738301943,1.630670552388739,1.2405144415352443,1.6671706983991295
gru,ood/unseen_angle,rollout,50,velocity_mse,5,0,5.096753026993857,1.936330242556847,4.263514586564255,3.896147244505475,8.479321978406972,2.692481567274225,7.501024486713488
gru,ood/unseen_mass,one_step,1,contact_accuracy,5,0,0.7535897435897436,0.06424528272033149,0.744017094017094,0.6811965811965812,0.8572649572649572,0.6738186920039617,0.8333607951755255
gru,ood/unseen_mass,one_step,1,contact_balanced_accuracy,5,0,0.718031684553108,0.006061811270732561,0.7202049544097474,0.7095806772640469,0.7233787891013744,0.7105049520195168,0.7255584170866991
gru,ood/unseen_mass,one_step,1,contact_precision,5,0,0.17258422257114675,0.038847643554764076,0.160828025477707,0.14234016887816647,0.24068767908309455,0.12434850398176542,0.22081994116052808
gru,ood/unseen_mass,one_step,1,contact_recall,5,0,0.677124183006536,0.08223354764732864,0.6928104575163399,0.5490196078431373,0.7712418300653595,0.575017751317024,0.7792306146960479
gru,ood/unseen_mass,one_step,1,displacement_m,5,0,0.06323637609572057,0.00212548748474196,0.0636732117164536,0.060832030615484825,0.06595839805030292,0.06059723490727924,0.0658755172841619
gru,ood/unseen_mass,one_step,1,position_mse,5,0,0.002779580230144493,0.00016200506588732983,0.0028010864257662555,0.002610543745810405,0.0029490995956389537,0.0025784243799272383,0.002980736080361748
gru,ood/unseen_mass,one_step,1,rotation_mae_rad,5,0,0.03807634895176203,0.005980256525294987,0.03637329411072362,0.03419943372803415,0.04861353302987381,0.03065088000562656,0.045501817897897506
gru,ood/unseen_mass,one_step,1,velocity_mse,5,0,1.001347524699594,0.22454347433815,0.896160631126277,0.8624692961700556,1.3985051776817374,0.7225399871461684,1.2801550622530196
gru,ood/unseen_mass,rollout,1,ade_m,5,0,0.07476869278591851,0.0060750252879882335,0.07616874667342272,0.06438318775452267,0.08043366810385519,0.067225552883451,0.08231183268838602
gru,ood/unseen_mass,rollout,1,contact_accuracy,5,0,0.7733333333333333,0.03027650354097492,0.7666666666666667,0.7333333333333333,0.8166666666666667,0.7357400903194008,0.8109265763472658
gru,ood/unseen_mass,rollout,1,contact_balanced_accuracy,5,0,0.5836538461538462,0.03493442716266334,0.5769230769230769,0.5480769230769231,0.6346153846153846,0.5402770272916164,0.627030665016076
gru,ood/unseen_mass,rollout,1,contact_precision,5,0,0.24158730158730157,0.032377645333772125,0.25,0.2,0.2857142857142857,0.20138514655298156,0.2817894566216216
gru,ood/unseen_mass,rollout,1,contact_recall,5,0,0.325,0.11180339887498948,0.25,0.25,0.5,0.18617775000000003,0.46382225
gru,ood/unseen_mass,rollout,1,displacement_m,5,0,0.07476869278591851,0.0060750252879882335,0.07616874667342272,0.06438318775452267,0.08043366810385519,0.067225552883451,0.08231183268838602
gru,ood/unseen_mass,rollout,1,fde_m,5,0,0.07476869278591851,0.0060750252879882335,0.07616874667342272,0.06438318775452267,0.08043366810385519,0.067225552883451,0.08231183268838602
gru,ood/unseen_mass,rollout,1,position_mse,5,0,0.0039036966418842666,0.0005264803061566355,0.003947443492823529,0.003043521514883807,0.004334502229316329,0.003249985024735008,0.004557408259033525
gru,ood/unseen_mass,rollout,1,rotation_mae_rad,5,0,0.03901869297563799,0.00720889896755684,0.03512463750328692,0.03236450236975699,0.049789134059053296,0.030067663000083393,0.04796972295119258
gru,ood/unseen_mass,rollout,1,velocity_mse,5,0,4.115670058915207,0.9219050313902761,3.807183725397265,3.518233139823211,5.74631652355115,2.9709738150468263,5.260366302783587
gru,ood/unseen_mass,rollout,5,ade_m,5,0,0.24446545158804558,0.017886994664100552,0.24787981078413335,0.2139787111834831,0.261091281704498,0.22225581511907858,0.2666750880570126
gru,ood/unseen_mass,rollout,5,contact_accuracy,5,0,0.78,0.04314059701848263,0.7833333333333333,0.7166666666666667,0.8333333333333334,0.726433875850721,0.8335661241492791
gru,ood/unseen_mass,rollout,5,contact_balanced_accuracy,5,0,0.8125,0.056821080631061845,0.7946428571428572,0.7589285714285714,0.8928571428571428,0.7419473125145752,0.8830526874854248
gru,ood/unseen_mass,rollout,5,contact_precision,5,0,0.2155952380952381,0.03174466762942234,0.2,0.1875,0.25,0.17617902865829588,0.2550114475321803
gru,ood/unseen_mass,rollout,5,contact_recall,5,0,0.85,0.13693063937629152,0.75,0.75,1.0,0.6799781612774589,1.020021838722541
gru,ood/unseen_mass,rollout,5,displacement_m,5,0,0.42005722327275286,0.02909441983825855,0.4266869830898071,0.3705065183845576,0.4458560648060975,0.38393173097973454,0.45618271556577117
gru,ood/unseen_mass,rollout,5,fde_m,5,0,0.42005722327275286,0.02909441983825855,0.4266869830898071,0.3705065183845576,0.4458560648060975,0.38393173097973454,0.45618271556577117
gru,ood/unseen_mass,rollout,5,position_mse,5,0,0.13807769423063526,0.015266900853365845,0.14295629603227614,0.11121844584173116,0.1492628816496457,0.1191213337951094,0.1570340546661611
gru,ood/unseen_mass,rollout,5,rotation_mae_rad,5,0,0.24878027791488966,0.02662874169024881,0.24124153684878108,0.223900434932726,0.2880442810508627,0.21571632929341275,0.2818442265363666
gru,ood/unseen_mass,rollout,5,velocity_mse,5,0,6.649552916472995,0.5973554108417886,6.856023818597075,5.97106874539235,7.238503543890293,5.907838236801641,7.391267596144349
gru,ood/unseen_mass,rollout,10,ade_m,5,0,0.4734717872284557,0.03270558301913482,0.48791545822569576,0.4185902906587856,0.49662818412526416,0.4328624437919947,0.5140811306649167
gru,ood/unseen_mass,rollout,10,contact_accuracy,5,0,0.7,0.042491829279939886,0.7,0.65,0.7666666666666667,0.6472394273643437,0.7527605726356562
gru,ood/unseen_mass,rollout,10,contact_balanced_accuracy,5,0,0.7,0.0795094173603328,0.7142857142857143,0.6071428571428572,0.8125,0.6012760226861081,0.7987239773138918
gru,ood/unseen_mass,rollout,10,contact_precision,5,0,0.14136507936507936,0.01831377366548185,0.14285714285714285,0.1111111111111111,0.16,0.11862552679498603,0.1641046319351727
gru,ood/unseen_mass,rollout,10,contact_recall,5,0,0.7,0.2091650066335189,0.75,0.5,1.0,0.44028735141946057,0.9597126485805394
gru,ood/unseen_mass,rollout,10,displacement_m,5,0,0.8786413110664285,0.06565856887863979,0.9095819947459673,0.7775993535519898,0.9398644146105885,0.7971154330052048,0.9601671891276522
gru,ood/unseen_mass,rollout,10,fde_m,5,0,0.8786413110664285,0.06565856887863979,0.9095819947459673,0.7775993535519898,0.9398644146105885,0.7971154330052048,0.9601671891276522
gru,ood/unseen_mass,rollout,10,position_mse,5,0,0.5664245023552026,0.06630070998689566,0.5832954741501871,0.46222355565597806,0.6381033492069547,0.48410130082830094,0.6487477038821042
gru,ood/unseen_mass,rollout,10,rotation_mae_rad,5,0,0.5493290820593169,0.06260034461109663,0.5662858186855769,0.45760966839962763,0.6282778620604652,0.4716004908256577,0.627057673292976
gru,ood/unseen_mass,rollout,10,velocity_mse,5,0,5.6546272029035665,0.7457567185441826,5.421905450626133,4.989384275247135,6.90076532350396,4.728647969153461,6.580606436653672
gru,ood/unseen_mass,rollout,20,ade_m,5,0,0.8984125276773957,0.0726899752625159,0.9283439082509788,0.803907859650576,0.9776677663823009,0.8081560057833715,0.9886690495714198
gru,ood/unseen_mass,rollout,20,contact_accuracy,5,0,0.5166666666666667,0.10069204977995477,0.48333333333333334,0.43333333333333335,0.6833333333333333,0.3916409782867021,0.6416923550466314
gru,ood/unseen_mass,rollout,20,contact_balanced_accuracy,5,0,0.5776280323450135,0.06075611609493066,0.555256064690027,0.5026954177897573,0.6455525606469003,0.502189353177575,0.653066711512452
gru,ood/unseen_mass,rollout,20,contact_precision,5,0,0.15147597902161797,0.03232731873466975,0.13793103448275862,0.11764705882352941,0.2,0.11133631271118774,0.1916156453320482
gru,ood/unseen_mass,rollout,20,contact_recall,5,0,0.6571428571428571,0.12777531299998798,0.5714285714285714,0.5714285714285714,0.8571428571428571,0.4984888571428572,0.8157968571428571
gru,ood/unseen_mass,rollout,20,displacement_m,5,0,1.6732234726202388,0.1528866809625231,1.7089690904747301,1.5039212138948377,1.8693268880155929,1.483389592256898,1.8630573529835797
gru,ood/unseen_mass,rollout,20,fde_m,5,0,1.6732234726202388,0.1528866809625231,1.7089690904747301,1.5039212138948377,1.8693268880155929,1.483389592256898,1.8630573529835797
gru,ood/unseen_mass,rollout,20,position_mse,5,0,1.8787568331134896,0.3318388732861902,1.9379009537667562,1.5329613107094753,2.306617218720633,1.4667244665611794,2.2907891996657996
gru,ood/unseen_mass,rollout,20,rotation_mae_rad,5,0,0.94666940492217,0.07068356363500579,0.9499079924360813,0.8378544699566903,1.0108837034583922,0.8589041720172093,1.0344346378271307
gru,ood/unseen_mass,rollout,20,velocity_mse,5,0,11.562771076323964,1.0942948758361464,11.037770960587256,10.503566502869411,13.276695918328477,10.204024577061432,12.921517575586495
gru,ood/unseen_mass,rollout,50,ade_m,5,0,1.885888288348428,0.1670900303452756,1.9439290366872293,1.6613416948047826,2.093735258590528,1.678418621070823,2.093357955626033
gru,ood/unseen_mass,rollout,50,contact_accuracy,5,0,0.42000000000000004,0.1565247584249853,0.5,0.25,0.55,0.22564885000000004,0.6143511500000001
gru,ood/unseen_mass,rollout,50,contact_balanced_accuracy,5,0,0.5964285714285714,0.09809245690694478,0.5982142857142857,0.48214285714285715,0.7321428571428572,0.47463070380671024,0.7182264390504326
gru,ood/unseen_mass,rollout,50,contact_precision,5,0,0.0881263698109879,0.022001086237021985,0.08163265306122448,0.06382978723404255,0.11764705882352941,0.06080841414416191,0.11544432547781389
gru,ood/unseen_mass,rollout,50,contact_recall,5,0,0.8,0.2091650066335189,0.75,0.5,1.0,0.5402873514194606,1.0597126485805395
gru,ood/unseen_mass,rollout,50,displacement_m,5,0,3.2619909026608664,0.357348447058105,3.3760410605459894,2.7371376003514905,3.6735406995410593,2.8182842179465672,3.7056975873751656
gru,ood/unseen_mass,rollout,50,fde_m,5,0,3.2619909026608664,0.357348447058105,3.3760410605459894,2.7371376003514905,3.6735406995410593,2.8182842179465672,3.7056975873751656
gru,ood/unseen_mass,rollout,50,position_mse,5,0,7.52949576332555,1.4418069267125544,7.718613699647279,5.6285593421632045,9.153476053952238,5.739256077896839,9.319735448754262
gru,ood/unseen_mass,rollout,50,rotation_mae_rad,5,0,1.4842884279423416,0.06727872346870258,1.5160571322032643,1.398002661920602,1.558773758237123,1.4007508623313338,1.5678259935533494
gru,ood/unseen_mass,rollout,50,velocity_mse,5,0,8.05576229481364,1.4538292579815038,8.14240727202076,5.71152130273787,9.321606909759991,6.250594914039396,9.860929675587883
gru,ood/unseen_object_count,one_step,1,contact_accuracy,5,0,0.6894327894327894,0.029956566897921616,0.6940559440559441,0.6511266511266511,0.7212509712509713,0.6522368002151907,0.7266287786503881
gru,ood/unseen_object_count,one_step,1,contact_balanced_accuracy,5,0,0.6773472701490746,0.0031302362691638334,0.6777152177586643,0.6735789909360084,0.6810843972482299,0.6734605686150469,0.6812339716831023
gru,ood/unseen_object_count,one_step,1,contact_precision,5,0,0.165679630463784,0.008599780610059274,0.16490610328638497,0.15598182735991922,0.1767741935483871,0.1550015928924069,0.17635766803516112
gru,ood/unseen_object_count,one_step,1,contact_recall,5,0,0.6628175519630485,0.03755994449720694,0.648960739030023,0.628175519630485,0.7136258660508084,0.6161807228733758,0.7094543810527212
gru,ood/unseen_object_count,one_step,1,displacement_m,5,0,0.05571891103400792,0.00161811614465676,0.055824016363244015,0.05359251938652792,0.05774336118631157,0.053709754548401045,0.05772806751961479
gru,ood/unseen_object_count,one_step,1,position_mse,5,0,0.00236857315240334,0.00012723155442037737,0.002410207683276641,0.002159102419684669,0.002493804768905233,0.0022105943178297753,0.002526551986976905
gru,ood/unseen_object_count,one_step,1,rotation_mae_rad,5,0,0.033418014581340826,0.004075958387648222,0.033008514133406316,0.02977842760543271,0.03984385278125069,0.02835704398497843,0.03847898517770322
gru,ood/unseen_object_count,one_step,1,velocity_mse,5,0,0.8806334788420626,0.03749564614598272,0.8892865253702291,0.8196240546743896,0.9159214147676367,0.8340764866972239,0.9271904709869012
gru,ood/unseen_object_count,rollout,1,ade_m,5,0,0.061836967987364454,0.005793671884620398,0.06479246888573355,0.05194314279021273,0.06563458077484208,0.05464317446339437,0.06903076151133454
gru,ood/unseen_object_count,rollout,1,contact_accuracy,5,0,0.7681818181818182,0.02182554589528473,0.7575757575757576,0.75,0.7954545454545454,0.7410818246293013,0.7952818117343351
gru,ood/unseen_object_count,rollout,1,contact_balanced_accuracy,5,0,0.6834710743801653,0.05609799012081063,0.6818181818181819,0.6198347107438017,0.7396694214876034,0.6138162223147439,0.7531259264455867
gru,ood/unseen_object_count,rollout,1,contact_precision,5,0,0.1963627707260984,0.02278957525276436,0.21052631578947367,0.16129032258064516,0.21428571428571427,0.16806577667254113,0.22465976477965566
gru,ood/unseen_object_count,rollout,1,contact_recall,5,0,0.5818181818181818,0.13787046261911912,0.5454545454545454,0.45454545454545453,0.7272727272727273,0.4106293984545615,0.7530069651818021
gru,ood/unseen_object_count,rollout,1,displacement_m,5,0,0.061836967987364454,0.005793671884620398,0.06479246888573355,0.05194314279021273,0.06563458077484208,0.05464317446339437,0.06903076151133454
gru,ood/unseen_object_count,rollout,1,fde_m,5,0,0.061836967987364454,0.005793671884620398,0.06479246888573355,0.05194314279021273,0.06563458077484208,0.05464317446339437,0.06903076151133454
gru,ood/unseen_object_count,rollout,1,position_mse,5,0,0.002749973424775745,0.0004853075058623413,0.00290434897440675,0.001992265411792134,0.0032697142313981792,0.002147384589520134,0.003352562260031356
gru,ood/unseen_object_count,rollout,1,rotation_mae_rad,5,0,0.031188918669314468,0.0044614106520634335,0.03284899624272719,0.025652914082409276,0.03588528660893805,0.02564934589133553,0.036728491447293406
gru,ood/unseen_object_count,rollout,1,velocity_mse,5,0,0.5244633061221512,0.1118062983119627,0.5434982442509858,0.38843757141322177,0.6869544030374849,0.3856374559957829,0.6632891562485195
gru,ood/unseen_object_count,rollout,5,ade_m,5,0,0.19179501546137487,0.012559693829960084,0.19847639029060488,0.16985658673753212,0.1992656498908962,0.17620009639513337,0.20738993452761637
gru,ood/unseen_object_count,rollout,5,contact_accuracy,5,0,0.6818181818181819,0.04384786705602359,0.6893939393939394,0.6212121212121212,0.7424242424242424,0.6273738659595541,0.7362624976768096
gru,ood/unseen_object_count,rollout,5,contact_balanced_accuracy,5,0,0.69,0.04131098185981815,0.6791666666666667,0.6416666666666666,0.7458333333333333,0.6387056430377266,0.7412943569622733
gru,ood/unseen_object_count,rollout,5,contact_precision,5,0,0.18181639085894405,0.028886699228776017,0.17777777777777778,0.14814814814814814,0.225,0.14594881775863272,0.21768396395925538
gru,ood/unseen_object_count,rollout,5,contact_recall,5,0,0.7,0.04564354645876386,0.6666666666666666,0.6666666666666666,0.75,0.643326053759153,0.7566739462408469
gru,ood/unseen_object_count,rollout,5,displacement_m,5,0,0.32853162239569367,0.020184756197756802,0.33838337923631945,0.2962057160710531,0.346047253730062,0.3034689382620284,0.3535943065293589
gru,ood/unseen_object_count,rollout,5,fde_m,5,0,0.32853162239569367,0.020184756197756802,0.33838337923631945,0.2962057160710531,0.346047253730062,0.3034689382620284,0.3535943065293589
gru,ood/unseen_object_count,rollout,5,position_mse,5,0,0.07828198563416376,0.006737342817064396,0.08083086482912337,0.0683874800600223,0.08480662717193142,0.06991646993162241,0.08664750133670511
gru,ood/unseen_object_count,rollout,5,rotation_mae_rad,5,0,0.21072809139787108,0.027769715586976933,0.22110846190634229,0.1756181035302781,0.24308901509897304,0.17624743661961473,0.24520874617612742
gru,ood/unseen_object_count,rollout,5,velocity_mse,5,0,4.480779258569845,0.22211311140623038,4.44387292396871,4.262369452098963,4.837808965505574,4.204989415057214,4.756569102082476
gru,ood/unseen_object_count,rollout,10,ade_m,5,0,0.3706405905288989,0.023152443786397015,0.3679244374888849,0.3379784653831151,0.3965045639313504,0.34189303569812046,0.39938814535967737
gru,ood/unseen_object_count,rollout,10,contact_accuracy,5,0,0.6136363636363636,0.024548260221241874,0.5984848484848485,0.5909090909090909,0.6439393939393939,0.5831556738560046,0.6441170534167227
gru,ood/unseen_object_count,rollout,10,contact_balanced_accuracy,5,0,0.6453995157384989,0.03532589320648805,0.6434624697336562,0.6138014527845037,0.7021791767554479,0.6015366276015496,0.6892624038754481
gru,ood/unseen_object_count,rollout,10,contact_precision,5,0,0.1710915671445606,0.016590912881378424,0.1694915254237288,0.15517241379310345,0.19642857142857142,0.15049122870295212,0.1916919055861691
gru,ood/unseen_object_count,rollout,10,contact_recall,5,0,0.6857142857142857,0.06388765649999396,0.6428571428571429,0.6428571428571429,0.7857142857142857,0.6063872857142858,0.7650412857142856
gru,ood/unseen_object_count,rollout,10,displacement_m,5,0,0.697858506202608,0.05280317858758394,0.6684395608336204,0.6459656765374502,0.7689260975868413,0.6322947028438534,0.7634223095613627
gru,ood/unseen_object_count,rollout,10,fde_m,5,0,0.697858506202608,0.05280317858758394,0.6684395608336204,0.6459656765374502,0.7689260975868413,0.6322947028438534,0.7634223095613627
gru,ood/unseen_object_count,rollout,10,position_mse,5,0,0.3690839049452754,0.0493806910392879,0.345018226398463,0.31581769998943504,0.42753121158638324,0.30776968099852664,0.4303981288920241
gru,ood/unseen_object_count,rollout,10,rotation_mae_rad,5,0,0.5224094266100017,0.048959322322688764,0.5097993991222477,0.4688404797533918,0.5807089607396931,0.4616184010087997,0.5832004522112036
gru,ood/unseen_object_count,rollout,10,velocity_mse,5,0,7.266095777320247,0.08303635054161142,7.292680302241765,7.147795775099542,7.3512893644317865,7.162992534217019,7.369199020423475
gru,ood/unseen_object_count,rollout,20,ade_m,5,0,0.7370475898136787,0.055507901648070734,0.7131322081876208,0.6892250731479246,0.8179124446162368,0.6681254293328521,0.8059697502945052
gru,ood/unseen_object_count,rollout,20,contact_accuracy,5,0,0.5136363636363637,0.018086873312595925,0.5151515151515151,0.49242424242424243,0.5378787878787878,0.4911785450549538,0.5360941822177735
gru,ood/unseen_object_count,rollout,20,contact_balanced_accuracy,5,0,0.6275000000000001,0.030703555711567545,0.6125,0.5958333333333333,0.6625,0.589376501700579,0.6656234982994211
gru,ood/unseen_object_count,rollout,20,contact_precision,5,0,0.1302197107242448,0.008865253601812681,0.125,0.12307692307692308,0.14084507042253522,0.11921204490900142,0.14122737653948816
gru,ood/unseen_object_count,rollout,20,contact_recall,5,0,0.7666666666666667,0.06972166887783966,0.75,0.6666666666666666,0.8333333333333334,0.6800957838064869,0.8532375495268465
gru,ood/unseen_object_count,rollout,20,displacement_m,5,0,1.4269027344180991,0.11937701796638774,1.3895079540557758,1.2907448542174025,1.6098307904803308,1.278676594612509,1.5751288742236893
gru,ood/unseen_object_count,rollout,20,fde_m,5,0,1.4269027344180991,0.11937701796638774,1.3895079540557758,1.2907448542174025,1.6098307904803308,1.278676594612509,1.5751288742236893
gru,ood/unseen_object_count,rollout,20,position_mse,5,0,1.5541120688198462,0.2498680353397526,1.5392168297586089,1.2677289438215908,1.828084142422829,1.2438599367918322,1.8643642008478603
gru,ood/unseen_object_count,rollout,20,rotation_mae_rad,5,0,0.9615251780260384,0.09441462272996161,0.9086989810453776,0.879793181991022,1.0888614576008129,0.8442939445200737,1.0787564115320032
gru,ood/unseen_object_count,rollout,20,velocity_mse,5,0,8.569087074813819,1.1152827042042832,8.524475259080704,7.174336946420067,10.199030572730594,7.184280745653483,9.953893403974154
gru,ood/unseen_object_count,rollout,50,ade_m,5,0,1.6116933133442393,0.12335109406962141,1.6247400835252184,1.4361489945982495,1.7626043072504733,1.4585327065021056,1.7648539201863729
gru,ood/unseen_object_count,rollout,50,contact_accuracy,5,0,0.46515151515151515,0.10854767945201269,0.5227272727272727,0.3409090909090909,0.5757575757575758,0.33037177459411005,0.5999312557089203
gru,ood/unseen_object_count,rollout,50,contact_balanced_accuracy,5,0,0.6175593851886353,0.0689317038652457,0.6380996739636702,0.5055891942244992,0.6774569166278528,0.5319693734072694,0.7031493969700012
gru,ood/unseen_object_count,rollout,50,contact_precision,5,0,0.19392253771741305,0.03250171934452932,0.2054794520547945,0.14583333333333334,0.22388059701492538,0.15356632445666024,0.23427875097816586
gru,ood/unseen_object_count,rollout,50,contact_recall,5,0,0.8315789473684211,0.08648250907976306,0.7894736842105263,0.7368421052631579,0.9473684210526315,0.7241967334383952,0.938961161298447
gru,ood/unseen_object_count,rollout,50,displacement_m,5,0,2.68648773094762,0.19914758326089263,2.821429026918472,2.4189183367844325,2.8412413471674585,2.439213355852357,2.9337621060428827
gru,ood/unseen_object_count,rollout,50,fde_m,5,0,2.68648773094762,0.19914758326089263,2.821429026918472,2.4189183367844325,2.8412413471674585,2.439213355852357,2.9337621060428827
gru,ood/unseen_object_count,rollout,50,position_mse,5,0,6.207115595924708,1.2290276159186346,6.559607569334011,4.655133228884511,7.527393804403161,4.681076310261026,7.73315488158839
gru,ood/unseen_object_count,rollout,50,rotation_mae_rad,5,0,1.5131963743173242,0.05648217801707627,1.512945784617638,1.4428684996306715,1.5955502188560438,1.4430644899906386,1.5833282586440098
gru,ood/unseen_object_count,rollout,50,velocity_mse,5,0,7.869212697030483,2.399610839673881,6.319663840996483,6.030720471669121,11.434556119108812,4.889702420599733,10.848722973461234
gru,ood/unseen_obstacles,one_step,1,contact_accuracy,5,0,0.66996336996337,0.035732152737289025,0.6813186813186813,0.6217948717948718,0.7087912087912088,0.6255960440122108,0.7143306959145292
gru,ood/unseen_obstacles,one_step,1,contact_balanced_accuracy,5,0,0.6542366498455976,0.008950511450650822,0.6542705430443625,0.6406708970399939,0.6654717744972509,0.6431231224328986,0.6653501772582966
gru,ood/unseen_obstacles,one_step,1,contact_precision,5,0,0.15643008575980008,0.007281976590136654,0.15619047619047619,0.1496698459280998,0.16765873015873015,0.14738831793465182,0.16547185358494834
gru,ood/unseen_obstacles,one_step,1,contact_recall,5,0,0.6352112676056338,0.057027036746227194,0.6197183098591549,0.5774647887323944,0.7183098591549296,0.5644028518364878,0.7060196833747799
gru,ood/unseen_obstacles,one_step,1,displacement_m,5,0,0.05442984829008718,0.004016139892102784,0.052416714413773706,0.05094023448125502,0.06059220160710235,0.04944315216325605,0.05941654441691831
gru,ood/unseen_obstacles,one_step,1,position_mse,5,0,0.0023088390699309625,0.0003397490980174749,0.002222642214802953,0.0019224491373186121,0.0028437940148651774,0.0018869848624842585,0.0027306932773776666
gru,ood/unseen_obstacles,one_step,1,rotation_mae_rad,5,0,0.03335789897246867,0.0039461032358767455,0.03230062638728745,0.02957419494716235,0.04004085948613895,0.028458164836933055,0.03825763310800429
gru,ood/unseen_obstacles,one_step,1,velocity_mse,5,0,1.0497407128959937,0.04762407507228461,1.046856374210515,0.9825289469415268,1.107287766141881,0.9906076156715012,1.108873810120486
gru,ood/unseen_obstacles,rollout,1,ade_m,5,0,0.0614198896398653,0.0062446957332745355,0.058669059146961,0.05515003625704405,0.07091193544942345,0.05366607606190888,0.06917370321782172
gru,ood/unseen_obstacles,rollout,1,contact_accuracy,5,0,0.7023809523809523,0.02227177015936871,0.7023809523809523,0.6785714285714286,0.7380952380952381,0.6747268982455904,0.7300350065163143
gru,ood/unseen_obstacles,rollout,1,contact_balanced_accuracy,5,0,0.6182222222222222,0.03689825851556522,0.6377777777777778,0.5755555555555556,0.6577777777777778,0.5724069847629406,0.6640374596815038
gru,ood/unseen_obstacles,rollout,1,contact_precision,5,0,0.18317056856187292,0.026147798015917052,0.19230769230769232,0.15384615384615385,0.21739130434782608,0.15070379036335116,0.21563734676039467
gru,ood/unseen_obstacles,rollout,1,contact_recall,5,0,0.5111111111111111,0.060858061945018485,0.5555555555555556,0.4444444444444444,0.5555555555555556,0.43554584945664837,0.5866763727655737
gru,ood/unseen_obstacles,rollout,1,displacement_m,5,0,0.0614198896398653,0.0062446957332745355,0.058669059146961,0.05515003625704405,0.07091193544942345,0.05366607606190888,0.06917370321782172
gru,ood/unseen_obstacles,rollout,1,fde_m,5,0,0.0614198896398653,0.0062446957332745355,0.058669059146961,0.05515003625704405,0.07091193544942345,0.05366607606190888,0.06917370321782172
gru,ood/unseen_obstacles,rollout,1,position_mse,5,0,0.0026893104522991216,0.0006244415984947372,0.002290853349777305,0.0022316952827970177,0.0036529635626597347,0.0019139638298448034,0.00346465707475344
gru,ood/unseen_obstacles,rollout,1,rotation_mae_rad,5,0,0.035735684307542766,0.002349990351285053,0.0353131996193862,0.03253866690651469,0.038622737755946476,0.03281778600278327,0.03865358261230226
gru,ood/unseen_obstacles,rollout,1,velocity_mse,5,0,1.3462727143626871,0.22946602043461195,1.2578952618435078,1.2100214201305692,1.7546019114147933,1.061353028773372,1.6311923999520024
gru,ood/unseen_obstacles,rollout,5,ade_m,5,0,0.19561238368886008,0.014685532853159341,0.19146845951443722,0.18377639965621884,0.21985239568967832,0.17737788694154738,0.21384688043617278
gru,ood/unseen_obstacles,rollout,5,contact_accuracy,5,0,0.6071428571428571,0.03149703941743562,0.5952380952380952,0.5714285714285714,0.6547619047619048,0.5680341187300285,0.6462515955556857
gru,ood/unseen_obstacles,rollout,5,contact_balanced_accuracy,5,0,0.8012048192771084,0.015938260910027684,0.7951807228915663,0.7831325301204819,0.8253012048192772,0.7814148552609782,0.8209947832932386
gru,ood/unseen_obstacles,rollout,5,contact_precision,5,0,0.029561249561249562,0.0024062745941203496,0.02857142857142857,0.02702702702702703,0.03333333333333333,0.026573465141143265,0.03254903398135586
gru,ood/unseen_obstacles,rollout,5,contact_recall,5,0,1.0,0.0,1.0,1.0,1.0,1.0,1.0
gru,ood/unseen_obstacles,rollout,5,displacement_m,5,0,0.33641037557150694,0.020042440590303398,0.33388707218785196,0.31683823753798424,0.3684707612274114,0.3115243995973037,0.36129635154571016
gru,ood/unseen_obstacles,rollout,5,fde_m,5,0,0.33641037557150694,0.020042440590303398,0.33388707218785196,0.31683823753798424,0.3684707612274114,0.3115243995973037,0.36129635154571016
gru,ood/unseen_obstacles,rollout,5,position_mse,5,0,0.09372898123625595,0.008538150337482437,0.09162757132748076,0.08322423106239929,0.10668824424928351,0.08312746775263752,0.10433049471987438
gru,ood/unseen_obstacles,rollout,5,rotation_mae_rad,5,0,0.22829250262987436,0.016694896129558694,0.2264990240262717,0.20827116334203843,0.2474020465174582,0.2075630519374761,0.24902195332227262
gru,ood/unseen_obstacles,rollout,5,velocity_mse,5,0,5.55796754486164,0.4610890157620487,5.443076488466484,4.987732491043713,6.250513748230403,4.985449935715036,6.130485154008244
gru,ood/unseen_obstacles,rollout,10,ade_m,5,0,0.37278631979103516,0.01556298955995441,0.37313899480354606,0.35724994654800396,0.3972544574364056,0.3534623166821933,0.392110322899877
gru,ood/unseen_obstacles,rollout,10,contact_accuracy,5,0,0.6619047619047619,0.01805446534297989,0.6666666666666666,0.6309523809523809,0.6785714285714286,0.6394871831309544,0.6843223406785693
gru,ood/unseen_obstacles,rollout,10,contact_balanced_accuracy,5,0,0.7823163138231631,0.025705584360554992,0.7764632627646326,0.74906600249066,0.8082191780821918,0.7503986163792142,0.814234011267112
gru,ood/unseen_obstacles,rollout,10,contact_precision,5,0,0.27243012243012243,0.01343043368819182,0.2777777777777778,0.25,0.28205128205128205,0.25575403707107824,0.2891062077891666
gru,ood/unseen_obstacles,rollout,10,contact_recall,5,0,0.9454545454545454,0.049792959773196935,0.9090909090909091,0.9090909090909091,1.0,0.8836284222827123,1.0072806686263784
gru,ood/unseen_obstacles,rollout,10,displacement_m,5,0,0.6882508087922204,0.014681300802975852,0.6851442460581668,0.6740412509085564,0.7057561746494094,0.6700215668290601,0.7064800507553808
gru,ood/unseen_obstacles,rollout,10,fde_m,5,0,0.6882508087922204,0.014681300802975852,0.6851442460581668,0.6740412509085564,0.7057561746494094,0.6700215668290601,0.7064800507553808
gru,ood/unseen_obstacles,rollout,10,position_mse,5,0,0.41334148071393007,0.008637946730523345,0.41352402681105865,0.40394107727536926,0.4225474259482355,0.4026160536466172,0.42406690778124295
gru,ood/unseen_obstacles,rollout,10,rotation_mae_rad,5,0,0.4716103073875046,0.03628294521763627,0.45831603528152765,0.4314946768320739,0.5138468098807951,0.4265590822689294,0.5166615325060797
gru,ood/unseen_obstacles,rollout,10,velocity_mse,5,0,6.051114595641901,0.4262344543770052,6.034517760166539,5.441752251257235,6.459034207794456,5.521874638900526,6.580354552383277
gru,ood/unseen_obstacles,rollout,20,ade_m,5,0,0.7279692652886807,0.0061539019729968635,0.7298222599639451,0.718073000261129,0.7342072890148367,0.7203281870498511,0.7356103435275102
gru,ood/unseen_obstacles,rollout,20,contact_accuracy,5,0,0.49523809523809526,0.034297286406876036,0.4880952380952381,0.4523809523809524,0.5357142857142857,0.45265239108414007,0.5378237993920504
gru,ood/unseen_obstacles,rollout,20,contact_balanced_accuracy,5,0,0.6820512820512821,0.04266554177511212,0.6730769230769231,0.6410256410256411,0.7435897435897436,0.6290750168725048,0.7350275472300594
gru,ood/unseen_obstacles,rollout,20,contact_precision,5,0,0.11452962263016477,0.010374540412518396,0.11538461538461539,0.10416666666666667,0.13043478260869565,0.10164792979011006,0.12741131547021947
gru,ood/unseen_obstacles,rollout,20,contact_recall,5,0,0.9,0.09128709291752767,0.8333333333333334,0.8333333333333334,1.0,0.786652107518306,1.0133478924816939
gru,ood/unseen_obstacles,rollout,20,displacement_m,5,0,1.4128767199406382,0.024783171432650585,1.4147840403158878,1.3843852326285133,1.4451213223294943,1.3821043493773502,1.4436490905039263
gru,ood/unseen_obstacles,rollout,20,fde_m,5,0,1.4128767199406382,0.024783171432650585,1.4147840403158878,1.3843852326285133,1.4451213223294943,1.3821043493773502,1.4436490905039263
gru,ood/unseen_obstacles,rollout,20,position_mse,5,0,1.6285449428790513,0.07758129651210843,1.6066981709955062,1.545425737986029,1.744195276866833,1.5322150437158757,1.7248748420422269
gru,ood/unseen_obstacles,rollout,20,rotation_mae_rad,5,0,0.9387406533682853,0.04741622825288823,0.949342299969423,0.8865116699259128,0.9952664888156039,0.8798656320468001,0.9976156746897704
gru,ood/unseen_obstacles,rollout,20,velocity_mse,5,0,11.390106068589558,0.3780716178355864,11.398975709759968,10.776803722805468,11.771237707444742,10.920668169767172,11.859543967411945
gru,ood/unseen_obstacles,rollout,50,ade_m,5,0,1.5934674994477651,0.034962209451736066,1.5802050424950107,1.5669510480575373,1.6528051782626347,1.550056184318713,1.6368788145768172
gru,ood/unseen_obstacles,rollout,50,contact_accuracy,5,0,0.3119047619047619,0.11243541860111995,0.30952380952380953,0.19047619047619047,0.4523809523809524,0.17229775579440504,0.4515117680151188
gru,ood/unseen_obstacles,rollout,50,contact_balanced_accuracy,5,0,0.6154430379746836,0.07339807681308141,0.5822784810126582,0.5392405063291139,0.7088607594936709,0.5243072919115633,0.7065787840378038
gru,ood/unseen_obstacles,rollout,50,contact_precision,5,0,0.07836287727199824,0.014409098245565351,0.07042253521126761,0.06557377049180328,0.09803921568627451,0.06047161941178748,0.096254135132209
gru,ood/unseen_obstacles,rollout,50,contact_recall,5,0,0.96,0.08944271909999157,1.0,0.8,1.0,0.8489422,1.0710578
gru,ood/unseen_obstacles,rollout,50,displacement_m,5,0,2.68566775073118,0.1131908331107427,2.6381743059856935,2.5924548018990343,2.8781109840155885,2.545122773656043,2.826212727806317
gru,ood/unseen_obstacles,rollout,50,fde_m,5,0,2.68566775073118,0.1131908331107427,2.6381743059856935,2.5924548018990343,2.8781109840155885,2.545122773656043,2.826212727806317
gru,ood/unseen_obstacles,rollout,50,position_mse,5,0,5.747316727501186,0.35241088502042006,5.82538913353592,5.175243588541615,6.130311929516613,5.309740835575686,6.1848926194266864
gru,ood/unseen_obstacles,rollout,50,rotation_mae_rad,5,0,1.4678195391048205,0.15583268372626385,1.4893401633347576,1.2324841270783191,1.6482328900080556,1.2743277133097315,1.6613113648999096
gru,ood/unseen_obstacles,rollout,50,velocity_mse,5,0,7.562612618026168,1.3210960158933875,7.327040727676577,6.333027984340137,9.588056385292978,5.92225531907305,9.202969916979285
gru,ood/unseen_velocity,one_step,1,contact_accuracy,5,0,0.7551485551485552,0.021096602175061322,0.765974765974766,0.7207977207977208,0.77004477004477,0.7289536647358625,0.7813434455612478
gru,ood/unseen_velocity,one_step,1,contact_balanced_accuracy,5,0,0.6954743083003952,0.009861558988244487,0.6943017127799735,0.685441370223979,0.7074549846288977,0.6832295660024751,0.7077190505983154
gru,ood/unseen_velocity,one_step,1,contact_precision,5,0,0.1746617645454252,0.008779084529260323,0.17755443886097153,0.16356382978723405,0.184,0.16376109176127482,0.18556243732957559
gru,ood/unseen_velocity,one_step,1,contact_recall,5,0,0.6255555555555555,0.03697680287176386,0.6111111111111112,0.5888888888888889,0.6833333333333333,0.5796427924006151,0.671468318710496
gru,ood/unseen_velocity,one_step,1,displacement_m,5,0,0.09437239628762545,0.006911893731354376,0.09339391012831594,0.08591465906758898,0.1026552411433396,0.08579014700716858,0.10295464556808231
gru,ood/unseen_velocity,one_step,1,position_mse,5,0,0.007456183024776533,0.0011385855162727668,0.007186449402172231,0.006421253751269436,0.00915419802251246,0.006042442433910155,0.008869923615642912
gru,ood/unseen_velocity,one_step,1,rotation_mae_rad,5,0,0.043586622971072256,0.008361493847108938,0.040869025256143866,0.03831223780595639,0.058340394383382406,0.033204457483288666,0.053968788458855846
gru,ood/unseen_velocity,one_step,1,velocity_mse,5,0,2.6476965812902935,0.12124852329176364,2.6656965769056193,2.492882790058585,2.772170710497147,2.497146660787784,2.798246501792803
gru,ood/unseen_velocity,rollout,1,ade_m,5,0,0.11930534339388292,0.014349823816406522,0.11611238599555947,0.10480333953103799,0.14081407114451241,0.10148768445558415,0.1371230023321817
gru,ood/unseen_velocity,rollout,1,contact_accuracy,5,0,0.8317460317460318,0.02129588549999798,0.8412698412698413,0.8095238095238095,0.8571428571428571,0.8053036984126984,0.8581883650793651
gru,ood/unseen_velocity,rollout,1,contact_balanced_accuracy,5,0,0.6771186440677965,0.011369837173727713,0.6822033898305084,0.6652542372881356,0.6906779661016949,0.663001127118644,0.6912361610169491
gru,ood/unseen_velocity,rollout,1,contact_precision,5,0,0.19111111111111112,0.02408831487630978,0.2,0.16666666666666666,0.2222222222222222,0.16120151888505715,0.2210207033371651
gru,ood/unseen_velocity,rollout,1,contact_recall,5,0,0.5,0.0,0.5,0.5,0.5,0.5,0.5
gru,ood/unseen_velocity,rollout,1,displacement_m,5,0,0.11930534339388292,0.014349823816406522,0.11611238599555947,0.10480333953103799,0.14081407114451241,0.10148768445558415,0.1371230023321817
gru,ood/unseen_velocity,rollout,1,fde_m,5,0,0.11930534339388292,0.014349823816406522,0.11611238599555947,0.10480333953103799,0.14081407114451241,0.10148768445558415,0.1371230023321817
gru,ood/unseen_velocity,rollout,1,position_mse,5,0,0.00987873352300216,0.00273849755559218,0.008535368075416253,0.007595044353277355,0.014187962594814986,0.006478439827889376,0.013279027218114943
gru,ood/unseen_velocity,rollout,1,rotation_mae_rad,5,0,0.04315327595650182,0.010969648073160356,0.042127360625577696,0.034493968145410066,0.061665573710382456,0.0295326593871701,0.056773892525833536
gru,ood/unseen_velocity,rollout,1,velocity_mse,5,0,0.8036609384497814,0.09109239170313038,0.7932777755926979,0.694083705279985,0.9216449445018394,0.6905547994472512,0.9167670774523116
gru,ood/unseen_velocity,rollout,5,ade_m,5,0,0.34729734379717125,0.04080970078608668,0.3332782279335619,0.29846706502401893,0.40537578623725473,0.296625409473548,0.3979692781207945
gru,ood/unseen_velocity,rollout,5,contact_accuracy,5,0,0.7841269841269841,0.02656063576298652,0.7777777777777778,0.7619047619047619,0.8253968253968254,0.751147600180249,0.8171063680737193
gru,ood/unseen_velocity,rollout,5,contact_balanced_accuracy,5,0,0.6467213114754098,0.013715738139902893,0.6434426229508197,0.6352459016393442,0.6680327868852459,0.6296909738635711,0.6637516490872485
gru,ood/unseen_velocity,rollout,5,contact_precision,5,0,0.07451881451881452,0.010090635411099948,0.07142857142857142,0.06666666666666667,0.09090909090909091,0.06198963628457454,0.08704799275305451
gru,ood/unseen_velocity,rollout,5,contact_recall,5,0,0.5,0.0,0.5,0.5,0.5,0.5,0.5
gru,ood/unseen_velocity,rollout,5,displacement_m,5,0,0.5625263302093186,0.07007137368974209,0.5531515452197712,0.47444026543583334,0.6616795651950921,0.4755212314906531,0.6495314289279841
gru,ood/unseen_velocity,rollout,5,fde_m,5,0,0.5625263302093186,0.07007137368974209,0.5531515452197712,0.47444026543583334,0.6616795651950921,0.4755212314906531,0.6495314289279841
gru,ood/unseen_velocity,rollout,5,position_mse,5,0,0.21932890013574072,0.055905779118995455,0.21005866830734135,0.16278241198763205,0.30513515204584907,0.14991270954228908,0.28874509072919236
gru,ood/unseen_velocity,rollout,5,rotation_mae_rad,5,0,0.24025937418739643,0.047268340022690924,0.24221358911549468,0.18885525291420613,0.29975330406454903,0.18156798035014782,0.29895076802464504
gru,ood/unseen_velocity,rollout,5,velocity_mse,5,0,7.631461349092647,0.5447222456274529,7.669716841714527,6.888559675616651,8.324899876276753,6.955099373303271,8.307823324882024
gru,ood/unseen_velocity,rollout,10,ade_m,5,0,0.6267487790454775,0.06826824825797112,0.6271304375314968,0.5345601411080322,0.7204215930136911,0.541982556174858,0.7115150019160971
gru,ood/unseen_velocity,rollout,10,contact_accuracy,5,0,0.6571428571428571,0.024072620457306498,0.6666666666666666,0.6190476190476191,0.6825396825396826,0.627252752111114,0.6870329621746003
gru,ood/unseen_velocity,rollout,10,contact_balanced_accuracy,5,0,0.3877049180327869,0.11154771040133772,0.3442622950819672,0.319672131147541,0.5860655737704918,0.24920014719324687,0.5262096888723269
gru,ood/unseen_velocity,rollout,10,contact_precision,5,0,0.009523809523809523,0.021295885499997995,0.0,0.0,0.047619047619047616,-0.016918523809523807,0.03596614285714285
gru,ood/unseen_velocity,rollout,10,contact_recall,5,0,0.1,0.22360679774997896,0.0,0.0,0.5,-0.17764449999999996,0.37764449999999994
gru,ood/unseen_velocity,rollout,10,displacement_m,5,0,1.1402957410277792,0.1142502694745421,1.1703782796419686,0.9673153226282124,1.2802333169260294,0.9984353000111666,1.2821561820443916
gru,ood/unseen_velocity,rollout,10,fde_m,5,0,1.1402957410277792,0.1142502694745421,1.1703782796419686,0.9673153226282124,1.2802333169260294,0.9984353000111666,1.2821561820443916
gru,ood/unseen_velocity,rollout,10,position_mse,5,0,0.9062189635041843,0.18488046677749784,0.9360749245344353,0.6903733297634378,1.1671760307606642,0.6766595526333231,1.1357783743750456
gru,ood/unseen_velocity,rollout,10,rotation_mae_rad,5,0,0.5555835963069444,0.08301322776941712,0.5560873224351642,0.46635441314362036,0.6387232575593568,0.4525090639164009,0.658658128697488
gru,ood/unseen_velocity,rollout,10,velocity_mse,5,0,16.823914572851972,1.4313708664473628,16.74007321060555,15.41078076307874,18.96280840173807,15.04663296724666,18.601196178457283
gru,ood/unseen_velocity,rollout,20,ade_m,5,0,1.1698937038004131,0.10545958505448123,1.1901662910500344,1.016688306626269,1.3067964395689495,1.0389483387341953,1.300839068866631
gru,ood/unseen_velocity,rollout,20,contact_accuracy,5,0,0.6349206349206349,0.07273929674533079,0.6349206349206349,0.5238095238095238,0.7142857142857143,0.5446028723193819,0.7252383975218879
gru,ood/unseen_velocity,rollout,20,contact_balanced_accuracy,5,0,0.7236842105263158,0.04019803241189337,0.7236842105263158,0.6622807017543859,0.7675438596491229,0.6737717627729918,0.7735966582796399
gru,ood/unseen_velocity,rollout,20,contact_precision,5,0,0.18928429957841722,0.03049813722700154,0.18518518518518517,0.14705882352941177,0.22727272727272727,0.15141586200618323,0.2271527371506512
gru,ood/unseen_velocity,rollout,20,contact_recall,5,0,0.8333333333333334,0.0,0.8333333333333334,0.8333333333333334,0.8333333333333334,0.8333333333333334,0.8333333333333334
gru,ood/unseen_velocity,rollout,20,displacement_m,5,0,2.1902906043196655,0.15356845311981462,2.2156505303897553,1.9713438588526513,2.390297134746771,1.9996101920457128,2.380971016593618
gru,ood/unseen_velocity,rollout,20,fde_m,5,0,2.1902906043196655,0.15356845311981462,2.2156505303897553,1.9713438588526513,2.390297134746771,1.9996101920457128,2.380971016593618
gru,ood/unseen_velocity,rollout,20,position_mse,5,0,3.601549570973133,0.45369274241775626,3.536580944335593,3.1186626724418556,4.203322816115894,3.0382156478110476,4.164883494135219
gru,ood/unseen_velocity,rollout,20,rotation_mae_rad,5,0,1.0388198665573491,0.07249834489066544,1.0423151639501953,0.9658797011448255,1.1372128258015257,0.9488012851879988,1.1288384479266995
gru,ood/unseen_velocity,rollout,20,velocity_mse,5,0,18.270052561258698,3.44106474413936,18.452209679004,14.37777375862786,22.471576105740496,13.99740651486054,22.542698607656856
gru,ood/unseen_velocity,rollout,50,ade_m,5,0,2.6503055253096677,0.10566975351073914,2.6448010472396755,2.495639413533002,2.7867720876888478,2.519099201647644,2.7815118489716912
gru,ood/unseen_velocity,rollout,50,contact_accuracy,5,0,0.5142857142857142,0.03654242677213124,0.5079365079365079,0.47619047619047616,0.5714285714285714,0.46891230027493225,0.5596591282964962
gru,ood/unseen_velocity,rollout,50,contact_balanced_accuracy,5,0,0.3596774193548387,0.223461324572295,0.25806451612903225,0.24193548387096775,0.7580645161290323,0.0822135481554293,0.6371412905542482
gru,ood/unseen_velocity,rollout,50,contact_precision,5,0,0.0064516129032258064,0.014426245016127675,0.0,0.0,0.03225806451612903,-0.011460935483870966,0.024364161290322577
gru,ood/unseen_velocity,rollout,50,contact_recall,5,0,0.2,0.4472135954999579,0.0,0.0,1.0,-0.3552889999999999,0.7552889999999999
gru,ood/unseen_velocity,rollout,50,displacement_m,5,0,4.749037277543449,0.18402588711744725,4.743671734868583,4.53154923839733,5.034857719330418,4.520538967429865,4.977535587657033
gru,ood/unseen_velocity,rollout,50,fde_m,5,0,4.749037277543449,0.18402588711744725,4.743671734868583,4.53154923839733,5.034857719330418,4.520538967429865,4.977535587657033
gru,ood/unseen_velocity,rollout,50,position_mse,5,0,19.41551145242931,0.7689268849302423,19.521886577454634,18.6268035075332,20.359370944007004,18.460762658335305,20.370260246523316
gru,ood/unseen_velocity,rollout,50,rotation_mae_rad,5,0,1.5291510421608647,0.13758842058211498,1.4526192057349672,1.3919923366013705,1.6900610790376744,1.3583124602273036,1.6999896240944259
gru,ood/unseen_velocity,rollout,50,velocity_mse,5,0,32.55540023126757,27.627582979632006,21.107420507161194,17.23670522021235,81.87561352232191,-1.7487736121645199,66.85957407469965
gru,test,one_step,1,contact_accuracy,5,0,0.6900543900543901,0.03348227663881782,0.7055167055167055,0.6435508935508936,0.7259129759129759,0.6484806541492744,0.7316281259595058
gru,test,one_step,1,contact_balanced_accuracy,5,0,0.6984755897233721,0.007376046613616117,0.6983978360382854,0.6901898942111834,0.7099623277920144,0.6893170185411848,0.7076341609055594
gru,test,one_step,1,contact_precision,5,0,0.14000312601760426,0.007322372620779088,0.14075887392900857,0.13244707040866568,0.14950819672131146,0.1309111998974374,0.1490950521377711
gru,test,one_step,1,contact_recall,5,0,0.7081871345029239,0.049379723584993124,0.6900584795321637,0.6666666666666666,0.7865497076023392,0.6468741118092973,0.7695001571965505
gru,test,one_step,1,displacement_m,5,0,0.05759659768346079,0.0038971122102002226,0.05553443268483183,0.054217083317544164,0.06317336588609407,0.05275769393843796,0.062435501428483614
gru,test,one_step,1,position_mse,5,0,0.002515062678616684,0.0003757825708399087,0.002341823804894715,0.002162115847412421,0.002931853210049143,0.0020484670069313366,0.002981658350302031
gru,test,one_step,1,rotation_mae_rad,5,0,0.03465954827413686,0.005672628900750847,0.03147595045411833,0.030955571577830902,0.04425354746402381,0.027616049459778177,0.04170304708849554
gru,test,one_step,1,velocity_mse,5,0,0.8107257076247852,0.06919017556650298,0.8031787937754159,0.7189886375525003,0.8871213462500175,0.7248147608495737,0.8966366543999967
gru,test,rollout,1,ade_m,5,0,0.0666676385576499,0.005257058632639565,0.06288694555317942,0.06278305394193306,0.07265037379381398,0.06014013836437801,0.07319513875092179
gru,test,rollout,1,contact_accuracy,5,0,0.8151515151515152,0.041355588072594505,0.8106060606060606,0.7727272727272727,0.8712121212121212,0.7638017722628397,0.8665012580401906
gru,test,rollout,1,contact_balanced_accuracy,5,0,0.78359375,0.021323975099931534,0.78125,0.76171875,0.8125,0.7571165388230268,0.8100709611769732
gru,test,rollout,1,contact_precision,5,0,0.11799296482205981,0.026609527186716865,0.1111111111111111,0.09375,0.15789473684210525,0.0849528741569579,0.15103305548716173
gru,test,rollout,1,contact_recall,5,0,0.75,0.0,0.75,0.75,0.75,0.75,0.75
gru,test,rollout,1,displacement_m,5,0,0.0666676385576499,0.005257058632639565,0.06288694555317942,0.06278305394193306,0.07265037379381398,0.06014013836437801,0.07319513875092179
gru,test,rollout,1,fde_m,5,0,0.0666676385576499,0.005257058632639565,0.06288694555317942,0.06278305394193306,0.07265037379381398,0.06014013836437801,0.07319513875092179
gru,test,rollout,1,position_mse,5,0,0.0031457659614313504,0.0006403499098806732,0.002755124121344767,0.0026352646329399826,0.003993874417485982,0.002350666562205321,0.00394086536065738
gru,test,rollout,1,rotation_mae_rad,5,0,0.03425896313584129,0.006242667054783572,0.030702846950553853,0.029355329742720898,0.04435820085193969,0.026507668494835594,0.04201025777684699
gru,test,rollout,1,velocity_mse,5,0,0.3570697640672344,0.025134391530192004,0.37496726361715566,0.32642945909267723,0.37587205228620185,0.325861296169907,0.3882782319645618
gru,test,rollout,5,ade_m,5,0,0.1997490688360185,0.013082032176313133,0.1910271538304456,0.18921205298566454,0.21632154687618257,0.18350558107480303,0.215992556597234
gru,test,rollout,5,contact_accuracy,5,0,0.793939393939394,0.01642385105202942,0.7954545454545454,0.7727272727272727,0.8181818181818182,0.7735464901489025,0.8143322977298854
gru,test,rollout,5,contact_balanced_accuracy,5,0,0.8912,0.008671793355471528,0.892,0.88,0.904,0.8804325467986206,0.9019674532013794
gru,test,rollout,5,contact_precision,5,0,0.20535206933688907,0.013311907231413653,0.20588235294117646,0.1891891891891892,0.22580645161290322,0.18882315400648483,0.2218809846672933
gru,test,rollout,5,contact_recall,5,0,1.0,0.0,1.0,1.0,1.0,1.0,1.0
gru,test,rollout,5,displacement_m,5,0,0.33438316890242176,0.018886098208626155,0.3217916853476356,0.31973544306181484,0.35570602359392456,0.3109329815787432,0.3578333562261003
gru,test,rollout,5,fde_m,5,0,0.33438316890242176,0.018886098208626155,0.3217916853476356,0.31973544306181484,0.35570602359392456,0.3109329815787432,0.3578333562261003
gru,test,rollout,5,position_mse,5,0,0.08231379207460068,0.012790897863151893,0.07581239499961234,0.0710513404250159,0.10008080748265631,0.06643179529498261,0.09819578885421876
gru,test,rollout,5,rotation_mae_rad,5,0,0.20036768670947766,0.02861432301704791,0.18843045414184223,0.17625715129806568,0.24266224594900482,0.16483831333242208,0.23589706008653324
gru,test,rollout,5,velocity_mse,5,0,3.5628069929936492,0.268224863240637,3.495408092149026,3.2527771254363986,3.959918670280696,3.2297618495034977,3.895852136483801
gru,test,rollout,10,ade_m,5,0,0.3715720934116573,0.017348138622421887,0.36348979323625674,0.35636909692657043,0.39191585958369735,0.35003153506450635,0.3931126517588083
gru,test,rollout,10,contact_accuracy,5,0,0.6393939393939394,0.020468569827433763,0.6363636363636364,0.6136363636363636,0.6666666666666666,0.613978854107457,0.6648090246804218
gru,test,rollout,10,contact_balanced_accuracy,5,0,0.5157258064516129,0.010894561359763182,0.5141129032258065,0.502016129032258,0.530241935483871,0.5021984223475174,0.5292531905557084
gru,test,rollout,10,contact_precision,5,0,0.06597641158893967,0.003948250682177346,0.06521739130434782,0.061224489795918366,0.07142857142857142,0.06107401104674555,0.0708788121311338
gru,test,rollout,10,contact_recall,5,0,0.375,0.0,0.375,0.375,0.375,0.375,0.375
gru,test,rollout,10,displacement_m,5,0,0.688240965860945,0.02332977929405049,0.6849328170812511,0.6609454395147502,0.7198828102394266,0.6592732199230529,0.717208711798837
gru,test,rollout,10,fde_m,5,0,0.688240965860945,0.02332977929405049,0.6849328170812511,0.6609454395147502,0.7198828102394266,0.6592732199230529,0.717208711798837
gru,test,rollout,10,position_mse,5,0,0.3699402586289548,0.0367602764852427,0.3656588179327805,0.3387988399882865,0.43111786915387523,0.3242963484826322,0.4155841687752774
gru,test,rollout,10,rotation_mae_rad,5,0,0.434230325912376,0.050224151386012494,0.4208314975201799,0.3872624104523375,0.5128110898017623,0.37186880765886815,0.4965918441658838
gru,test,rollout,10,velocity_mse,5,0,5.046839738131289,0.7423905967945403,4.883372493764689,4.3415493954467115,5.936783827502008,4.125040096412923,5.968639379849654
gru,test,rollout,20,ade_m,5,0,0.7228425560736411,0.019115816567513794,0.7179753663692658,0.6992808556801182,0.7467006240134324,0.6991071357448126,0.7465779764024696
gru,test,rollout,20,contact_accuracy,5,0,0.5409090909090909,0.0231029555787529,0.5378787878787878,0.5151515151515151,0.5681818181818182,0.5122229838017516,0.5695951980164302
gru,test,rollout,20,contact_balanced_accuracy,5,0,0.5453125,0.09919106405064924,0.51953125,0.41015625,0.65625,0.4221505314913164,0.6684744685086835
gru,test,rollout,20,contact_precision,5,0,0.03573841258614807,0.012913915996906378,0.03278688524590164,0.017857142857142856,0.05084745762711865,0.019703668624508338,0.0517731565477878
gru,test,rollout,20,contact_recall,5,0,0.55,0.2091650066335189,0.5,0.25,0.75,0.29028735141946066,0.8097126485805395
gru,test,rollout,20,displacement_m,5,0,1.384503194850491,0.022412284661732014,1.3909227968187021,1.3610844551164891,1.4115563207916366,1.3566746689229296,1.4123317207780521
gru,test,rollout,20,fde_m,5,0,1.384503194850491,0.022412284661732014,1.3909227968187021,1.3610844551164891,1.4115563207916366,1.3566746689229296,1.4123317207780521
gru,test,rollout,20,position_mse,5,0,1.4523803713065573,0.08165986808394492,1.4779254305078482,1.3628880634104816,1.5319206637452272,1.350986256850415,1.5537744857626996
gru,test,rollout,20,rotation_mae_rad,5,0,0.8705599662555598,0.08909336584718039,0.8545611451569316,0.7544962605031259,1.0012872660231793,0.7599359455957951,0.9811839869153244
gru,test,rollout,20,velocity_mse,5,0,8.557926325004821,0.6309767919010497,8.749186445310492,7.503682114716138,9.17758528722489,7.77446518848404,9.341387461525603
gru,test,rollout,50,ade_m,5,0,1.699351756760492,0.0585975864876988,1.7015983247256168,1.61132118273107,1.7761080633413477,1.6265932459938603,1.7721102675271239
gru,test,rollout,50,contact_accuracy,5,0,0.37272727272727274,0.10584393452468473,0.3560606060606061,0.24242424242424243,0.5075757575757576,0.24130467477925668,0.5041498706752888
gru,test,rollout,50,contact_balanced_accuracy,5,0,0.4907258064516129,0.050253810795597466,0.5040322580645161,0.4213709677419355,0.5403225806451613,0.4283274611784108,0.553124151724815
gru,test,rollout,50,contact_precision,5,0,0.05968078144911183,0.008074009911258638,0.06153846153846154,0.049019607843137254,0.06741573033707865,0.049655574401010545,0.06970598849721313
gru,test,rollout,50,contact_recall,5,0,0.625,0.08838834764831845,0.625,0.5,0.75,0.5152513750226726,0.7347486249773274
gru,test,rollout,50,displacement_m,5,0,3.0617235679697417,0.1746508541101078,3.0303786542100144,2.842030725679877,3.3176858865200956,2.8448658983822868,3.2785812375571965
gru,test,rollout,50,fde_m,5,0,3.0617235679697417,0.1746508541101078,3.0303786542100144,2.842030725679877,3.3176858865200956,2.8448658983822868,3.2785812375571965
gru,test,rollout,50,position_mse,5,0,7.3888879447827716,0.8108039627799702,7.208051170986877,6.479949951459387,8.663641308373492,6.3821418927429265,8.395633996822617
gru,test,rollout,50,rotation_mae_rad,5,0,1.5757835749112519,0.03525542183900227,1.585865730433292,1.5377514585958485,1.6162897932613813,1.5320081885308985,1.6195589612916053
gru,test,rollout,50,velocity_mse,5,0,12.104418912603863,1.7406778125371198,12.12522903930938,10.33220609657455,14.454871169858562,9.943082022196167,14.26575580301156
gru,validation,one_step,1,contact_accuracy,5,0,0.7415087328130806,0.03158933908722185,0.7551096246748421,0.691007060572278,0.7683017465626161,0.7022853892275747,0.7807320763985865
gru,validation,one_step,1,contact_balanced_accuracy,5,0,0.7055203331332534,0.012813932615147891,0.6988764255702281,0.6973476890756303,0.7275081907763106,0.689609734932458,0.7214309313340487
gru,validation,one_step,1,contact_precision,5,0,0.16913601359977026,0.012370908158593768,0.17394468704512372,0.15149863760217983,0.1818801089918256,0.15377550289615946,0.18449652430338107
gru,validation,one_step,1,contact_recall,5,0,0.6635416666666667,0.046780866128834,0.6614583333333334,0.6145833333333334,0.7239583333333334,0.6054555515905508,0.7216277817427826
gru,validation,one_step,1,displacement_m,5,0,0.0540359286181807,0.0013859705942184447,0.05409658020498275,0.05229016651452264,0.05609683841968219,0.05231501889397479,0.05575683834238661
gru,validation,one_step,1,position_mse,5,0,0.0021665042962888976,0.0001959768362679119,0.002165709148321129,0.0019026033881636443,0.0023603310076105457,0.0019231669234330612,0.0024098416691447342
gru,validation,one_step,1,rotation_mae_rad,5,0,0.032792090392754554,0.00453445701764672,0.03039188935301309,0.029790875107477015,0.040584984061231254,0.027161818575867747,0.03842236220964136
gru,validation,one_step,1,velocity_mse,5,0,0.6890617686383433,0.04190795897498194,0.6800623020696547,0.6317922857843609,0.7453920664799611,0.6370261667125049,0.7410973705641818
gru,validation,rollout,1,ade_m,5,0,0.06350755808105928,0.0038689476518860197,0.06387273779611237,0.05904562812151276,0.0673252435401763,0.058703625252795474,0.06831149090932308
gru,validation,rollout,1,contact_accuracy,5,0,0.8217391304347826,0.020238029048940474,0.8260869565217391,0.7971014492753623,0.8405797101449275,0.7966102993222273,0.846867961547338
gru,validation,rollout,1,contact_balanced_accuracy,5,0,0.7411538461538462,0.04375475460216706,0.739423076923077,0.6807692307692308,0.7903846153846155,0.6868251446725759,0.7954825476351164
gru,validation,rollout,1,contact_precision,5,0,0.19287020450813555,0.017798760361711314,0.1875,0.1724137931034483,0.21428571428571427,0.1707701253917008,0.2149702836245703
gru,validation,rollout,1,contact_recall,5,0,0.65,0.10458250331675945,0.625,0.5,0.75,0.5201436757097303,0.7798563242902697
gru,validation,rollout,1,displacement_m,5,0,0.06350755808105928,0.0038689476518860197,0.06387273779611237,0.05904562812151276,0.0673252435401763,0.058703625252795474,0.06831149090932308
gru,validation,rollout,1,fde_m,5,0,0.06350755808105928,0.0038689476518860197,0.06387273779611237,0.05904562812151276,0.0673252435401763,0.058703625252795474,0.06831149090932308
gru,validation,rollout,1,position_mse,5,0,0.0029112049760442976,0.00044183471756078125,0.00288324736312087,0.002439188979777218,0.003457606634432071,0.0023625947348790517,0.0034598152172095435
gru,validation,rollout,1,rotation_mae_rad,5,0,0.03463084072795753,0.004085456179017824,0.03346327287513052,0.030989099597985598,0.04041973121510161,0.02955807706643588,0.03970360438947918
gru,validation,rollout,1,velocity_mse,5,0,1.2680804390551985,0.26463259049831894,1.396487623841439,0.9378231706996525,1.5153947976476394,0.9394956911319104,1.5966651869784867
gru,validation,rollout,5,ade_m,5,0,0.19080794270931606,0.011158835595609751,0.19531488653524687,0.17881156674763046,0.20188855971916977,0.17695241881335005,0.20466346660528206
gru,validation,rollout,5,contact_accuracy,5,0,0.7536231884057971,0.02561981091255605,0.7608695652173914,0.7101449275362319,0.7753623188405797,0.721811992760195,0.7854343840513992
gru,validation,rollout,5,contact_balanced_accuracy,5,0,0.7000715819613457,0.034915014295291556,0.7000715819613457,0.6624910522548317,0.7534001431639227,0.65671886735672,0.7434242965659713
gru,validation,rollout,5,contact_precision,5,0,0.19013453946422484,0.022705889271926124,0.1891891891891892,0.16279069767441862,0.2222222222222222,0.16194145527629172,0.21832762365215796
gru,validation,rollout,5,contact_recall,5,0,0.6363636363636364,0.06428243465332252,0.6363636363636364,0.5454545454545454,0.7272727272727273,0.5565464545619436,0.7161808181653291
gru,validation,rollout,5,displacement_m,5,0,0.3198031192334042,0.01854203069540257,0.3265911264609816,0.2991932216797843,0.34048245340381733,0.29678014813765996,0.34282609032914846
gru,validation,rollout,5,fde_m,5,0,0.3198031192334042,0.01854203069540257,0.3265911264609816,0.2991932216797843,0.34048245340381733,0.29678014813765996,0.34282609032914846
gru,validation,rollout,5,position_mse,5,0,0.07985782255974401,0.010523184400932474,0.08046274784206991,0.06881308937435208,0.09150362496458297,0.06679156383771923,0.0929240812817688
gru,validation,rollout,5,rotation_mae_rad,5,0,0.19894153145170193,0.019578304394222104,0.19047611358012914,0.17901188946525542,0.2293800148685008,0.1746318566606004,0.22325120624280345
gru,validation,rollout,5,velocity_mse,5,0,3.1486229615568804,0.1904138263822232,3.1684699699573433,2.888583472982861,3.418062927303121,2.9121929775360385,3.3850529455777223
gru,validation,rollout,10,ade_m,5,0,0.35173382057302666,0.017356539686745664,0.35620809437863415,0.33237784156381767,0.3719610226237627,0.33018283092715345,0.37328481021889987
gru,validation,rollout,10,contact_accuracy,5,0,0.6840579710144927,0.03497831416274543,0.7028985507246377,0.6304347826086957,0.7101449275362319,0.6406266592463365,0.7274892827826489
gru,validation,rollout,10,contact_balanced_accuracy,5,0,0.6911290322580645,0.03678842208250356,0.6877880184331797,0.6486175115207373,0.743663594470046,0.6454501747382393,0.7368078897778898
gru,validation,rollout,10,contact_precision,5,0,0.2000310206777172,0.021016638589255867,0.19230769230769232,0.17543859649122806,0.22916666666666666,0.17393541816692457,0.22612662318850982
gru,validation,rollout,10,contact_recall,5,0,0.7,0.07824607964359517,0.7142857142857143,0.5714285714285714,0.7857142857142857,0.6028446635871194,0.7971553364128805
gru,validation,rollout,10,displacement_m,5,0,0.6373915033588022,0.02314444276804788,0.6349818922338217,0.6147907805475272,0.6696179349591791,0.6086538831040804,0.666129123613524
gru,validation,rollout,10,fde_m,5,0,0.6373915033588022,0.02314444276804788,0.6349818922338217,0.6147907805475272,0.6696179349591791,0.6086538831040804,0.666129123613524
gru,validation,rollout,10,position_mse,5,0,0.30996059552681227,0.03519201679397575,0.2959918683743066,0.2792119052241392,0.3521358683172081,0.26626393690518985,0.3536572541484347
gru,validation,rollout,10,rotation_mae_rad,5,0,0.43711238566726945,0.030435112997788925,0.42752012050135824,0.41276216465799015,0.48762147683959545,0.3993222030084983,0.4749025683260406
gru,validation,rollout,10,velocity_mse,5,0,5.043747680259691,0.28978818860791306,4.91627404233505,4.780705344277592,5.407308736100531,4.683928132993905,5.403567227525477
gru,validation,rollout,20,ade_m,5,0,0.6503228668064988,0.020958022785499693,0.648372808302784,0.6244881742192858,0.67261999448607,0.6243000454261983,0.6763456881867992
gru,validation,rollout,20,contact_accuracy,5,0,0.563768115942029,0.013938684102660404,0.5652173913043478,0.5434782608695652,0.5797101449275363,0.5464609543651782,0.5810752775188799
gru,validation,rollout,20,contact_balanced_accuracy,5,0,0.5575396825396826,0.06675636444944731,0.5615079365079365,0.4563492063492064,0.6190476190476191,0.47465071129244635,0.6404286537869188
gru,validation,rollout,20,contact_precision,5,0,0.10677682626748841,0.023927308178451397,0.1076923076923077,0.07017543859649122,0.12903225806451613,0.07706715025406018,0.13648650228091663
gru,validation,rollout,20,contact_recall,5,0,0.55,0.13944333775567924,0.5833333333333334,0.3333333333333333,0.6666666666666666,0.3768582342796405,0.7231417657203596
gru,validation,rollout,20,displacement_m,5,0,1.2048308847413036,0.05324916132842746,1.2363744919021658,1.1438574543384619,1.2492616452304501,1.138713320690405,1.2709484487922023
gru,validation,rollout,20,fde_m,5,0,1.2048308847413036,0.05324916132842746,1.2363744919021658,1.1438574543384619,1.2492616452304501,1.138713320690405,1.2709484487922023
gru,validation,rollout,20,position_mse,5,0,1.0871783114701028,0.1227960384922782,1.158264526572578,0.9465824075679792,1.1980504302490311,0.9347068971292455,1.2396497258109602
gru,validation,rollout,20,rotation_mae_rad,5,0,0.8700144908466011,0.08214285018405129,0.8239267461303037,0.8090349004324379,1.004113171208744,0.7680206749277021,0.9720083067655001
gru,validation,rollout,20,velocity_mse,5,0,7.14500669493846,0.21693154555644806,7.150429761574164,6.8300738400902805,7.441489007999028,6.875650614952055,7.414362774924865
gru,validation,rollout,50,ade_m,5,0,1.4335392665792115,0.06189030728933517,1.4412240601130335,1.3550012957377426,1.5187138241082494,1.3566923030919602,1.5103862300664628
gru,validation,rollout,50,contact_accuracy,5,0,0.4391304347826087,0.06923987933676089,0.427536231884058,0.34057971014492755,0.5217391304347826,0.3531577726276313,0.5251030969375862
gru,validation,rollout,50,contact_balanced_accuracy,5,0,0.562419470293486,0.007450200192732536,0.560486757337151,0.554402290622763,0.5740873299928417,0.5531688252852606,0.5716701153017115
gru,validation,rollout,50,contact_precision,5,0,0.09544726938954196,0.003591613152880018,0.0945945945945946,0.09183673469387756,0.10144927536231885,0.09098769281110634,0.09990684596797757
gru,validation,rollout,50,contact_recall,5,0,0.7090909090909091,0.07606000241218872,0.7272727272727273,0.6363636363636364,0.8181818181818182,0.614649945970713,0.8035318722111052
gru,validation,rollout,50,displacement_m,5,0,2.511630294154565,0.16250899216386316,2.4786913991986683,2.33757192995989,2.7726805523395317,2.3098487368456975,2.7134118514634324
gru,validation,rollout,50,fde_m,5,0,2.511630294154565,0.16250899216386316,2.4786913991986683,2.33757192995989,2.7726805523395317,2.3098487368456975,2.7134118514634324
gru,validation,rollout,50,position_mse,5,0,5.31129153861834,0.9041525881626077,5.062319901373752,4.375047865097318,6.8111996298049275,4.188637863550733,6.433945213685947
gru,validation,rollout,50,rotation_mae_rad,5,0,1.5260440727049196,0.07516495058884426,1.5371596225115662,1.4414188596753028,1.6339102425829388,1.4327144631681883,1.619373682241651
gru,validation,rollout,50,velocity_mse,5,0,8.770926278333073,3.27556068338285,7.25367447666679,5.623973045776989,13.064242467354022,4.703780657946516,12.83807189871963
gru,ood/macro,rollout,1,fde_m,5,0,0.07675816229920338,0.007506486820836254,0.07677850241136448,0.06820827741286603,0.08423963847026186,0.06743762821392928,0.08607869638447747
gru,ood/macro,rollout,5,fde_m,5,0,0.3888693595956604,0.02246559120401706,0.3866703270689979,0.36729776643771095,0.41682388672438,0.3609746448561828,0.41676407433513796
gru,ood/macro,rollout,10,fde_m,5,0,0.8042233569401817,0.0187668825335565,0.8146141863440348,0.775540323124953,0.819625047983216,0.78092119542265,0.8275255184577133
gru,ood/macro,rollout,50,fde_m,5,0,3.149608422085602,0.12801134051380778,3.2092879461094097,2.936218994328263,3.2585910003548477,2.990661355230211,3.3085554889409936
gru,ood/macro,rollout,20,fde_m,5,0,1.5807900654708777,0.02671915892137802,1.5957580452061468,1.5398627413349057,1.6036947353862114,1.547613849032944,1.6139662819088114
transformer,ood/held_out_combination,one_step,1,contact_accuracy,5,0,0.6658526658526658,0.05492771700703729,0.6711436711436711,0.6064306064306064,0.7277167277167277,0.5976508997256259,0.7340544319797057
transformer,ood/held_out_combination,one_step,1,contact_balanced_accuracy,5,0,0.6856879011238475,0.020612000876831654,0.6828872509178554,0.6605952747961099,0.7162957876741123,0.6600947226738509,0.711281079573844
transformer,ood/held_out_combination,one_step,1,contact_precision,5,0,0.12600052247245855,0.01630187775492663,0.12685714285714286,0.10810810810810811,0.1489071038251366,0.10575906852798359,0.1462419764169335
transformer,ood/held_out_combination,one_step,1,contact_recall,5,0,0.7083870967741935,0.035746826263729214,0.7161290322580646,0.6516129032258065,0.7483870967741936,0.6640015512342172,0.7527726423141698
transformer,ood/held_out_combination,one_step,1,displacement_m,5,0,0.07218013238580265,0.005047368930204988,0.07172214682438637,0.06656332072982346,0.08036256805004022,0.0659129963369728,0.0784472684346325
transformer,ood/held_out_combination,one_step,1,position_mse,5,0,0.004191238114753253,0.0007830456580613063,0.00397098536376683,0.0036200737861831365,0.005540053548759559,0.0032189585490278285,0.005163517680478677
transformer,ood/held_out_combination,one_step,1,rotation_mae_rad,5,0,0.04045320403298631,0.004705404016547981,0.0415064089574374,0.035573133440705756,0.04593248207570314,0.034610673490005184,0.04629573457596743
transformer,ood/held_out_combination,one_step,1,velocity_mse,5,0,0.952212138363915,0.04225463997893004,0.9611177515847554,0.8866350423637436,1.0012766002582947,0.899746075132923,1.0046782015949072
transformer,ood/held_out_combination,rollout,1,ade_m,5,0,0.10065387526447976,0.008785551007809653,0.09960327928634587,0.09175679617430123,0.11474040684110942,0.08974517328702372,0.1115625772419358
transformer,ood/held_out_combination,rollout,1,contact_accuracy,5,0,0.7904761904761904,0.060858061945018437,0.7936507936507936,0.7142857142857143,0.8571428571428571,0.7149109288217278,0.8660414521306531
transformer,ood/held_out_combination,rollout,1,contact_balanced_accuracy,5,0,0.7948275862068965,0.03305222329772554,0.7965517241379311,0.753448275862069,0.8310344827586207,0.7537878320324901,0.835867340381303
transformer,ood/held_out_combination,rollout,1,contact_precision,5,0,0.258405629458261,0.06127974670260056,0.25,0.19047619047619047,0.3333333333333333,0.1823167770415559,0.3344944818749661
transformer,ood/held_out_combination,rollout,1,contact_recall,5,0,0.8,0.0,0.8,0.8,0.8,0.8,0.8
transformer,ood/held_out_combination,rollout,1,displacement_m,5,0,0.10065387526447976,0.008785551007809653,0.09960327928634587,0.09175679617430123,0.11474040684110942,0.08974517328702372,0.1115625772419358
transformer,ood/held_out_combination,rollout,1,fde_m,5,0,0.10065387526447976,0.008785551007809653,0.09960327928634587,0.09175679617430123,0.11474040684110942,0.08974517328702372,0.1115625772419358
transformer,ood/held_out_combination,rollout,1,position_mse,5,0,0.007644022824307522,0.0019163183881477502,0.006973765696217346,0.006008953769568487,0.01093113360236197,0.005264599362803485,0.010023446285811559
transformer,ood/held_out_combination,rollout,1,rotation_mae_rad,5,0,0.03294082207264443,0.0032065657976032415,0.03332931730834975,0.028161303875636153,0.037073375652538806,0.028959344914744667,0.03692229923054419
transformer,ood/held_out_combination,rollout,1,velocity_mse,5,0,0.30661380712863523,0.03956806797556188,0.30821368164064256,0.24584256824457223,0.34880627754501126,0.25748356350641544,0.355744050750855
transformer,ood/held_out_combination,rollout,5,ade_m,5,0,0.29919481185759456,0.022334168778413453,0.30002923246491126,0.27300269451421594,0.3320070485374529,0.27146327960636274,0.32692634410882637
transformer,ood/held_out_combination,rollout,5,contact_accuracy,5,0,0.6730158730158731,0.08664980358067416,0.6507936507936508,0.5873015873015873,0.8095238095238095,0.5654259355348389,0.7806058104969072
transformer,ood/held_out_combination,rollout,5,contact_balanced_accuracy,5,0,0.6622881355932203,0.03431287804222148,0.6652542372881356,0.6059322033898304,0.6970338983050848,0.6196830718677171,0.7048931993187235
transformer,ood/held_out_combination,rollout,5,contact_precision,5,0,0.1238914594177752,0.02515374181214987,0.11538461538461539,0.10526315789473684,0.16666666666666666,0.09265896497289601,0.1551239538626544
transformer,ood/held_out_combination,rollout,5,contact_recall,5,0,0.65,0.13693063937629152,0.75,0.5,0.75,0.479978161277459,0.8200218387225411
transformer,ood/held_out_combination,rollout,5,displacement_m,5,0,0.4977867071216467,0.035353891246284005,0.500107170892891,0.45402408474822337,0.5483687093464121,0.4538890548279797,0.5416843594153137
transformer,ood/held_out_combination,rollout,5,fde_m,5,0,0.4977867071216467,0.035353891246284005,0.500107170892891,0.45402408474822337,0.5483687093464121,0.4538890548279797,0.5416843594153137
transformer,ood/held_out_combination,rollout,5,position_mse,5,0,0.18471817368477722,0.038476426582238384,0.17559684880253965,0.14619051359357316,0.24810964063715876,0.136943381828239,0.23249296554131543
transformer,ood/held_out_combination,rollout,5,rotation_mae_rad,5,0,0.2285624027633316,0.009527637414257297,0.23268742223056485,0.2128364894417264,0.23587966142968655,0.21673227884634522,0.24039252668031796
transformer,ood/held_out_combination,rollout,5,velocity_mse,5,0,4.68744451456344,0.2780360401903729,4.611728278240448,4.380935133405039,5.061191041618015,4.34221718633637,5.03267184279051
transformer,ood/held_out_combination,rollout,10,ade_m,5,0,0.5440778921522516,0.03426492943915638,0.5369673495584307,0.5094617197367236,0.5978021663029909,0.5015323644786827,0.5866234198258204
transformer,ood/held_out_combination,rollout,10,contact_accuracy,5,0,0.653968253968254,0.07968190728895955,0.6190476190476191,0.5873015873015873,0.7619047619047619,0.5550301021280486,0.7529064058084594
transformer,ood/held_out_combination,rollout,10,contact_balanced_accuracy,5,0,0.7303571428571428,0.024775780224127866,0.7232142857142857,0.7053571428571428,0.7678571428571428,0.699593949691033,0.7611203360232527
transformer,ood/held_out_combination,rollout,10,contact_precision,5,0,0.22568783336302803,0.033306964306181464,0.21212121212121213,0.1935483870967742,0.2777777777777778,0.18433177646154025,0.2670438902645158
transformer,ood/held_out_combination,rollout,10,contact_recall,5,0,0.8285714285714285,0.11952286093343935,0.8571428571428571,0.7142857142857143,1.0,0.6801642008111203,0.9769786563317368
transformer,ood/held_out_combination,rollout,10,displacement_m,5,0,0.9940151439631374,0.0542434625251868,0.9791293149644914,0.949061783915323,1.0821314807141638,0.9266629919596295,1.0613672959666454
transformer,ood/held_out_combination,rollout,10,fde_m,5,0,0.9940151439631374,0.0542434625251868,0.9791293149644914,0.949061783915323,1.0821314807141638,0.9266629919596295,1.0613672959666454
transformer,ood/held_out_combination,rollout,10,position_mse,5,0,0.7328523861255455,0.12477945932454276,0.6980438362435774,0.6457692171582006,0.9476879792237444,0.5779182296372897,0.8877865426138013
transformer,ood/held_out_combination,rollout,10,rotation_mae_rad,5,0,0.5210712724266358,0.01654607347605498,0.5283935546938143,0.49740653599935974,0.5387386508825107,0.5005266094582087,0.5416159353950628
transformer,ood/held_out_combination,rollout,10,velocity_mse,5,0,6.286186527198006,0.34801116598885135,6.3495418032366855,5.706062211739744,6.64075346591075,5.8540736077892275,6.7182994466067845
transformer,ood/held_out_combination,rollout,20,ade_m,5,0,0.993545684257341,0.03495179631043508,0.9852934757013048,0.9657665364797859,1.0509044031805825,0.9501472987504608,1.0369440697642214
transformer,ood/held_out_combination,rollout,20,contact_accuracy,5,0,0.48253968253968255,0.09950747948353957,0.47619047619047616,0.38095238095238093,0.6190476190476191,0.35898483239438905,0.606094532684976
transformer,ood/held_out_combination,rollout,20,contact_balanced_accuracy,5,0,0.6093103448275862,0.10512011135899928,0.6637931034482758,0.47586206896551725,0.7155172413793103,0.47878649201141477,0.7398341976437576
transformer,ood/held_out_combination,rollout,20,contact_precision,5,0,0.10397589478798568,0.024267306203729383,0.11363636363636363,0.07142857142857142,0.13157894736842105,0.07384405548310491,0.13410773409286644
transformer,ood/held_out_combination,rollout,20,contact_recall,5,0,0.76,0.3286335345030997,1.0,0.4,1.0,0.35194758706590157,1.1680524129340983
transformer,ood/held_out_combination,rollout,20,displacement_m,5,0,1.7828224681581086,0.01719931864643208,1.7852560804978836,1.7578953722046167,1.8012036221610144,1.7614666942103563,1.804178242105861
transformer,ood/held_out_combination,rollout,20,fde_m,5,0,1.7828224681581086,0.01719931864643208,1.7852560804978836,1.7578953722046167,1.8012036221610144,1.7614666942103563,1.804178242105861
transformer,ood/held_out_combination,rollout,20,position_mse,5,0,2.4875120753901614,0.13668861020444034,2.458739947896022,2.3738314155494797,2.7161916602104905,2.3177907555654365,2.6572333952148863
transformer,ood/held_out_combination,rollout,20,rotation_mae_rad,5,0,0.9757235591560579,0.05868178161058222,0.9618134853067555,0.9113744032740959,1.0634437877381802,0.9028605063404785,1.0485866119716374
transformer,ood/held_out_combination,rollout,20,velocity_mse,5,0,14.017677712178305,2.4515023477445803,13.95370948666338,10.279462598795774,16.480741184973166,10.973735620804948,17.06161980355166
transformer,ood/held_out_combination,rollout,50,ade_m,5,0,1.993723436812305,0.019568494825634098,1.9949582200925708,1.9613239569297254,2.010708950713321,1.9694259422088956,2.0180209314157143
transformer,ood/held_out_combination,rollout,50,contact_accuracy,5,0,0.2984126984126984,0.28292287195262755,0.15873015873015872,0.06349206349206349,0.6984126984126984,-0.05288243264893622,0.649707829474333
transformer,ood/held_out_combination,rollout,50,contact_balanced_accuracy,5,0,0.25,0.19926046936461025,0.25,0.04032258064516129,0.5241935483870968,0.0025854582991641784,0.4974145417008358
transformer,ood/held_out_combination,rollout,50,contact_precision,5,0,0.003333333333333333,0.007453559924999299,0.0,0.0,0.016666666666666666,-0.005921483333333332,0.01258815
transformer,ood/held_out_combination,rollout,50,contact_recall,5,0,0.2,0.4472135954999579,0.0,0.0,1.0,-0.3552889999999999,0.7552889999999999
transformer,ood/held_out_combination,rollout,50,displacement_m,5,0,3.215161574949554,0.09234985977468113,3.2315895160051777,3.0898924410826325,3.3116042720498653,3.100494083172847,3.3298290667262607
transformer,ood/held_out_combination,rollout,50,fde_m,5,0,3.215161574949554,0.09234985977468113,3.2315895160051777,3.0898924410826325,3.3116042720498653,3.100494083172847,3.3298290667262607
transformer,ood/held_out_combination,rollout,50,position_mse,5,0,8.527413396726116,0.879957588847521,8.95362764491459,7.256937126437311,9.264508465593563,7.4348017801063415,9.620025013345892
transformer,ood/held_out_combination,rollout,50,rotation_mae_rad,5,0,1.5248697591357185,0.11162413022054082,1.5830810562740616,1.379274430252501,1.6258324371914645,1.3862701005615201,1.663469417709917
transformer,ood/held_out_combination,rollout,50,velocity_mse,5,0,9.375846754456365,2.1885385237496298,9.055095416648621,7.0722756545325165,12.993604092086152,6.658417363796165,12.093276145116565
transformer,ood/unseen_angle,one_step,1,contact_accuracy,5,0,0.7114909781576448,0.06265341683566403,0.717948717948718,0.6168091168091168,0.7801519468186134,0.6336964890559326,0.7892854672593571
transformer,ood/unseen_angle,one_step,1,contact_balanced_accuracy,5,0,0.6963612633028312,0.015060044028470726,0.6919838788330799,0.679602564470325,0.7163377413155101,0.6776617495298286,0.7150607770758338
transformer,ood/unseen_angle,one_step,1,contact_precision,5,0,0.14962861295360044,0.018104934069528553,0.146875,0.12344280860702152,0.1672473867595819,0.12714836898137669,0.1721088569258242
transformer,ood/unseen_angle,one_step,1,contact_recall,5,0,0.6788732394366197,0.07691868969528533,0.676056338028169,0.5633802816901409,0.7676056338028169,0.5833660752716847,0.7743804036015547
transformer,ood/unseen_angle,one_step,1,displacement_m,5,0,0.05379827256137729,0.006085074525866978,0.051422609405913866,0.048624599204251225,0.06407540051028628,0.04624265488249914,0.06135389024025545
transformer,ood/unseen_angle,one_step,1,position_mse,5,0,0.002133374728152491,0.00037415438009773136,0.0020682002624355634,0.001814968248192804,0.0027401645530129685,0.0016688007222173144,0.0025979487340876675
transformer,ood/unseen_angle,one_step,1,rotation_mae_rad,5,0,0.035605422954684794,0.007007561573546713,0.034895046738037956,0.02583780816439284,0.04464802113261024,0.02690438636329265,0.04430645954607694
transformer,ood/unseen_angle,one_step,1,velocity_mse,5,0,0.7564281114431051,0.024498053084814366,0.7558845815102668,0.7225145500456233,0.7907667896004124,0.7260097620541389,0.7868464608320712
transformer,ood/unseen_angle,rollout,1,ade_m,5,0,0.06722984534916107,0.0036299401683775614,0.0677519289891678,0.06205042556012108,0.07118250988972236,0.06272267949722668,0.07173701120109546
transformer,ood/unseen_angle,rollout,1,contact_accuracy,5,0,0.8296296296296296,0.0422287194481162,0.8333333333333334,0.7592592592592593,0.8703703703703703,0.7771957509873441,0.8820635082719152
transformer,ood/unseen_angle,rollout,1,contact_balanced_accuracy,5,0,0.8702040816326531,0.04815634678776369,0.8673469387755102,0.8183673469387756,0.9285714285714286,0.8104100818068293,0.9299980814584768
transformer,ood/unseen_angle,rollout,1,contact_precision,5,0,0.3497113997113997,0.050435171199500695,0.35714285714285715,0.2777777777777778,0.4166666666666667,0.2870878657625035,0.4123349336602959
transformer,ood/unseen_angle,rollout,1,contact_recall,5,0,0.92,0.1095445115010332,1.0,0.8,1.0,0.7839825290219673,1.0560174709780328
transformer,ood/unseen_angle,rollout,1,displacement_m,5,0,0.06722984534916107,0.0036299401683775614,0.0677519289891678,0.06205042556012108,0.07118250988972236,0.06272267949722668,0.07173701120109546
transformer,ood/unseen_angle,rollout,1,fde_m,5,0,0.06722984534916107,0.0036299401683775614,0.0677519289891678,0.06205042556012108,0.07118250988972236,0.06272267949722668,0.07173701120109546
transformer,ood/unseen_angle,rollout,1,position_mse,5,0,0.003218400539619979,0.0004769416616113404,0.002978434094112951,0.002779119641762617,0.0038258268822363613,0.002626199271591837,0.003810601807648121
transformer,ood/unseen_angle,rollout,1,rotation_mae_rad,5,0,0.04229902509058778,0.006855707470528486,0.04434509364685501,0.03185316112924985,0.049938390714253426,0.03378654026474878,0.05081150991642677
transformer,ood/unseen_angle,rollout,1,velocity_mse,5,0,0.30101531828470923,0.11004177503956175,0.30623591562218533,0.16578262233465574,0.45983644932463824,0.16438041309666035,0.4376502234727581
transformer,ood/unseen_angle,rollout,5,ade_m,5,0,0.200416255371667,0.01422248472630237,0.19989862805270192,0.1832571403002993,0.22214788741021682,0.18275670879112377,0.2180758019522102
transformer,ood/unseen_angle,rollout,5,contact_accuracy,5,0,0.7222222222222222,0.07746852097537735,0.6851851851851852,0.6481481481481481,0.8148148148148148,0.626032352377578,0.8184120920668664
transformer,ood/unseen_angle,rollout,5,contact_balanced_accuracy,5,0,0.66875,0.06806795521960228,0.6770833333333333,0.59375,0.7395833333333334,0.5842324737747909,0.753267526225209
transformer,ood/unseen_angle,rollout,5,contact_precision,5,0,0.22548251392644986,0.015034103102166367,0.2222222222222222,0.21052631578947367,0.25,0.206815210066499,0.2441498177864007
transformer,ood/unseen_angle,rollout,5,contact_recall,5,0,0.6,0.25276251480171835,0.6666666666666666,0.3333333333333333,0.8333333333333334,0.2861538971666961,0.9138461028333038
transformer,ood/unseen_angle,rollout,5,displacement_m,5,0,0.33660879618307177,0.026092181390395094,0.33317606595093496,0.3098004054221545,0.3793675492309068,0.3042110751435457,0.36900651722259786
transformer,ood/unseen_angle,rollout,5,fde_m,5,0,0.33660879618307177,0.026092181390395094,0.33317606595093496,0.3098004054221545,0.3793675492309068,0.3042110751435457,0.36900651722259786
transformer,ood/unseen_angle,rollout,5,position_mse,5,0,0.0770553403936229,0.013703833526805966,0.0716507173147489,0.06611247481522871,0.10016718220927207,0.06003978431071917,0.09407089647652662
transformer,ood/unseen_angle,rollout,5,rotation_mae_rad,5,0,0.224659893119721,0.03351663732829637,0.23093615243854698,0.18227287471948744,0.25967140002078937,0.18304349278514281,0.2662762934542992
transformer,ood/unseen_angle,rollout,5,velocity_mse,5,0,6.0638528793787385,0.15695351247610917,6.084756083547897,5.866265640896573,6.215256588399346,5.868969360929545,6.258736397827932
transformer,ood/unseen_angle,rollout,10,ade_m,5,0,0.38666832065977785,0.029736338949694945,0.382442151288273,0.3570884361336891,0.43486894517789476,0.34974578054652966,0.42359086077302605
transformer,ood/unseen_angle,rollout,10,contact_accuracy,5,0,0.5444444444444444,0.15471554499411425,0.4444444444444444,0.4074074074074074,0.7222222222222222,0.3523397295415076,0.7365491593473812
transformer,ood/unseen_angle,rollout,10,contact_balanced_accuracy,5,0,0.478,0.021965882636488798,0.47,0.45,0.505,0.450725755374907,0.505274244625093
transformer,ood/unseen_angle,rollout,10,contact_precision,5,0,0.06883699633699633,0.0055154135164734806,0.06666666666666667,0.0625,0.07692307692307693,0.06198870619786229,0.07568528647613038
transformer,ood/unseen_angle,rollout,10,contact_recall,5,0,0.4,0.13693063937629152,0.5,0.25,0.5,0.22997816127745901,0.5700218387225411
transformer,ood/unseen_angle,rollout,10,displacement_m,5,0,0.7233422087697646,0.06413416615539858,0.7052711009634964,0.6626487195762912,0.8199851837471754,0.6437091266170364,0.8029752909224929
transformer,ood/unseen_angle,rollout,10,fde_m,5,0,0.7233422087697646,0.06413416615539858,0.7052711009634964,0.6626487195762912,0.8199851837471754,0.6437091266170364,0.8029752909224929
transformer,ood/unseen_angle,rollout,10,position_mse,5,0,0.3959252406889022,0.05727069860385986,0.373156114771709,0.35499619246940833,0.49238791335853604,0.32481427877486146,0.467036202602943
transformer,ood/unseen_angle,rollout,10,rotation_mae_rad,5,0,0.48592729532510387,0.05871112565484916,0.48900099439388744,0.39915244339298434,0.5426735266228758,0.413027807067577,0.5588267835826307
transformer,ood/unseen_angle,rollout,10,velocity_mse,5,0,6.828916841178808,0.259619539876846,6.793598749395703,6.482495919283872,7.204437401792093,6.506556617497532,7.151277064860084
transformer,ood/unseen_angle,rollout,20,ade_m,5,0,0.7350923367128126,0.05687707396560888,0.7342437406414374,0.6699152803429167,0.8108280770878059,0.6644701243223756,0.8057145491032496
transformer,ood/unseen_angle,rollout,20,contact_accuracy,5,0,0.45185185185185184,0.12325600957254622,0.3888888888888889,0.3333333333333333,0.6111111111111112,0.2988093080020505,0.6048943957016532
transformer,ood/unseen_angle,rollout,20,contact_balanced_accuracy,5,0,0.5230769230769231,0.15997411033142633,0.5288461538461539,0.3173076923076923,0.6826923076923077,0.32444283715983757,0.7217110089940086
transformer,ood/unseen_angle,rollout,20,contact_precision,5,0,0.03642857142857143,0.023580913061655724,0.041666666666666664,0.0,0.05714285714285714,0.007149001744525506,0.06570814111261736
transformer,ood/unseen_angle,rollout,20,contact_recall,5,0,0.6,0.4183300132670378,0.5,0.0,1.0,0.08057470283892121,1.1194252971610787
transformer,ood/unseen_angle,rollout,20,displacement_m,5,0,1.3687985699673986,0.11645167090644763,1.4000137942670736,1.1943430346653898,1.4815458716599896,1.2242047281507615,1.5133924117840356
transformer,ood/unseen_angle,rollout,20,fde_m,5,0,1.3687985699673986,0.11645167090644763,1.4000137942670736,1.1943430346653898,1.4815458716599896,1.2242047281507615,1.5133924117840356
transformer,ood/unseen_angle,rollout,20,position_mse,5,0,1.6413721970033988,0.23178649919975944,1.6286017817322356,1.3821873852664366,1.920415367467549,1.3535712565819726,1.9291731374248249
transformer,ood/unseen_angle,rollout,20,rotation_mae_rad,5,0,0.9429015477570817,0.10223003435127759,0.9617123000479689,0.8007450743032017,1.057438834850684,0.8159661993774685,1.0698368961366949
transformer,ood/unseen_angle,rollout,20,velocity_mse,5,0,10.363842416691796,2.2549192003579357,9.600966569280635,8.38813315260446,13.870441287098886,7.563990532833593,13.163694300549999
transformer,ood/unseen_angle,rollout,50,ade_m,5,0,1.5322755434990232,0.1185573443976155,1.579874983331472,1.327042283773338,1.627056950422475,1.3850671628154942,1.679483924182552
transformer,ood/unseen_angle,rollout,50,contact_accuracy,5,0,0.34074074074074073,0.1484949644202182,0.2962962962962963,0.2037037037037037,0.5555555555555556,0.15635989649168372,0.5251215849897978
transformer,ood/unseen_angle,rollout,50,contact_balanced_accuracy,5,0,0.575,0.0710633520177595,0.58,0.45999999999999996,0.645,0.48676319755110536,0.6632368024488946
transformer,ood/unseen_angle,rollout,50,contact_precision,5,0,0.08944034887456451,0.018390814419249057,0.08695652173913043,0.06451612903225806,0.11538461538461539,0.0666051375777484,0.11227556017138061
transformer,ood/unseen_angle,rollout,50,contact_recall,5,0,0.85,0.22360679774997896,1.0,0.5,1.0,0.5723555,1.1276445
transformer,ood/unseen_angle,rollout,50,displacement_m,5,0,2.5793818124037355,0.24164581969466775,2.665430560707438,2.208666308778654,2.839544804646969,2.27933890914087,2.8794247156666013
transformer,ood/unseen_angle,rollout,50,fde_m,5,0,2.5793818124037355,0.24164581969466775,2.665430560707438,2.208666308778654,2.839544804646969,2.27933890914087,2.8794247156666013
transformer,ood/unseen_angle,rollout,50,position_mse,5,0,5.373633220046345,0.7686576187234933,5.632305858849069,4.189128407369591,6.218271905230118,4.419218764094524,6.328047675998165
transformer,ood/unseen_angle,rollout,50,rotation_mae_rad,5,0,1.5585048511541573,0.1819093611825422,1.5727614752388206,1.3173889197886401,1.7648615973409028,1.332634554995636,1.7843751473126785
transformer,ood/unseen_angle,rollout,50,velocity_mse,5,0,5.731407193301772,1.081327754022254,5.67235730343753,4.086559941128017,6.982557597382192,4.388761501745823,7.07405288485772
transformer,ood/unseen_mass,one_step,1,contact_accuracy,5,0,0.7703418803418803,0.0426651137263958,0.7465811965811966,0.732051282051282,0.823076923076923,0.7173661466557634,0.8233176140279973
transformer,ood/unseen_mass,one_step,1,contact_balanced_accuracy,5,0,0.7117969821673525,0.004072676703004903,0.7107641410473655,0.7090292907286372,0.7189407999139299,0.7067400863205108,0.7168538780141943
transformer,ood/unseen_mass,one_step,1,contact_precision,5,0,0.17325703838904155,0.023945834173339998,0.15838509316770186,0.15350877192982457,0.20273348519362186,0.1435243593156008,0.2029897174624823
transformer,ood/unseen_mass,one_step,1,contact_recall,5,0,0.6444444444444445,0.04447327016001044,0.6666666666666666,0.5816993464052288,0.6862745098039216,0.5892235880966541,0.6996653007922349
transformer,ood/unseen_mass,one_step,1,displacement_m,5,0,0.06636958970250155,0.006704721602902306,0.06952224669182236,0.05754348746594112,0.07214099882150259,0.058044578585628274,0.07469460081937482
transformer,ood/unseen_mass,one_step,1,position_mse,5,0,0.003094346016461467,0.0005485689693798915,0.0032288934460398314,0.0025099358826885065,0.0036622125232372168,0.002413207702458625,0.0037754843304643095
transformer,ood/unseen_mass,one_step,1,rotation_mae_rad,5,0,0.04192762873734729,0.004884929159626704,0.04074256551052321,0.036050486724391845,0.04930144985827091,0.03586218829587885,0.047993069178815725
transformer,ood/unseen_mass,one_step,1,velocity_mse,5,0,1.206569991070807,0.09944784791448402,1.1735669344564752,1.08619779128809,1.3466613614390126,1.0830891832951608,1.3300507988464532
transformer,ood/unseen_mass,rollout,1,ade_m,5,0,0.08504118083305075,0.009709282005935228,0.08753919498394919,0.07481866632480139,0.09474403510121013,0.0729855153746551,0.0970968462914464
transformer,ood/unseen_mass,rollout,1,contact_accuracy,5,0,0.76,0.04346134936801767,0.75,0.7,0.8166666666666667,0.7060356092210541,0.8139643907789459
transformer,ood/unseen_mass,rollout,1,contact_balanced_accuracy,5,0,0.5230769230769231,0.05035469604913908,0.5384615384615384,0.4567307692307692,0.5769230769230769,0.46055331222119494,0.5856005339326512
transformer,ood/unseen_mass,rollout,1,contact_precision,5,0,0.17683982683982682,0.08216100355912019,0.18181818181818182,0.08333333333333333,0.2857142857142857,0.07482347052951295,0.2788561831501407
transformer,ood/unseen_mass,rollout,1,contact_recall,5,0,0.2,0.06846531968814576,0.25,0.125,0.25,0.11498908063872951,0.28501091936127054
transformer,ood/unseen_mass,rollout,1,displacement_m,5,0,0.08504118083305075,0.009709282005935228,0.08753919498394919,0.07481866632480139,0.09474403510121013,0.0729855153746551,0.0970968462914464
transformer,ood/unseen_mass,rollout,1,fde_m,5,0,0.08504118083305075,0.009709282005935228,0.08753919498394919,0.07481866632480139,0.09474403510121013,0.0729855153746551,0.0970968462914464
transformer,ood/unseen_mass,rollout,1,position_mse,5,0,0.004905586566564466,0.00106213321113567,0.004944870325346192,0.0037590292336551795,0.0061594887795741,0.0035867740469697432,0.006224399086159189
transformer,ood/unseen_mass,rollout,1,rotation_mae_rad,5,0,0.04046421942591065,0.002108039797437955,0.039797225465738016,0.03848111249618237,0.04347096147732903,0.037846742401825784,0.043081696449995516
transformer,ood/unseen_mass,rollout,1,velocity_mse,5,0,4.673413425428463,0.37567007823971044,4.802598583990584,4.170680335663243,5.124853446444306,4.206957431749554,5.139869419107372
transformer,ood/unseen_mass,rollout,5,ade_m,5,0,0.28630861126558355,0.02602467924806522,0.2992936617880994,0.2566158405177671,0.30806140925130376,0.25399470520281436,0.31862251732835273
transformer,ood/unseen_mass,rollout,5,contact_accuracy,5,0,0.7366666666666667,0.04314059701848263,0.7333333333333333,0.6833333333333333,0.8,0.6831005425173877,0.7902327908159457
transformer,ood/unseen_mass,rollout,5,contact_balanced_accuracy,5,0,0.6267857142857143,0.023111034117044252,0.625,0.5982142857142857,0.6607142857142857,0.5980895763486005,0.6554818522228281
transformer,ood/unseen_mass,rollout,5,contact_precision,5,0,0.12958204334365325,0.02315269222883537,0.125,0.10526315789473684,0.16666666666666666,0.10083418003085518,0.15832990665645133
transformer,ood/unseen_mass,rollout,5,contact_recall,5,0,0.5,0.0,0.5,0.5,0.5,0.5,0.5
transformer,ood/unseen_mass,rollout,5,displacement_m,5,0,0.4938885487726359,0.04160408827440788,0.5190160066577307,0.4482914917891685,0.5303947917572288,0.44223025214151335,0.5455468454037584
transformer,ood/unseen_mass,rollout,5,fde_m,5,0,0.4938885487726359,0.04160408827440788,0.5190160066577307,0.4482914917891685,0.5303947917572288,0.44223025214151335,0.5455468454037584
transformer,ood/unseen_mass,rollout,5,position_mse,5,0,0.17607384106661406,0.022344252984986112,0.18661868179182714,0.14276589321702188,0.19654433057731957,0.14832978761960494,0.20381789451362317
transformer,ood/unseen_mass,rollout,5,rotation_mae_rad,5,0,0.2587821126212033,0.008185164485141647,0.26076772615905897,0.24893280341501134,0.2668951620637193,0.2486188889457052,0.2689453362967015
transformer,ood/unseen_mass,rollout,5,velocity_mse,5,0,7.294210630645116,0.7002753274633152,7.336161396993222,6.607034635211988,8.380878030913518,6.424704000648638,8.163717260641596
transformer,ood/unseen_mass,rollout,10,ade_m,5,0,0.547086784754064,0.038986704638288405,0.56353745471275,0.5036083954315783,0.586285384949263,0.49867839903026157,0.5954951704778665
transformer,ood/unseen_mass,rollout,10,contact_accuracy,5,0,0.6666666666666666,0.08579691784155835,0.6333333333333333,0.5833333333333334,0.7666666666666667,0.5601357266623492,0.773197606670984
transformer,ood/unseen_mass,rollout,10,contact_balanced_accuracy,5,0,0.6821428571428572,0.09461758422670684,0.6428571428571428,0.5714285714285714,0.7857142857142857,0.5646596136629107,0.7996261006228036
transformer,ood/unseen_mass,rollout,10,contact_precision,5,0,0.12957754888789372,0.02197630265091751,0.13793103448275862,0.09090909090909091,0.14285714285714285,0.10229036610651407,0.15686473166927337
transformer,ood/unseen_mass,rollout,10,contact_recall,5,0,0.7,0.27386127875258304,0.5,0.5,1.0,0.35995632255491794,1.040043677445082
transformer,ood/unseen_mass,rollout,10,displacement_m,5,0,1.010878999280909,0.06309987224203381,1.0081396267465488,0.9438790228365858,1.0983838117241282,0.9325301625953079,1.0892278359665102
transformer,ood/unseen_mass,rollout,10,fde_m,5,0,1.010878999280909,0.06309987224203381,1.0081396267465488,0.9438790228365858,1.0983838117241282,0.9325301625953079,1.0892278359665102
transformer,ood/unseen_mass,rollout,10,position_mse,5,0,0.6916840556783994,0.06158236887424143,0.7026618143715855,0.6320193440179788,0.7787857913577229,0.6152194482203467,0.7681486631364521
transformer,ood/unseen_mass,rollout,10,rotation_mae_rad,5,0,0.5738833017851376,0.016404562246852387,0.5663457259226229,0.5605612771979714,0.6011256436866188,0.5535143482086955,0.5942522553615797
transformer,ood/unseen_mass,rollout,10,velocity_mse,5,0,6.288879621456655,1.0840285498976254,5.881897777009697,4.982077243654294,7.504524704131786,4.942880449022821,7.634878793890488
transformer,ood/unseen_mass,rollout,20,ade_m,5,0,0.9983422921260502,0.061238671432189,0.9743557906535169,0.9386764705759603,1.0807995126144179,0.9223044413918992,1.0743801428602011
transformer,ood/unseen_mass,rollout,20,contact_accuracy,5,0,0.5233333333333333,0.08944271909999156,0.5166666666666667,0.43333333333333335,0.6666666666666666,0.41227553333333333,0.6343911333333333
transformer,ood/unseen_mass,rollout,20,contact_balanced_accuracy,5,0,0.5318059299191374,0.12238799662289676,0.6024258760107817,0.3638814016172507,0.6361185983827493,0.3798411664580541,0.6837706933802208
transformer,ood/unseen_mass,rollout,20,contact_precision,5,0,0.11648064870890958,0.056734831419521806,0.15384615384615385,0.043478260869565216,0.16216216216216217,0.04603505376026987,0.18692624365754928
transformer,ood/unseen_mass,rollout,20,contact_recall,5,0,0.5428571428571428,0.36977654587270814,0.7142857142857143,0.14285714285714285,0.8571428571428571,0.08371893586332269,1.0019953498509628
transformer,ood/unseen_mass,rollout,20,displacement_m,5,0,1.7524976179433203,0.11125701798267743,1.710727218468402,1.643904658343719,1.874146344281205,1.6143537894009057,1.8906414464857348
transformer,ood/unseen_mass,rollout,20,fde_m,5,0,1.7524976179433203,0.11125701798267743,1.710727218468402,1.643904658343719,1.874146344281205,1.6143537894009057,1.8906414464857348
transformer,ood/unseen_mass,rollout,20,position_mse,5,0,2.030436873331892,0.2165483292285514,1.9602365368357602,1.8351403068901795,2.2709937553971327,1.7615566192453314,2.299317127418453
transformer,ood/unseen_mass,rollout,20,rotation_mae_rad,5,0,0.9655469961598775,0.06948642572628042,0.9997932432776968,0.871440746911976,1.0371886322471864,0.8792682062407455,1.0518257860790095
transformer,ood/unseen_mass,rollout,20,velocity_mse,5,0,14.945717185361538,2.667783710143041,13.351586626871777,12.392566430956412,18.164536816445867,11.6332263229907,18.258208047732374
transformer,ood/unseen_mass,rollout,50,ade_m,5,0,1.895874172769852,0.0885813947478814,1.8789301415480262,1.7827540023619637,2.010752950055493,1.7858858481681217,2.0058624973715826
transformer,ood/unseen_mass,rollout,50,contact_accuracy,5,0,0.2733333333333334,0.2086996778999804,0.2,0.08333333333333333,0.5833333333333334,0.014198466666666743,0.5324682000000001
transformer,ood/unseen_mass,rollout,50,contact_balanced_accuracy,5,0,0.5178571428571429,0.05050762722761054,0.5267857142857143,0.4375,0.5714285714285714,0.4551436428700987,0.5805706428441871
transformer,ood/unseen_mass,rollout,50,contact_precision,5,0,0.06978983594862274,0.010085472807431248,0.07017543859649122,0.05405405405405406,0.08,0.0572670679332523,0.08231260396399319
transformer,ood/unseen_mass,rollout,50,contact_recall,5,0,0.8,0.27386127875258304,1.0,0.5,1.0,0.45995632255491803,1.1400436774450822
transformer,ood/unseen_mass,rollout,50,displacement_m,5,0,3.0561465398094265,0.19536957322556475,3.1513276371369043,2.7465970011015894,3.237443124165166,2.813563183582143,3.29872989603671
transformer,ood/unseen_mass,rollout,50,fde_m,5,0,3.0561465398094265,0.19536957322556475,3.1513276371369043,2.7465970011015894,3.237443124165166,2.813563183582143,3.29872989603671
transformer,ood/unseen_mass,rollout,50,position_mse,5,0,6.287155060943566,0.5121383676050976,6.340075832294491,5.435547081889258,6.7541816184242025,5.651251311883474,6.923058810003658
transformer,ood/unseen_mass,rollout,50,rotation_mae_rad,5,0,1.4360497346109085,0.06732430736732067,1.4204515673168134,1.3678171450913184,1.5092314572384742,1.3524555691162334,1.5196439001055835
transformer,ood/unseen_mass,rollout,50,velocity_mse,5,0,8.450009780254097,1.5733355257610555,8.35723482029912,6.662121470302412,10.784330866706153,6.496455774840564,10.40356378566763
transformer,ood/unseen_object_count,one_step,1,contact_accuracy,5,0,0.7014763014763015,0.054971329200636916,0.6954156954156954,0.6293706293706294,0.7810800310800311,0.633220383660638,0.7697322192919649
transformer,ood/unseen_object_count,one_step,1,contact_balanced_accuracy,5,0,0.6799370100338216,0.009530369960710407,0.678645372857986,0.6676037607850724,0.6931977204097777,0.6681034932124095,0.6917705268552337
transformer,ood/unseen_object_count,one_step,1,contact_precision,5,0,0.17248861757034184,0.01771173700919364,0.172533179457588,0.1503082029397819,0.19930675909878684,0.1504965922136372,0.19448064292704648
transformer,ood/unseen_object_count,one_step,1,contact_recall,5,0,0.6540415704387991,0.07721020918956024,0.6836027713625866,0.5311778290993071,0.7321016166281755,0.5581724370267632,0.7499107038508349
transformer,ood/unseen_object_count,one_step,1,displacement_m,5,0,0.05965116843714464,0.005276206304615892,0.06226664236437097,0.053604566255533184,0.06556267501733382,0.05309989326983115,0.06620244360445812
transformer,ood/unseen_object_count,one_step,1,position_mse,5,0,0.002729702466035589,0.0003855178851137115,0.002803115198911001,0.0022336056163920668,0.0032128180213763834,0.002251018805563268,0.00320838612650791
transformer,ood/unseen_object_count,one_step,1,rotation_mae_rad,5,0,0.036685300698165356,0.0039580056058513184,0.03708365896283637,0.03107817779685595,0.042150619334684836,0.031770787818898964,0.04159981357743175
transformer,ood/unseen_object_count,one_step,1,velocity_mse,5,0,0.9565113207522048,0.030915263454119133,0.970429364432092,0.9124129835226071,0.9851697621103759,0.9181249525806764,0.9948976889237332
transformer,ood/unseen_object_count,rollout,1,ade_m,5,0,0.07628149107514028,0.006062670834792982,0.07531543800292129,0.06992686711865877,0.08379904401108831,0.06875369125184158,0.08380929089843897
transformer,ood/unseen_object_count,rollout,1,contact_accuracy,5,0,0.7818181818181819,0.044626292348554975,0.7651515151515151,0.7348484848484849,0.8484848484848485,0.7264073233351483,0.8372290403012154
transformer,ood/unseen_object_count,rollout,1,contact_balanced_accuracy,5,0,0.6743801652892562,0.012869761572229278,0.6694214876033058,0.6611570247933884,0.6900826446280992,0.6584002462850221,0.6903600842934902
transformer,ood/unseen_object_count,rollout,1,contact_precision,5,0,0.20778176501860712,0.03505746527375031,0.1875,0.18181818181818182,0.2631578947368421,0.1642521741692221,0.25131135586799214
transformer,ood/unseen_object_count,rollout,1,contact_recall,5,0,0.5454545454545454,0.0642824346533225,0.5454545454545454,0.45454545454545453,0.6363636363636364,0.46563736365285274,0.6252717272562381
transformer,ood/unseen_object_count,rollout,1,displacement_m,5,0,0.07628149107514028,0.006062670834792982,0.07531543800292129,0.06992686711865877,0.08379904401108831,0.06875369125184158,0.08380929089843897
transformer,ood/unseen_object_count,rollout,1,fde_m,5,0,0.07628149107514028,0.006062670834792982,0.07531543800292129,0.06992686711865877,0.08379904401108831,0.06875369125184158,0.08380929089843897
transformer,ood/unseen_object_count,rollout,1,position_mse,5,0,0.004432325189603277,0.0009263734953563494,0.004603257381228633,0.0034339445335967093,0.005758082536367495,0.0032820806151111753,0.005582569764095378
transformer,ood/unseen_object_count,rollout,1,rotation_mae_rad,5,0,0.032726054791637565,0.0036559121513365946,0.03256144692142216,0.02778202325061899,0.03760726029599226,0.028186640464722863,0.03726546911855227
transformer,ood/unseen_object_count,rollout,1,velocity_mse,5,0,0.9706872799060529,0.14662181683187364,0.9171711816101075,0.8274432858458577,1.1613109561403245,0.7886322554926416,1.1527423043194642
transformer,ood/unseen_object_count,rollout,5,ade_m,5,0,0.24381050124442802,0.016240205897811128,0.2450952986379652,0.22476063040540487,0.2628516122553453,0.22364562302173435,0.2639753794671217
transformer,ood/unseen_object_count,rollout,5,contact_accuracy,5,0,0.6878787878787879,0.07988743228160039,0.6515151515151515,0.6060606060606061,0.7878787878787878,0.5886854430641583,0.7870721326934175
transformer,ood/unseen_object_count,rollout,5,contact_balanced_accuracy,5,0,0.6408333333333333,0.014553540997144131,0.6416666666666666,0.6208333333333333,0.6583333333333333,0.6227627261154811,0.6589039405511854
transformer,ood/unseen_object_count,rollout,5,contact_precision,5,0,0.16886446886446888,0.030994905033789717,0.15384615384615385,0.14285714285714285,0.21428571428571427,0.13037921261445024,0.20734972511448752
transformer,ood/unseen_object_count,rollout,5,contact_recall,5,0,0.5833333333333334,0.08333333333333331,0.5833333333333334,0.5,0.6666666666666666,0.47986133740351,0.6868053292631567
transformer,ood/unseen_object_count,rollout,5,displacement_m,5,0,0.41842613188427563,0.026031985920697123,0.424782757247906,0.3880861339319452,0.4531519649526681,0.3861031533894965,0.45074911037905474
transformer,ood/unseen_object_count,rollout,5,fde_m,5,0,0.41842613188427563,0.026031985920697123,0.424782757247906,0.3880861339319452,0.4531519649526681,0.3861031533894965,0.45074911037905474
transformer,ood/unseen_object_count,rollout,5,position_mse,5,0,0.12806619360691782,0.01544299138417061,0.13533235657158713,0.1075824015449156,0.14151775866291239,0.10889118790715142,0.1472411993066842
transformer,ood/unseen_object_count,rollout,5,rotation_mae_rad,5,0,0.22231437375839203,0.012532807192995618,0.22066452425751035,0.2045028080588789,0.2384605411895887,0.20675283886003717,0.23787590865674688
transformer,ood/unseen_object_count,rollout,5,velocity_mse,5,0,5.702195565591019,0.32433222763657177,5.5719452406679855,5.494644825431077,6.267063978868755,5.299483930335956,6.104907200846082
transformer,ood/unseen_object_count,rollout,10,ade_m,5,0,0.46493857352897616,0.025493228647728353,0.46600771839483335,0.43703175865481036,0.5032963633122409,0.4332845505184665,0.49659259653948584
transformer,ood/unseen_object_count,rollout,10,contact_accuracy,5,0,0.6121212121212121,0.08544164957497995,0.5606060606060606,0.5378787878787878,0.7196969696969697,0.5060313959164954,0.7182110283259288
transformer,ood/unseen_object_count,rollout,10,contact_balanced_accuracy,5,0,0.6571428571428571,0.032624816299204384,0.6555690072639225,0.6059322033898304,0.6912832929782082,0.616633798830987,0.6976519154547273
transformer,ood/unseen_object_count,rollout,10,contact_precision,5,0,0.17710473793304532,0.016270087982194408,0.17073170731707318,0.16417910447761194,0.20512820512820512,0.15690275620338745,0.1973067196627032
transformer,ood/unseen_object_count,rollout,10,contact_recall,5,0,0.7142857142857143,0.16751484856512247,0.7857142857142857,0.5,0.8571428571428571,0.5062885655387304,0.9222828630326982
transformer,ood/unseen_object_count,rollout,10,displacement_m,5,0,0.8567529736447991,0.04534591365959508,0.8356382389320466,0.8180421308798983,0.9294518061385111,0.8004485873213621,0.913057359968236
transformer,ood/unseen_object_count,rollout,10,fde_m,5,0,0.8567529736447991,0.04534591365959508,0.8356382389320466,0.8180421308798983,0.9294518061385111,0.8004485873213621,0.913057359968236
transformer,ood/unseen_object_count,rollout,10,position_mse,5,0,0.5271091438126466,0.046584767163887465,0.5066564148638897,0.47646442320948007,0.5870775377559174,0.4692665177521642,0.584951769873129
transformer,ood/unseen_object_count,rollout,10,rotation_mae_rad,5,0,0.534115274533969,0.017795351129093702,0.5402135846452082,0.5105665158724847,0.5499467273095597,0.5120194285387767,0.5562111205291613
transformer,ood/unseen_object_count,rollout,10,velocity_mse,5,0,7.826713553696685,0.40620829652240553,7.882376148120181,7.362435176525963,8.307647449218264,7.322339355243563,8.331087752149807
transformer,ood/unseen_object_count,rollout,20,ade_m,5,0,0.8732610328192953,0.04783154236619538,0.8623234156247375,0.8255218315310591,0.9434901705670887,0.8138703309349097,0.932651734703681
transformer,ood/unseen_object_count,rollout,20,contact_accuracy,5,0,0.5060606060606061,0.09868860042110345,0.4696969696969697,0.3939393939393939,0.6136363636363636,0.3835225285274975,0.6285986835937147
transformer,ood/unseen_object_count,rollout,20,contact_balanced_accuracy,5,0,0.6083333333333334,0.06852868418082719,0.6000000000000001,0.5208333333333334,0.7083333333333334,0.523243736565717,0.6934229301009498
transformer,ood/unseen_object_count,rollout,20,contact_precision,5,0,0.12291264159357619,0.017600623132503393,0.12222222222222222,0.1,0.14634146341463414,0.10105858233203123,0.14476670085512114
transformer,ood/unseen_object_count,rollout,20,contact_recall,5,0,0.7333333333333334,0.23863035105460587,0.75,0.4166666666666667,1.0,0.43703462877667937,1.0296320378899875
transformer,ood/unseen_object_count,rollout,20,displacement_m,5,0,1.6192594723741973,0.09976754232995946,1.6297223911898793,1.4741542068463775,1.7345035924683558,1.4953817115674688,1.7431372331809258
transformer,ood/unseen_object_count,rollout,20,fde_m,5,0,1.6192594723741973,0.09976754232995946,1.6297223911898793,1.4741542068463775,1.7345035924683558,1.4953817115674688,1.7431372331809258
transformer,ood/unseen_object_count,rollout,20,position_mse,5,0,1.8583296438664536,0.2122102375068032,1.9067750580661618,1.5623473765143352,2.0864207478709322,1.594835841887604,2.121823445845303
transformer,ood/unseen_object_count,rollout,20,rotation_mae_rad,5,0,0.9732548978634609,0.030587211447507083,0.9760208365257229,0.9360586023459742,1.0192868786964198,0.9352758600426476,1.011233935684274
transformer,ood/unseen_object_count,rollout,20,velocity_mse,5,0,9.068646204853497,1.8502198802334853,8.583658417497896,7.452327231842503,12.26298487849722,6.771294877851927,11.365997531855067
transformer,ood/unseen_object_count,rollout,50,ade_m,5,0,1.7692686773369115,0.1109947783102555,1.8117876913037523,1.5914163655892544,1.867017714393735,1.6314504623423067,1.9070868923315163
transformer,ood/unseen_object_count,rollout,50,contact_accuracy,5,0,0.3242424242424242,0.14417842990910953,0.26515151515151514,0.20454545454545456,0.5303030303030303,0.14522126528973975,0.5032635831951087
transformer,ood/unseen_object_count,rollout,50,contact_balanced_accuracy,5,0,0.5615277130880298,0.05963135186277407,0.5353982300884956,0.5060549604098742,0.6599906846762925,0.48748561312121197,0.6355698130548477
transformer,ood/unseen_object_count,rollout,50,contact_precision,5,0,0.16598390261989382,0.027194354393456847,0.1532258064516129,0.14634146341463414,0.21333333333333335,0.13221765309452652,0.19975015214526112
transformer,ood/unseen_object_count,rollout,50,contact_recall,5,0,0.8947368421052632,0.16222142113076254,1.0,0.631578947368421,1.0,0.6933123513815941,1.0961613328289324
transformer,ood/unseen_object_count,rollout,50,displacement_m,5,0,2.8994172161023806,0.21471463336762622,2.9348272493209127,2.573352198667673,3.1446541839611646,2.632813796063718,3.166020636141043
transformer,ood/unseen_object_count,rollout,50,fde_m,5,0,2.8994172161023806,0.21471463336762622,2.9348272493209127,2.573352198667673,3.1446541839611646,2.632813796063718,3.166020636141043
transformer,ood/unseen_object_count,rollout,50,position_mse,5,0,6.381269844106305,0.8630231434794644,6.622113579218907,4.963507631553615,7.2498060807831335,5.309685117832899,7.452854570379712
transformer,ood/unseen_object_count,rollout,50,rotation_mae_rad,5,0,1.4655636066030877,0.05591572029210842,1.4868838614863442,1.3740705180618267,1.511986460685591,1.3961350724133494,1.534992140792826
transformer,ood/unseen_object_count,rollout,50,velocity_mse,5,0,7.7769922623051535,0.8082461676576039,7.558122834709741,6.964310613767871,9.110500853478722,6.773422132263198,8.78056239234711
transformer,ood/unseen_obstacles,one_step,1,contact_accuracy,5,0,0.6891941391941392,0.060844204214119034,0.7029914529914529,0.5998168498168498,0.76007326007326,0.6136460841845792,0.7647421942036992
transformer,ood/unseen_obstacles,one_step,1,contact_balanced_accuracy,5,0,0.6453246215259472,0.011823329812492196,0.6439731302252014,0.6308348083151314,0.6589332115688785,0.6306440191151254,0.660005223936769
transformer,ood/unseen_obstacles,one_step,1,contact_precision,5,0,0.1602025189894768,0.01836316605848176,0.1665053242981607,0.1371024734982332,0.1814720812182741,0.13740163766553404,0.18300340031341955
transformer,ood/unseen_obstacles,one_step,1,contact_recall,5,0,0.5922535211267606,0.06427382653016694,0.5915492957746479,0.5035211267605634,0.6830985915492958,0.5124470277212773,0.6720600145322438
transformer,ood/unseen_obstacles,one_step,1,displacement_m,5,0,0.06026751220770722,0.0030125829067176113,0.05921320804818533,0.05752744555718553,0.06531965025825531,0.056526896612561536,0.06400812780285291
transformer,ood/unseen_obstacles,one_step,1,position_mse,5,0,0.002727102839098424,0.0002330791358490613,0.002642247301429778,0.002518926938211813,0.0030432578869934944,0.002437696878347614,0.003016508799849234
transformer,ood/unseen_obstacles,one_step,1,rotation_mae_rad,5,0,0.03840617429305375,0.004720583502923297,0.03853972857900419,0.032177771808064984,0.04495938775096351,0.0325447959290433,0.044267552657064196
transformer,ood/unseen_obstacles,one_step,1,velocity_mse,5,0,1.1396913344668353,0.04155834467742969,1.1311765411909853,1.081541887702783,1.193457336100166,1.088089836011077,1.1912928329225938
transformer,ood/unseen_obstacles,rollout,1,ade_m,5,0,0.0748356999047431,0.0059032315364698105,0.07302889419320223,0.06877012086449827,0.0817002334339236,0.06750587011057019,0.08216552969891602
transformer,ood/unseen_obstacles,rollout,1,contact_accuracy,5,0,0.7119047619047619,0.027147033930931853,0.7023809523809523,0.6785714285714286,0.75,0.678197268491864,0.7456122553176598
transformer,ood/unseen_obstacles,rollout,1,contact_balanced_accuracy,5,0,0.6431111111111111,0.027826623719997376,0.6377777777777778,0.6022222222222222,0.6733333333333333,0.6085597955555555,0.6776624266666667
transformer,ood/unseen_obstacles,rollout,1,contact_precision,5,0,0.19874125874125875,0.017210470742931756,0.19230769230769232,0.18181818181818182,0.22727272727272727,0.17737163763730301,0.2201108798452145
transformer,ood/unseen_obstacles,rollout,1,contact_recall,5,0,0.5555555555555556,0.07856742013183861,0.5555555555555556,0.4444444444444444,0.6666666666666666,0.45800122224237566,0.6531098888687356
transformer,ood/unseen_obstacles,rollout,1,displacement_m,5,0,0.0748356999047431,0.0059032315364698105,0.07302889419320223,0.06877012086449827,0.0817002334339236,0.06750587011057019,0.08216552969891602
transformer,ood/unseen_obstacles,rollout,1,fde_m,5,0,0.0748356999047431,0.0059032315364698105,0.07302889419320223,0.06877012086449827,0.0817002334339236,0.06750587011057019,0.08216552969891602
transformer,ood/unseen_obstacles,rollout,1,position_mse,5,0,0.004090488997472399,0.0007984737303557894,0.004092661353435746,0.0031761077195491894,0.0052514781789394505,0.003099052950543057,0.00508192504440174
transformer,ood/unseen_obstacles,rollout,1,rotation_mae_rad,5,0,0.039729838632544624,0.003975299465372219,0.03853474937294682,0.034390887365530656,0.04408245687003412,0.034793852591334745,0.0446658246737545
transformer,ood/unseen_obstacles,rollout,1,velocity_mse,5,0,1.6951873553499668,0.42209529975151117,1.5294705279061949,1.4099460677985634,2.440842315950471,1.1710868376953356,2.219287873004598
transformer,ood/unseen_obstacles,rollout,5,ade_m,5,0,0.24239385075816516,0.015885352356716186,0.23668881948787818,0.22872304992457146,0.267116576611691,0.22266958138538978,0.26211812013094055
transformer,ood/unseen_obstacles,rollout,5,contact_accuracy,5,0,0.6166666666666667,0.06961995960577833,0.5714285714285714,0.5595238095238095,0.7142857142857143,0.5302220725431039,0.7031112607902295
transformer,ood/unseen_obstacles,rollout,5,contact_balanced_accuracy,5,0,0.608433734939759,0.23663276314942597,0.7771084337349398,0.3373493975903614,0.7831325301204819,0.3146153632742359,0.9022521066052822
transformer,ood/unseen_obstacles,rollout,5,contact_precision,5,0,0.016073968705547653,0.014676331334226045,0.02631578947368421,0.0,0.02702702702702703,-0.00214910284740967,0.034297040258504975
transformer,ood/unseen_obstacles,rollout,5,contact_recall,5,0,0.6,0.5477225575051661,1.0,0.0,1.0,-0.08008735489016405,1.280087354890164
transformer,ood/unseen_obstacles,rollout,5,displacement_m,5,0,0.4286945857050066,0.027801499737101398,0.4205776871179997,0.4045761932161261,0.47593401169807864,0.39417446569332254,0.4632147057166907
transformer,ood/unseen_obstacles,rollout,5,fde_m,5,0,0.4286945857050066,0.027801499737101398,0.4205776871179997,0.4045761932161261,0.47593401169807864,0.39417446569332254,0.4632147057166907
transformer,ood/unseen_obstacles,rollout,5,position_mse,5,0,0.13972406443980484,0.014486530524422874,0.13887355654947214,0.12095476364475853,0.15573879936121138,0.12173666171028069,0.157711467169329
transformer,ood/unseen_obstacles,rollout,5,rotation_mae_rad,5,0,0.25096704007438164,0.014471167100167241,0.24646052169410093,0.23500305275928962,0.2682796417483716,0.23299871355492205,0.2689353665938412
transformer,ood/unseen_obstacles,rollout,5,velocity_mse,5,0,6.480930924333524,0.7096887194099246,6.4318479317878126,5.657419644172467,7.430749454927285,5.599736024898821,7.362125823768228
transformer,ood/unseen_obstacles,rollout,10,ade_m,5,0,0.47701673230011993,0.029789354116718625,0.4705209498302439,0.4475398071859293,0.527109831568811,0.4400283651651138,0.5140050994351261
transformer,ood/unseen_obstacles,rollout,10,contact_accuracy,5,0,0.6285714285714286,0.04072055089639778,0.6190476190476191,0.5833333333333334,0.6904761904761905,0.5780101884520817,0.6791326686907754
transformer,ood/unseen_obstacles,rollout,10,contact_balanced_accuracy,5,0,0.739975093399751,0.0416408823218256,0.7447073474470736,0.6787048567870486,0.7808219178082192,0.6882711109263326,0.7916790758731693
transformer,ood/unseen_obstacles,rollout,10,contact_precision,5,0,0.24687707641196013,0.01921770226373546,0.25,0.22727272727272727,0.2727272727272727,0.22301514828699462,0.2707390045369257
transformer,ood/unseen_obstacles,rollout,10,contact_recall,5,0,0.8909090909090909,0.11853095282186632,0.9090909090909091,0.7272727272727273,1.0,0.743733479693784,1.0380847021243977
transformer,ood/unseen_obstacles,rollout,10,displacement_m,5,0,0.8971861494676007,0.0595307711238871,0.8926261557221057,0.8421214488790812,0.9873588350583192,0.8232689369784395,0.9711033619567618
transformer,ood/unseen_obstacles,rollout,10,fde_m,5,0,0.8971861494676007,0.0595307711238871,0.8926261557221057,0.8421214488790812,0.9873588350583192,0.8232689369784395,0.9711033619567618
transformer,ood/unseen_obstacles,rollout,10,position_mse,5,0,0.6055394969861131,0.06170157016749968,0.6091314413352125,0.5193795108743076,0.6929181968074059,0.5289268815792902,0.6821521123929359
transformer,ood/unseen_obstacles,rollout,10,rotation_mae_rad,5,0,0.5367600296084521,0.044756443624805395,0.5328870812585813,0.4799376801038783,0.5995043988351376,0.48118756697750137,0.592332492239403
transformer,ood/unseen_obstacles,rollout,10,velocity_mse,5,0,6.854799151722933,0.8340736685876732,7.238273187980378,5.855654430948836,7.824728076255824,5.819159944827614,7.890438358618251
transformer,ood/unseen_obstacles,rollout,20,ade_m,5,0,0.9187495366615176,0.05681764599833534,0.9094403960595776,0.8523383118846889,0.9960205691778465,0.8482011138357348,0.9892979594873004
transformer,ood/unseen_obstacles,rollout,20,contact_accuracy,5,0,0.41904761904761906,0.06487822187351767,0.40476190476190477,0.34523809523809523,0.5119047619047619,0.33849066973204944,0.4996045683631887
transformer,ood/unseen_obstacles,rollout,20,contact_balanced_accuracy,5,0,0.5948717948717949,0.11317325392662017,0.6474358974358975,0.39743589743589747,0.6666666666666666,0.45434864523587354,0.7353949445077161
transformer,ood/unseen_obstacles,rollout,20,contact_precision,5,0,0.0901934361516046,0.02591943127106085,0.09836065573770492,0.045454545454545456,0.1111111111111111,0.05801021270781406,0.12237665959539515
transformer,ood/unseen_obstacles,rollout,20,contact_recall,5,0,0.8,0.2738612787525831,0.8333333333333334,0.3333333333333333,1.0,0.45995632255491803,1.1400436774450822
transformer,ood/unseen_obstacles,rollout,20,displacement_m,5,0,1.7192123527880798,0.1190910727087922,1.7205467447844356,1.5365185959407317,1.8270170490252446,1.5713412609008506,1.867083444675309
transformer,ood/unseen_obstacles,rollout,20,fde_m,5,0,1.7192123527880798,0.1190910727087922,1.7205467447844356,1.5365185959407317,1.8270170490252446,1.5713412609008506,1.867083444675309
transformer,ood/unseen_obstacles,rollout,20,position_mse,5,0,2.074225076097767,0.1982250220677625,2.0438760570675236,1.7987295466841133,2.305819717741834,1.828096211978751,2.320353940216783
transformer,ood/unseen_obstacles,rollout,20,rotation_mae_rad,5,0,0.9891708680205766,0.12444371683762664,1.0174154601164755,0.8433443615717896,1.165024028428675,0.8346535908751966,1.1436881451659566
transformer,ood/unseen_obstacles,rollout,20,velocity_mse,5,0,16.720331387485174,3.4846531177810873,14.923489676694064,13.545124686717005,22.141031918248185,12.393563228846482,21.047099546123867
transformer,ood/unseen_obstacles,rollout,50,ade_m,5,0,1.851354269622929,0.13656686220869432,1.8899225997295968,1.6260935016961955,1.956795360453429,1.6817841198956478,2.0209244193502105
transformer,ood/unseen_obstacles,rollout,50,contact_accuracy,5,0,0.22142857142857142,0.15398154909052403,0.13095238095238096,0.10714285714285714,0.4642857142857143,0.030235232779420196,0.41262191007772264
transformer,ood/unseen_obstacles,rollout,50,contact_balanced_accuracy,5,0,0.5860759493670886,0.08186360837724065,0.5379746835443038,0.5253164556962026,0.7151898734177216,0.48442885793336266,0.6877230408008146
transformer,ood/unseen_obstacles,rollout,50,contact_precision,5,0,0.07336335605322947,0.016026593034964603,0.0641025641025641,0.0625,0.1,0.05346371322183595,0.09326299888462299
transformer,ood/unseen_obstacles,rollout,50,contact_recall,5,0,1.0,0.0,1.0,1.0,1.0,1.0,1.0
transformer,ood/unseen_obstacles,rollout,50,displacement_m,5,0,3.0802918210062598,0.29057543734346086,3.245538897533738,2.615948275281882,3.3007928992824938,2.719494775364949,3.4410888666475703
transformer,ood/unseen_obstacles,rollout,50,fde_m,5,0,3.0802918210062598,0.29057543734346086,3.245538897533738,2.615948275281882,3.3007928992824938,2.719494775364949,3.4410888666475703
transformer,ood/unseen_obstacles,rollout,50,position_mse,5,0,6.620743854981411,1.011423476770525,7.174873036248399,5.0046282252759635,7.360838339789322,5.36489578452068,7.876591925442142
transformer,ood/unseen_obstacles,rollout,50,rotation_mae_rad,5,0,1.4111970581449167,0.07122578354793865,1.4236001678853225,1.3053049040844205,1.4927661270366959,1.3227585703204672,1.4996355459693662
transformer,ood/unseen_obstacles,rollout,50,velocity_mse,5,0,7.952199290009758,0.5382379677437166,8.095313707201793,7.032732134233529,8.458178567684552,7.283888608317906,8.620509971701608
transformer,ood/unseen_velocity,one_step,1,contact_accuracy,5,0,0.765974765974766,0.017498651059589452,0.7606837606837606,0.7505087505087505,0.7936507936507936,0.7442473217601832,0.7877022101893488
transformer,ood/unseen_velocity,one_step,1,contact_balanced_accuracy,5,0,0.697733860342556,0.014704752843021,0.6943675889328063,0.6814558629776022,0.717018006148441,0.6794754988266904,0.7159922218584216
transformer,ood/unseen_velocity,one_step,1,contact_precision,5,0,0.18039370830182022,0.00479263139081936,0.178752107925801,0.1761904761904762,0.18857142857142858,0.17444287067265216,0.1863445459309883
transformer,ood/unseen_velocity,one_step,1,contact_recall,5,0,0.6177777777777778,0.05112922384374905,0.6166666666666667,0.55,0.6777777777777778,0.5542924636803126,0.6812630918752429
transformer,ood/unseen_velocity,one_step,1,displacement_m,5,0,0.1053937268728871,0.004322806356093945,0.10473562203662666,0.1010631031406189,0.11204131368807173,0.1000262540526891,0.11076119969308511
transformer,ood/unseen_velocity,one_step,1,position_mse,5,0,0.010432619398752714,0.001352776025972129,0.010072139234391571,0.0089890729655992,0.012520847881441213,0.008752926173312504,0.012112312624192923
transformer,ood/unseen_velocity,one_step,1,rotation_mae_rad,5,0,0.053823821371040206,0.009200505843298856,0.0534081950869344,0.045027831600009914,0.06897281336488716,0.04239988493299858,0.06524775780908183
transformer,ood/unseen_velocity,one_step,1,velocity_mse,5,0,2.0908683653975646,0.07849943828018757,2.0600130931320875,2.027350661700469,2.223839464476258,1.9933984426989126,2.1883382880962166
transformer,ood/unseen_velocity,rollout,1,ade_m,5,0,0.14345185586663936,0.011995355456077762,0.1404318567304217,0.1340630293747903,0.16348702703273224,0.1285576554155026,0.15834605631777612
transformer,ood/unseen_velocity,rollout,1,contact_accuracy,5,0,0.8444444444444444,0.03441187839472827,0.8253968253968254,0.8253968253968254,0.9047619047619048,0.8017164555500816,0.8871724333388072
transformer,ood/unseen_velocity,rollout,1,contact_balanced_accuracy,5,0,0.6838983050847457,0.018372443549727797,0.673728813559322,0.673728813559322,0.7161016949152542,0.6610859042343655,0.7067107059351259
transformer,ood/unseen_velocity,rollout,1,contact_precision,5,0,0.21575757575757576,0.06619669052563949,0.18181818181818182,0.18181818181818182,0.3333333333333333,0.1335635314459348,0.2979516200692167
transformer,ood/unseen_velocity,rollout,1,contact_recall,5,0,0.5,0.0,0.5,0.5,0.5,0.5,0.5
transformer,ood/unseen_velocity,rollout,1,displacement_m,5,0,0.14345185586663936,0.011995355456077762,0.1404318567304217,0.1340630293747903,0.16348702703273224,0.1285576554155026,0.15834605631777612
transformer,ood/unseen_velocity,rollout,1,fde_m,5,0,0.14345185586663936,0.011995355456077762,0.1404318567304217,0.1340630293747903,0.16348702703273224,0.1285576554155026,0.15834605631777612
transformer,ood/unseen_velocity,rollout,1,position_mse,5,0,0.015422478604251628,0.0033704971238594497,0.01445025961961883,0.012961842564353543,0.021311635545561643,0.011237453828074031,0.019607503380429225
transformer,ood/unseen_velocity,rollout,1,rotation_mae_rad,5,0,0.04985604658346342,0.007345110001063187,0.04994835458097776,0.041231599869099765,0.05921527693333796,0.040735888277854036,0.0589762048890728
transformer,ood/unseen_velocity,rollout,1,velocity_mse,5,0,0.7562200008891737,0.049566481430954344,0.7443865195598636,0.6969705142901693,0.8292464607688839,0.6946750877106213,0.8177649140677262
transformer,ood/unseen_velocity,rollout,5,ade_m,5,0,0.41780678949668715,0.03487173740694297,0.4088225659023092,0.38775645699671735,0.47421538795472307,0.3745078102442423,0.461105768749132
transformer,ood/unseen_velocity,rollout,5,contact_accuracy,5,0,0.765079365079365,0.061884408538469604,0.746031746031746,0.6984126984126984,0.8571428571428571,0.6882397258584204,0.8419190043003096
transformer,ood/unseen_velocity,rollout,5,contact_balanced_accuracy,5,0,0.6852459016393443,0.09248139480372675,0.6516393442622951,0.6188524590163935,0.8442622950819672,0.570415087558757,0.8000767157199316
transformer,ood/unseen_velocity,rollout,5,contact_precision,5,0,0.0809191625368096,0.022136151677761687,0.07692307692307693,0.058823529411764705,0.1111111111111111,0.053433500981169876,0.10840482409244932
transformer,ood/unseen_velocity,rollout,5,contact_recall,5,0,0.6,0.22360679774997896,0.5,0.5,1.0,0.3223555,0.8776444999999999
transformer,ood/unseen_velocity,rollout,5,displacement_m,5,0,0.6797212318439018,0.056356087928019265,0.6648611505060766,0.6314371933060517,0.7687131928933292,0.6097459090353964,0.7496965546524071
transformer,ood/unseen_velocity,rollout,5,fde_m,5,0,0.6797212318439018,0.056356087928019265,0.6648611505060766,0.6314371933060517,0.7687131928933292,0.6097459090353964,0.7496965546524071
transformer,ood/unseen_velocity,rollout,5,position_mse,5,0,0.3450130088998994,0.06863156258077667,0.3329864374762438,0.2894926649774934,0.46283039606445286,0.25979567173171286,0.4302303460680859
transformer,ood/unseen_velocity,rollout,5,rotation_mae_rad,5,0,0.2917547564783982,0.0454565859351361,0.28554101159050327,0.23878016774988162,0.3602716294399357,0.2353129523800294,0.34819656057676707
transformer,ood/unseen_velocity,rollout,5,velocity_mse,5,0,7.546525041459054,0.37274952685908613,7.429385845474013,7.2051222637022665,8.184229077741001,7.08369539114697,8.009354691771136
transformer,ood/unseen_velocity,rollout,10,ade_m,5,0,0.7411199085498408,0.053814847098243426,0.7343374674864807,0.6910950472753176,0.815693647800528,0.6742999528708786,0.8079398642288029
transformer,ood/unseen_velocity,rollout,10,contact_accuracy,5,0,0.653968253968254,0.06388765649999398,0.6190476190476191,0.5873015873015873,0.7301587301587301,0.574641253968254,0.7332952539682539
transformer,ood/unseen_velocity,rollout,10,contact_balanced_accuracy,5,0,0.4344262295081967,0.20857394508195856,0.36885245901639346,0.30327868852459017,0.8032786885245902,0.17544748074914523,0.6934049782672482
transformer,ood/unseen_velocity,rollout,10,contact_precision,5,0,0.015384615384615385,0.034401045807689073,0.0,0.0,0.07692307692307693,-0.027329923076923078,0.05809915384615385
transformer,ood/unseen_velocity,rollout,10,contact_recall,5,0,0.2,0.4472135954999579,0.0,0.0,1.0,-0.3552889999999999,0.7552889999999999
transformer,ood/unseen_velocity,rollout,10,displacement_m,5,0,1.3235387383898067,0.08383383143542807,1.3303043546023094,1.2282763596976092,1.413295575204368,1.2194452920089893,1.4276321847706241
transformer,ood/unseen_velocity,rollout,10,fde_m,5,0,1.3235387383898067,0.08383383143542807,1.3303043546023094,1.2282763596976092,1.413295575204368,1.2194452920089893,1.4276321847706241
transformer,ood/unseen_velocity,rollout,10,position_mse,5,0,1.2723209582083157,0.18501502922228188,1.27638767218398,1.1010638498628553,1.5592836700447477,1.0425944660005864,1.502047450416045
transformer,ood/unseen_velocity,rollout,10,rotation_mae_rad,5,0,0.6591365319809596,0.06490026698626125,0.6490036577557443,0.5749601517186824,0.7531064886130108,0.578552210043597,0.7397208539183221
transformer,ood/unseen_velocity,rollout,10,velocity_mse,5,0,15.686050279437172,1.14135203878014,15.546532499336623,14.425697531649224,17.512438716888756,14.26887459730332,17.103225961571024
transformer,ood/unseen_velocity,rollout,20,ade_m,5,0,1.3445050546995938,0.06770206468239888,1.3604644887934023,1.265763986310624,1.412320471014862,1.2604418415645,1.4285682678346876
transformer,ood/unseen_velocity,rollout,20,contact_accuracy,5,0,0.6031746031746031,0.10101525445522108,0.5714285714285714,0.5079365079365079,0.746031746031746,0.4777476032005146,0.7286016031486917
transformer,ood/unseen_velocity,rollout,20,contact_balanced_accuracy,5,0,0.706140350877193,0.05582421956735901,0.6885964912280702,0.6535087719298246,0.7850877192982456,0.6368254298388809,0.775455271915505
transformer,ood/unseen_velocity,rollout,20,contact_precision,5,0,0.18024125779343997,0.04504018746220693,0.16129032258064516,0.14285714285714285,0.25,0.12431648066822448,0.23616603491865545
transformer,ood/unseen_velocity,rollout,20,contact_recall,5,0,0.8333333333333334,0.0,0.8333333333333334,0.8333333333333334,0.8333333333333334,0.8333333333333334,0.8333333333333334
transformer,ood/unseen_velocity,rollout,20,displacement_m,5,0,2.4639148197558516,0.08290573332096177,2.477872348090143,2.3658092385036107,2.5552727757338483,2.3609737593469045,2.5668558801647987
transformer,ood/unseen_velocity,rollout,20,fde_m,5,0,2.4639148197558516,0.08290573332096177,2.477872348090143,2.3658092385036107,2.5552727757338483,2.3609737593469045,2.5668558801647987
transformer,ood/unseen_velocity,rollout,20,position_mse,5,0,4.603245146813306,0.28669973939235227,4.729454818438173,4.289320690111128,4.921712075447577,4.247260415603463,4.959229878023149
transformer,ood/unseen_velocity,rollout,20,rotation_mae_rad,5,0,1.1593089677999622,0.11045278673273781,1.1360149189820534,1.0657775909464673,1.3456507917477394,1.0221637242089923,1.296454211390932
transformer,ood/unseen_velocity,rollout,20,velocity_mse,5,0,19.409358772949847,2.1486059633136763,19.644482282635433,16.03572071663033,22.034496546065842,16.741512203060402,22.077205342839292
transformer,ood/unseen_velocity,rollout,50,ade_m,5,0,2.8632528824441863,0.10303643697908602,2.833449874103951,2.7378846496625573,3.0080180076462573,2.7353162529915043,2.9911895118968683
transformer,ood/unseen_velocity,rollout,50,contact_accuracy,5,0,0.4476190476190476,0.18660078742457897,0.38095238095238093,0.2857142857142857,0.6984126984126984,0.2159235766162731,0.6793145186218221
transformer,ood/unseen_velocity,rollout,50,contact_balanced_accuracy,5,0,0.6209677419354839,0.2563577633105215,0.6370967741935484,0.1935483870967742,0.8467741935483871,0.302657548633345,0.9392779352376228
transformer,ood/unseen_velocity,rollout,50,contact_precision,5,0,0.02610305958132045,0.018775470027898165,0.021739130434782608,0.0,0.05,0.002790235281634055,0.049415883881006845
transformer,ood/unseen_velocity,rollout,50,contact_recall,5,0,0.8,0.4472135954999579,1.0,0.0,1.0,0.24471100000000012,1.355289
transformer,ood/unseen_velocity,rollout,50,displacement_m,5,0,4.910167228064933,0.23877906824336245,4.9063198954065745,4.692333843308845,5.298510624646101,4.613683866736082,5.206650589393783
transformer,ood/unseen_velocity,rollout,50,fde_m,5,0,4.910167228064933,0.23877906824336245,4.9063198954065745,4.692333843308845,5.298510624646101,4.613683866736082,5.206650589393783
transformer,ood/unseen_velocity,rollout,50,position_mse,5,0,19.374062622752252,1.700754059176505,19.661235157296797,17.135754534747168,21.38836859603915,17.26229761768735,21.485827627817155
transformer,ood/unseen_velocity,rollout,50,rotation_mae_rad,5,0,1.4019557925264252,0.10329490032202447,1.4576749359267531,1.2269412744805266,1.4774181111626887,1.2736982384581208,1.5302133465947296
transformer,ood/unseen_velocity,rollout,50,velocity_mse,5,0,21.584021061113262,9.44019182761611,16.27961924690335,14.83759421053568,37.39859596618065,9.86247517674711,33.30556694547941
transformer,test,one_step,1,contact_accuracy,5,0,0.7087801087801088,0.05240678003090048,0.7018259518259519,0.6451048951048951,0.7836052836052836,0.643708499219479,0.7738517183407385
transformer,test,one_step,1,contact_balanced_accuracy,5,0,0.6922092997787853,0.011094592745421905,0.6885581619466894,0.6813632082703638,0.7107946207591388,0.6784335439140172,0.7059850556435534
transformer,test,one_step,1,contact_precision,5,0,0.1446085662601669,0.015532121653578578,0.13914095583787053,0.1320861678004535,0.1695205479452055,0.12532289071791966,0.16389424180241416
transformer,test,one_step,1,contact_recall,5,0,0.6730994152046784,0.07504430254511041,0.672514619883041,0.5789473684210527,0.7865497076023392,0.5799196099946292,0.7662792204147276
transformer,test,one_step,1,displacement_m,5,0,0.06635187971993124,0.00320808740144192,0.06469341122388456,0.06342325236614538,0.07038120501223163,0.06236851324139705,0.07033524619846543
transformer,test,one_step,1,position_mse,5,0,0.0032302311568282362,0.0003773356674071453,0.0031845013533307286,0.0028804985112379747,0.0037957022406438124,0.002761707061122684,0.0036987552525337883
transformer,test,one_step,1,rotation_mae_rad,5,0,0.040796837929952666,0.005855461286475837,0.040129621687637174,0.034258798737563816,0.04965060575553311,0.03352632273313507,0.04806735312677026
transformer,test,one_step,1,velocity_mse,5,0,0.910052960362003,0.012733732490725689,0.909647944987092,0.8931408523623885,0.928830739920987,0.8942419437645811,0.9258639769594249
transformer,test,rollout,1,ade_m,5,0,0.08604122698781518,0.007774474799913549,0.08687445756551569,0.07657285044120962,0.09640414158020197,0.07638794188957715,0.0956945120860532
transformer,test,rollout,1,contact_accuracy,5,0,0.8181818181818181,0.0421800330517426,0.8106060606060606,0.7803030303030303,0.8863636363636364,0.7658083916828214,0.8705552446808148
transformer,test,rollout,1,contact_balanced_accuracy,5,0,0.78515625,0.02174907954230477,0.78125,0.765625,0.8203125,0.7581512019614548,0.8121612980385452
transformer,test,rollout,1,contact_precision,5,0,0.12087117857895846,0.03241752229144277,0.1111111111111111,0.0967741935483871,0.17647058823529413,0.08061950976381696,0.16112284739409996
transformer,test,rollout,1,contact_recall,5,0,0.75,0.0,0.75,0.75,0.75,0.75,0.75
transformer,test,rollout,1,displacement_m,5,0,0.08604122698781518,0.007774474799913549,0.08687445756551569,0.07657285044120962,0.09640414158020197,0.07638794188957715,0.0956945120860532
transformer,test,rollout,1,fde_m,5,0,0.08604122698781518,0.007774474799913549,0.08687445756551569,0.07657285044120962,0.09640414158020197,0.07638794188957715,0.0956945120860532
transformer,test,rollout,1,position_mse,5,0,0.005359613609764149,0.001269506330082214,0.00548073860562159,0.003910596782027384,0.007290877490553968,0.003783313363934326,0.006935913855593972
transformer,test,rollout,1,rotation_mae_rad,5,0,0.038581346831697415,0.006174970917639201,0.03806430680499454,0.0323235434695697,0.047984088087065724,0.030914108043816522,0.04624858561957831
transformer,test,rollout,1,velocity_mse,5,0,0.38702973914701233,0.01426709877444915,0.38161489782302876,0.3718631673257512,0.40899146207058773,0.36931479691117003,0.40474468138285463
transformer,test,rollout,5,ade_m,5,0,0.2611209204007422,0.019088462653107145,0.2628228437163014,0.23598626980848358,0.28064624590650994,0.23741946444135553,0.28482237636012886
transformer,test,rollout,5,contact_accuracy,5,0,0.7727272727272727,0.05515234764606454,0.75,0.7045454545454546,0.8333333333333334,0.7042465908334272,0.8412079546211182
transformer,test,rollout,5,contact_balanced_accuracy,5,0,0.8665142857142857,0.026047366587093754,0.868,0.844,0.9079999999999999,0.8341722096004971,0.8988563618280743
transformer,test,rollout,5,contact_precision,5,0,0.19154589371980676,0.034586533868666655,0.175,0.15217391304347827,0.23333333333333334,0.14860104141958227,0.23449074602003125
transformer,test,rollout,5,contact_recall,5,0,0.9714285714285714,0.06388765649999402,1.0,0.8571428571428571,1.0,0.8921015714285714,1.0507555714285715
transformer,test,rollout,5,displacement_m,5,0,0.43933502930147894,0.029241935669420675,0.4407435051917616,0.3998503883238174,0.47190669313404954,0.4030263719186815,0.47564368668427637
transformer,test,rollout,5,fde_m,5,0,0.43933502930147894,0.029241935669420675,0.4407435051917616,0.3998503883238174,0.47190669313404954,0.4030263719186815,0.47564368668427637
transformer,test,rollout,5,position_mse,5,0,0.13934352957510593,0.0222659104863282,0.14133896840268276,0.10907634772417689,0.1660119821991313,0.11169675118452396,0.1669903079656879
transformer,test,rollout,5,rotation_mae_rad,5,0,0.22370583007043024,0.025680897237249613,0.22067332377603702,0.19507840113702857,0.25688952452822655,0.19181878573754738,0.2555928744033131
transformer,test,rollout,5,velocity_mse,5,0,4.024174015658696,0.6170117791673436,3.914605576052507,3.3217822450993166,4.76053060600043,3.2580527320268184,4.790295299290573
transformer,test,rollout,10,ade_m,5,0,0.4935911395641091,0.030169668839384087,0.501542338843697,0.45127440875781144,0.5316899179808602,0.45613054934787467,0.5310517297803435
transformer,test,rollout,10,contact_accuracy,5,0,0.5878787878787879,0.05931387615473753,0.5606060606060606,0.5303030303030303,0.6590909090909091,0.5142308860540072,0.6615266897035685
transformer,test,rollout,10,contact_balanced_accuracy,5,0,0.5701612903225806,0.06862839259017312,0.5262096774193548,0.5161290322580645,0.6491935483870968,0.484947889217452,0.6553746914277091
transformer,test,rollout,10,contact_precision,5,0,0.0782948862215554,0.01563755326301052,0.06976744186046512,0.06451612903225806,0.0967741935483871,0.058878300050563936,0.09771147239254685
transformer,test,rollout,10,contact_recall,5,0,0.55,0.18957188610128875,0.5,0.375,0.75,0.31461542287502214,0.7853845771249779
transformer,test,rollout,10,displacement_m,5,0,0.9202279111834963,0.0555071328613698,0.9119235688552404,0.8488559748544197,0.9963969285141397,0.8513067052774025,0.9891491170895902
transformer,test,rollout,10,fde_m,5,0,0.9202279111834963,0.0555071328613698,0.9119235688552404,0.8488559748544197,0.9963969285141397,0.8513067052774025,0.9891491170895902
transformer,test,rollout,10,position_mse,5,0,0.5935381749990792,0.07545379161706582,0.6163916082981209,0.48429145594798795,0.6759642686187969,0.4998499219699899,0.6872264280281686
transformer,test,rollout,10,rotation_mae_rad,5,0,0.49069976917989144,0.043411400571870706,0.48474106109128434,0.4312510068943665,0.5388820100676787,0.436797398020525,0.5446021403392579
transformer,test,rollout,10,velocity_mse,5,0,6.181158306662924,0.4342391939762399,6.146418341850029,5.560106967031739,6.653109324448994,5.641979153322773,6.720337460003075
transformer,test,rollout,20,ade_m,5,0,0.9219600275114641,0.0526581892068384,0.9061240160368039,0.863710338330003,0.9990048466772221,0.8565762522400818,0.9873438027828464
transformer,test,rollout,20,contact_accuracy,5,0,0.4515151515151515,0.0974007936340919,0.3939393939393939,0.3560606060606061,0.5606060606060606,0.3305760972455316,0.5724542057847714
transformer,test,rollout,20,contact_balanced_accuracy,5,0,0.54765625,0.0744957823103513,0.546875,0.4453125,0.65234375,0.4551575225919318,0.6401549774080681
transformer,test,rollout,20,contact_precision,5,0,0.035993285911818794,0.009000855108094258,0.034482758620689655,0.025,0.05,0.024817248594502885,0.0471693232291347
transformer,test,rollout,20,contact_recall,5,0,0.65,0.13693063937629152,0.75,0.5,0.75,0.479978161277459,0.8200218387225411
transformer,test,rollout,20,displacement_m,5,0,1.6558626597576125,0.11011919027597636,1.6545246414578276,1.5206572786726595,1.812946856511591,1.5191316308612373,1.7925936886539877
transformer,test,rollout,20,fde_m,5,0,1.6558626597576125,0.11011919027597636,1.6545246414578276,1.5206572786726595,1.812946856511591,1.5191316308612373,1.7925936886539877
transformer,test,rollout,20,position_mse,5,0,1.9418975274608037,0.2141613836203429,1.8683513235037044,1.744075978457048,2.2857123975726212,1.6759810576893301,2.207813997232277
transformer,test,rollout,20,rotation_mae_rad,5,0,0.9617570033915849,0.051321533729928544,0.9705974181959892,0.8748065913123639,0.9999294695087327,0.8980329050409994,1.0254811017421703
transformer,test,rollout,20,velocity_mse,5,0,11.316996775215964,2.554221830212313,10.226593532174657,9.320755342594449,15.7068639589489,8.145511605380829,14.488481945051099
transformer,test,rollout,50,ade_m,5,0,1.9046615623037297,0.13225391855818291,1.93473318885261,1.712345448795293,2.0235922226027774,1.740446639230664,2.0688764853767956
transformer,test,rollout,50,contact_accuracy,5,0,0.22272727272727272,0.13632154232455235,0.14393939393939395,0.10606060606060606,0.3787878787878788,0.05346172785663281,0.3919928175979126
transformer,test,rollout,50,contact_balanced_accuracy,5,0,0.48104838709677417,0.03528513813129897,0.48588709677419356,0.43548387096774194,0.532258064516129,0.43723610306751387,0.5248606711260344
transformer,test,rollout,50,contact_precision,5,0,0.05734225880716951,0.005665496416347417,0.05813953488372093,0.04878048780487805,0.06451612903225806,0.050307616141576764,0.06437690147276226
transformer,test,rollout,50,contact_recall,5,0,0.775,0.2053959590644373,0.875,0.5,1.0,0.5199672419161885,1.0300327580838116
transformer,test,rollout,50,displacement_m,5,0,3.2408958861606427,0.2612099435950636,3.301910852873229,2.9214364606964622,3.5964624313482068,2.916560915514669,3.5652308568066164
transformer,test,rollout,50,fde_m,5,0,3.2408958861606427,0.2612099435950636,3.301910852873229,2.9214364606964622,3.5964624313482068,2.916560915514669,3.5652308568066164
transformer,test,rollout,50,position_mse,5,0,7.385132839239989,0.833375659106192,7.560175728305449,6.25980121415908,8.494242302876035,6.350360325555392,8.419905352924587
transformer,test,rollout,50,rotation_mae_rad,5,0,1.5275568124239078,0.10912254283016018,1.5130013788606622,1.4185422514905777,1.7039882830853028,1.392063284733016,1.6630503401147996
transformer,test,rollout,50,velocity_mse,5,0,11.315886453200918,0.718993344913279,10.912093365134814,10.625465860023118,12.197203959174852,10.423138335699674,12.208634570702161
transformer,validation,one_step,1,contact_accuracy,5,0,0.718283166109253,0.06009324799944369,0.7092159048680787,0.6393534002229655,0.799702712746191,0.6436675463603534,0.7928987858581527
transformer,validation,one_step,1,contact_balanced_accuracy,5,0,0.6954194177671068,0.006378046431415537,0.6919799169667867,0.6904261704681873,0.7058401485594237,0.687500027434407,0.7033388080998066
transformer,validation,one_step,1,contact_precision,5,0,0.16022243806384437,0.024156333418294863,0.15203299941072482,0.1350210970464135,0.1987847222222222,0.1302283896661972,0.19021648646149153
transformer,validation,one_step,1,contact_recall,5,0,0.66875,0.06077814812850551,0.671875,0.5963541666666666,0.75,0.5932839644507009,0.744216035549299
transformer,validation,one_step,1,displacement_m,5,0,0.06010701762200597,0.0076000950247295425,0.06444766626130666,0.05155595275603371,0.06679351901793841,0.05067025360442494,0.06954378163958701
transformer,validation,one_step,1,position_mse,5,0,0.0026749693743821842,0.0005335887109179495,0.002929020204208039,0.002006597807719473,0.003257198643264227,0.002012431507290563,0.0033375072414738053
transformer,validation,one_step,1,rotation_mae_rad,5,0,0.03626779900105421,0.006117105754225717,0.03407667279036123,0.030306364946393938,0.046319103513988644,0.028672409300611698,0.04386318870149672
transformer,validation,one_step,1,velocity_mse,5,0,0.8090910635055989,0.04608301670373697,0.802360371412131,0.7551984820614982,0.8742885117419358,0.7518714429039622,0.8663106841072356
transformer,validation,rollout,1,ade_m,5,0,0.08252884610100751,0.007704675303957349,0.08015420974720762,0.0737790091639861,0.09269086081339845,0.07296222852070729,0.09209546368130773
transformer,validation,rollout,1,contact_accuracy,5,0,0.8202898550724638,0.026821384816408327,0.8188405797101449,0.782608695652174,0.855072463768116,0.7869867084257962,0.8535930017191313
transformer,validation,rollout,1,contact_balanced_accuracy,5,0,0.6817307692307693,0.03821434990238012,0.676923076923077,0.6298076923076923,0.7278846153846155,0.6342813885400502,0.7291801499214883
transformer,validation,rollout,1,contact_precision,5,0,0.1671722098352533,0.012913560014236757,0.16666666666666666,0.15384615384615385,0.18518518518518517,0.1511379078844617,0.1832065117860449
transformer,validation,rollout,1,contact_recall,5,0,0.525,0.10458250331675945,0.5,0.375,0.625,0.3951436757097303,0.6548563242902697
transformer,validation,rollout,1,displacement_m,5,0,0.08252884610100751,0.007704675303957349,0.08015420974720762,0.0737790091639861,0.09269086081339845,0.07296222852070729,0.09209546368130773
transformer,validation,rollout,1,fde_m,5,0,0.08252884610100751,0.007704675303957349,0.08015420974720762,0.0737790091639861,0.09269086081339845,0.07296222852070729,0.09209546368130773
transformer,validation,rollout,1,position_mse,5,0,0.004895625260554422,0.001095028885519618,0.004827254387142296,0.0038461457919070556,0.006554802352717362,0.003535967367928122,0.006255283153180721
transformer,validation,rollout,1,rotation_mae_rad,5,0,0.03780584339451929,0.005717493911491059,0.038292226145496364,0.03180948895957576,0.046378895918169204,0.030706637313656176,0.0449050494753824
transformer,validation,rollout,1,velocity_mse,5,0,1.1539841473634775,0.16595505205138075,1.1133651474234127,0.9945386411597344,1.385698384870247,0.9479237417187484,1.3600445530082066
transformer,validation,rollout,5,ade_m,5,0,0.2526559870691885,0.02147302596218504,0.2476056618439967,0.22667424105487838,0.27785809881510004,0.22599370480966607,0.27931826932871096
transformer,validation,rollout,5,contact_accuracy,5,0,0.7333333333333334,0.07828099580177622,0.7101449275362319,0.644927536231884,0.8188405797101449,0.6361346427855264,0.8305320238811403
transformer,validation,rollout,5,contact_balanced_accuracy,5,0,0.7056549749463136,0.05428714314381212,0.7179670722977809,0.6410164638511096,0.7730851825340015,0.6382485862932944,0.7730613635993328
transformer,validation,rollout,5,contact_precision,5,0,0.1938787697469921,0.05714155785475768,0.17777777777777778,0.1346153846153846,0.25806451612903225,0.12292815724573707,0.26482938224824715
transformer,validation,rollout,5,contact_recall,5,0,0.6727272727272727,0.049792959773196935,0.6363636363636364,0.6363636363636364,0.7272727272727273,0.6109011495554396,0.7345533958991058
transformer,validation,rollout,5,displacement_m,5,0,0.42318608851063827,0.03778428014479845,0.4145738179277063,0.3794926610106772,0.4742983059384587,0.3762707099343916,0.47010146708688494
transformer,validation,rollout,5,fde_m,5,0,0.42318608851063827,0.03778428014479845,0.4145738179277063,0.3794926610106772,0.4742983059384587,0.3762707099343916,0.47010146708688494
transformer,validation,rollout,5,position_mse,5,0,0.13188639807486374,0.021266938767123923,0.13102381841746846,0.10808867561952917,0.15570650057917995,0.10548000685624395,0.15829278929348353
transformer,validation,rollout,5,rotation_mae_rad,5,0,0.22528971005380238,0.029933079798892502,0.2095205554704231,0.19845617055507517,0.2716904223958519,0.1881228839203854,0.26245653618721937
transformer,validation,rollout,5,velocity_mse,5,0,3.7008891570725706,0.1899867982184491,3.5805597130824482,3.5442445534038267,3.9568227871073276,3.4649893985288163,3.936788915616325
transformer,validation,rollout,10,ade_m,5,0,0.464729161506715,0.03825574511743374,0.45800693577809604,0.4206070120839584,0.5227883108467563,0.41722838186971345,0.5122299411437166
transformer,validation,rollout,10,contact_accuracy,5,0,0.6507246376811594,0.09128709291752768,0.5942028985507246,0.572463768115942,0.7608695652173914,0.5373767451994654,0.7640725301628534
transformer,validation,rollout,10,contact_balanced_accuracy,5,0,0.6725806451612903,0.0187127772624461,0.6751152073732719,0.6451612903225806,0.6964285714285714,0.6493456642084642,0.6958156261141165
transformer,validation,rollout,10,contact_precision,5,0,0.18848121716591867,0.02797056370789568,0.171875,0.16417910447761194,0.225,0.1537511765162597,0.22321125781557766
transformer,validation,rollout,10,contact_recall,5,0,0.7,0.12777531299998796,0.7857142857142857,0.5,0.7857142857142857,0.541346,0.8586539999999999
transformer,validation,rollout,10,displacement_m,5,0,0.8419726147130678,0.06550552921432412,0.829982367458805,0.7744942087731281,0.9510203512590301,0.7606367604861222,0.9233084689400135
transformer,validation,rollout,10,fde_m,5,0,0.8419726147130678,0.06550552921432412,0.829982367458805,0.7744942087731281,0.9510203512590301,0.7606367604861222,0.9233084689400135
transformer,validation,rollout,10,position_mse,5,0,0.48940273314740285,0.07208336873926673,0.48401865588295456,0.4113071145825014,0.5954140101804277,0.39989941270583446,0.5789060535889712
transformer,validation,rollout,10,rotation_mae_rad,5,0,0.49900042589159765,0.05157900426173595,0.47069847157874084,0.45372424724456273,0.5669740614315679,0.43495663566318143,0.5630442161200139
transformer,validation,rollout,10,velocity_mse,5,0,6.00864406327429,0.3992126139108934,6.196062104472931,5.499435360155536,6.455259996285912,5.512956151733625,6.5043319748149555
transformer,validation,rollout,20,ade_m,5,0,0.8482514484661294,0.05761770839647527,0.8344070987625857,0.8022670920461584,0.9481586116728785,0.7767096170018993,0.9197932799303595
transformer,validation,rollout,20,contact_accuracy,5,0,0.518840579710145,0.11452943826162519,0.4492753623188406,0.427536231884058,0.6884057971014492,0.3766335048743229,0.661047654545967
transformer,validation,rollout,20,contact_balanced_accuracy,5,0,0.5781746031746032,0.04891587329916341,0.6031746031746033,0.5099206349206349,0.623015873015873,0.5174375266596257,0.6389116796895807
transformer,validation,rollout,20,contact_precision,5,0,0.11263991090240756,0.018936935041895062,0.11494252873563218,0.09090909090909091,0.13953488372093023,0.08912660131546801,0.1361532204893471
transformer,validation,rollout,20,contact_recall,5,0,0.65,0.190029237516523,0.6666666666666666,0.4166666666666667,0.8333333333333334,0.4140475461097147,0.8859524538902853
transformer,validation,rollout,20,displacement_m,5,0,1.5334771179828461,0.09939791631605101,1.5123073099798068,1.418041314176114,1.6905470419174005,1.4100583084729978,1.6568959274926944
transformer,validation,rollout,20,fde_m,5,0,1.5334771179828461,0.09939791631605101,1.5123073099798068,1.418041314176114,1.6905470419174005,1.4100583084729978,1.6568959274926944
transformer,validation,rollout,20,position_mse,5,0,1.5972383942599966,0.17534677174590302,1.5467806046202068,1.4666639558787018,1.9048289495621873,1.3795166288311997,1.8149601596887934
transformer,validation,rollout,20,rotation_mae_rad,5,0,0.8749392739681983,0.08420369339056777,0.8909356964686314,0.7873678886075813,0.9874500834795958,0.7703865833307791,0.9794919646056174
transformer,validation,rollout,20,velocity_mse,5,0,9.332463962752916,2.725571819965583,8.478885034395168,7.133159566137245,14.059504272812228,5.948219687609875,12.716708237895958
transformer,validation,rollout,50,ade_m,5,0,1.6816630611634014,0.09213584772520969,1.6841782770732734,1.5486939061267289,1.8086312681453676,1.5672613004336367,1.796064821893166
transformer,validation,rollout,50,contact_accuracy,5,0,0.32318840579710145,0.19244554217875212,0.2028985507246377,0.16666666666666666,0.5579710144927537,0.08423571351271153,0.5621410980814914
transformer,validation,rollout,50,contact_balanced_accuracy,5,0,0.5492483894058697,0.032067000989379625,0.547244094488189,0.5136005726556907,0.5937723693629205,0.5094319502556129,0.5890648285561265
transformer,validation,rollout,50,contact_precision,5,0,0.09225379263149884,0.011524021682193237,0.0873015873015873,0.08196721311475409,0.109375,0.0779448303363577,0.10656275492663998
transformer,validation,rollout,50,contact_recall,5,0,0.8181818181818181,0.17007533576245187,0.9090909090909091,0.6363636363636364,1.0,0.6070054047845089,1.0293582315791272
transformer,validation,rollout,50,displacement_m,5,0,2.784014480655239,0.12174737066031788,2.8495990750401923,2.5810816393858347,2.86958279981786,2.632845159358066,2.9351838019524124
transformer,validation,rollout,50,fde_m,5,0,2.784014480655239,0.12174737066031788,2.8495990750401923,2.5810816393858347,2.86958279981786,2.632845159358066,2.9351838019524124
transformer,validation,rollout,50,position_mse,5,0,5.837837577347385,0.5185414604649444,6.096563752250647,4.921196750887004,6.137353180195939,5.193983338707304,6.481691815987467
transformer,validation,rollout,50,rotation_mae_rad,5,0,1.4713404395602505,0.07691722528681323,1.4714101241920758,1.3810670966885,1.5679872477660228,1.375835093698525,1.566845785421976
transformer,validation,rollout,50,velocity_mse,5,0,8.29464358593237,1.3893834696303713,8.081399483257206,7.05162407596507,10.65139773992844,6.569496217357678,10.019790954507062
transformer,ood/macro,rollout,1,fde_m,5,0,0.09124899138220238,0.007005242529385,0.09003799001064336,0.08476326772364154,0.10116386754554894,0.08255083426434698,0.09994714850005779
transformer,ood/macro,rollout,5,fde_m,5,0,0.4758543335850897,0.029475893090616895,0.47462104033909047,0.4438875798557197,0.5060934313120782,0.4392551797062871,0.5124534874638924
transformer,ood/macro,rollout,10,fde_m,5,0,0.9676190355860029,0.04114560080533026,0.97359167453782,0.9178904614585371,1.0262143489192452,0.9165300263172916,1.0187080448547141
transformer,ood/macro,rollout,50,fde_m,5,0,3.2900943653893813,0.16713048081382748,3.329632654047627,3.0671514351743427,3.516359170929748,3.082574472223168,3.4976142585555947
transformer,ood/macro,rollout,20,fde_m,5,0,1.7844175501644928,0.0679258276717002,1.795344662548756,1.687999411007896,1.8729792311188607,1.7000764985919803,1.8687586017370053
