checkpoint_id,intervention,type,horizon,scenes,unsupported,magnitude_mean,magnitude_std,metric,n,missing,mean,std,median,min,max
stage3-mlp,baseline,baseline,10,24,0,0.0,0.0,ade_m,24,0,0.42730116771905985,0.11449254363697114,0.43063414683739065,0.25821651217316155,0.6904394622381244
stage3-mlp,baseline,baseline,10,24,0,0.0,0.0,fde_m,24,0,0.8386578411110877,0.26245224707131276,0.8132600025415285,0.46076017370653355,1.4285451968437317
stage3-mlp,baseline,baseline,10,24,0,0.0,0.0,position_mse,24,0,0.16690918629897522,0.09371082411854109,0.14585225115997413,0.04678435582781261,0.4317950163812215
stage3-mlp,baseline,baseline,10,24,0,0.0,0.0,velocity_mse,24,0,2.769595717704901,3.5247557447922038,0.7523732738026307,0.2958476555438076,13.436027657393831
stage3-mlp,baseline,baseline,10,24,0,0.0,0.0,rotation_mae_rad,24,0,0.1530577935267357,0.06811825226038193,0.15292176495260093,0.043138481444547155,0.3436625001692549
stage3-mlp,baseline,baseline,10,24,0,0.0,0.0,contact_accuracy,24,0,0.9146825396825397,0.13688908302814234,0.9732142857142857,0.36666666666666664,1.0
stage3-mlp,baseline,baseline,10,24,0,0.0,0.0,contact_balanced_accuracy,11,13,0.7049902868258341,0.18007218994513619,0.6923076923076923,0.45918367346938777,0.9487179487179487
stage3-mlp,baseline,baseline,50,24,0,0.0,0.0,ade_m,24,0,2.074820145404476,0.5785713286943123,2.0270078634827313,1.2947932231724308,3.619106270474522
stage3-mlp,baseline,baseline,50,24,0,0.0,0.0,fde_m,24,0,3.3723983913473483,1.0420353387426569,3.326394130980961,2.1580820398764415,5.570280024430588
stage3-mlp,baseline,baseline,50,24,0,0.0,0.0,position_mse,24,0,3.50671196780744,2.1484391377146492,3.052411199732836,1.2568999406622812,10.231491293535042
stage3-mlp,baseline,baseline,50,24,0,0.0,0.0,velocity_mse,24,0,11.979014443489008,3.7340751571236273,11.342138104573216,7.273878607422308,21.486923760870205
stage3-mlp,baseline,baseline,50,24,0,0.0,0.0,rotation_mae_rad,24,0,0.8886741250331626,0.2219290446894462,0.8867649335696912,0.4468498722115956,1.5066981511194906
stage3-mlp,baseline,baseline,50,24,0,0.0,0.0,contact_accuracy,24,0,0.5207172619047619,0.061106350043198386,0.511,0.36666666666666664,0.6342857142857142
stage3-mlp,baseline,baseline,50,24,0,0.0,0.0,contact_balanced_accuracy,24,0,0.6421360007748532,0.0592760304977135,0.6575031635031634,0.5,0.7296296296296296
stage3-gru,baseline,baseline,10,24,0,0.0,0.0,ade_m,24,0,0.33017289093363683,0.09183077504060597,0.3155326165750128,0.18620561793267607,0.5535961582417986
stage3-gru,baseline,baseline,10,24,0,0.0,0.0,fde_m,24,0,0.6107139984757756,0.17206245937326628,0.5712245964437812,0.3413779212344911,0.9599047418039701
stage3-gru,baseline,baseline,10,24,0,0.0,0.0,position_mse,24,0,0.09705210257106701,0.05846405768114851,0.08625893753484402,0.02423362247073119,0.24231585988866672
stage3-gru,baseline,baseline,10,24,0,0.0,0.0,velocity_mse,24,0,2.341966177810014,3.457682691457353,0.577648003670199,0.11923981613952336,13.171913215075188
stage3-gru,baseline,baseline,10,24,0,0.0,0.0,rotation_mae_rad,24,0,0.15784046207404032,0.06302003419428015,0.143099293039447,0.07475376815204736,0.2734765466678542
stage3-gru,baseline,baseline,10,24,0,0.0,0.0,contact_accuracy,24,0,0.942594246031746,0.11528861405690809,0.9928571428571429,0.4666666666666667,1.0
stage3-gru,baseline,baseline,10,24,0,0.0,0.0,contact_balanced_accuracy,11,13,0.7066405090585725,0.17618502188794466,0.6987179487179487,0.5,0.9871794871794872
stage3-gru,baseline,baseline,50,24,0,0.0,0.0,ade_m,24,0,1.5607048843892428,0.44656100616914063,1.5242392926307846,0.8915765563869337,2.3898912099689706
stage3-gru,baseline,baseline,50,24,0,0.0,0.0,fde_m,24,0,2.875703909984139,0.9845064957065759,2.707583352037266,1.261827520360155,4.5012963805973545
stage3-gru,baseline,baseline,50,24,0,0.0,0.0,position_mse,24,0,2.3694815368046265,1.5795594155861885,1.836003181383017,0.5876209289195568,7.080804740236365
stage3-gru,baseline,baseline,50,24,0,0.0,0.0,velocity_mse,24,0,9.445283650188065,2.841065602577708,8.381916572047597,5.590260327189998,16.115117677226355
stage3-gru,baseline,baseline,50,24,0,0.0,0.0,rotation_mae_rad,24,0,0.9443672640696111,0.16345805205462346,0.9600804306672837,0.5376855971439987,1.1832004823829652
stage3-gru,baseline,baseline,50,24,0,0.0,0.0,contact_accuracy,24,0,0.5917083333333333,0.12359504919313609,0.6,0.21333333333333335,0.768
stage3-gru,baseline,baseline,50,24,0,0.0,0.0,contact_balanced_accuracy,24,0,0.6472692916612759,0.07150333433182259,0.6507019215352549,0.4739583333333333,0.7708333333333334
stage6-transformer,baseline,baseline,10,24,0,0.0,0.0,ade_m,24,0,0.5000395182395099,0.16719942611665944,0.48946517190387706,0.28254454523083317,0.92037727672068
stage6-transformer,baseline,baseline,10,24,0,0.0,0.0,fde_m,24,0,0.9123080564587004,0.2980400785570085,0.8654397181138961,0.5388098547353929,1.6445362608133578
stage6-transformer,baseline,baseline,10,24,0,0.0,0.0,position_mse,24,0,0.2170032258220587,0.13385910715793636,0.19660417360247395,0.07293769270493168,0.6059786403884416
stage6-transformer,baseline,baseline,10,24,0,0.0,0.0,velocity_mse,24,0,2.6060699867228654,3.3949054795477513,0.4530337361189152,0.12284464668529167,11.363355091824333
stage6-transformer,baseline,baseline,10,24,0,0.0,0.0,rotation_mae_rad,24,0,0.13265974595462424,0.07611871303399617,0.12422381611032736,0.028471484960976668,0.3102623247563795
stage6-transformer,baseline,baseline,10,24,0,0.0,0.0,contact_accuracy,24,0,0.9321031746031746,0.12297920767508519,0.9828571428571429,0.43333333333333335,1.0
stage6-transformer,baseline,baseline,10,24,0,0.0,0.0,contact_balanced_accuracy,11,13,0.720229958646741,0.1799999524373987,0.6987179487179487,0.5,0.9615384615384616
stage6-transformer,baseline,baseline,50,24,0,0.0,0.0,ade_m,24,0,1.8212407026425559,0.6365360975810028,1.6930113914226754,0.8980168268779087,3.520047503282648
stage6-transformer,baseline,baseline,50,24,0,0.0,0.0,fde_m,24,0,2.9438284702383606,1.0539823413987346,2.732002643894416,1.119140146621607,5.803826261192639
stage6-transformer,baseline,baseline,50,24,0,0.0,0.0,position_mse,24,0,2.933595181241122,2.1247419287555065,2.098219254925547,0.6119283185612767,9.052881646355182
stage6-transformer,baseline,baseline,50,24,0,0.0,0.0,velocity_mse,24,0,12.43627602355624,3.708293284029335,11.279710270004085,8.110716941740083,22.47547356731261
stage6-transformer,baseline,baseline,50,24,0,0.0,0.0,rotation_mae_rad,24,0,0.8415670190487314,0.15898549052194574,0.8582157891358674,0.5496594165944865,1.1241347213354687
stage6-transformer,baseline,baseline,50,24,0,0.0,0.0,contact_accuracy,24,0,0.5296329365079365,0.11374782797121237,0.5321428571428571,0.16,0.7333333333333333
stage6-transformer,baseline,baseline,50,24,0,0.0,0.0,contact_balanced_accuracy,24,0,0.6675339919559891,0.050026760593369794,0.6753974780701755,0.5401459854014599,0.78125
stage3-mlp,mass_0.75,mass,10,24,0,0.75,0.0,ade_m,24,0,0.42987692202755345,0.11575319343952475,0.4323472326243911,0.25944221378083976,0.7093128616085531
stage3-mlp,mass_0.75,mass,10,24,0,0.75,0.0,fde_m,24,0,0.8426965527459167,0.26539435845642123,0.8140628159433481,0.45874448824678815,1.4674182189722766
stage3-mlp,mass_0.75,mass,10,24,0,0.75,0.0,position_mse,24,0,0.1685850776009358,0.09572447980864655,0.14588407241548923,0.04723220639070349,0.44980286068767233
stage3-mlp,mass_0.75,mass,10,24,0,0.75,0.0,velocity_mse,24,0,2.773846436662666,3.5365455411499975,0.7548838269173468,0.2945676275690525,13.509213222362963
stage3-mlp,mass_0.75,mass,10,24,0,0.75,0.0,rotation_mae_rad,24,0,0.1529182975845719,0.0654237046364179,0.15180792197142381,0.06254734615573461,0.34236072218156244
stage3-mlp,mass_0.75,mass,10,24,0,0.75,0.0,contact_accuracy,24,0,0.9172519841269842,0.13746577785998745,0.9732142857142857,0.36666666666666664,1.0
stage3-mlp,mass_0.75,mass,10,24,0,0.75,0.0,contact_balanced_accuracy,11,13,0.7059179306106207,0.1787003446970267,0.6923076923076923,0.46938775510204084,0.9487179487179487
stage3-mlp,mass_0.75,mass,50,24,0,0.75,0.0,ade_m,24,0,2.079293743149136,0.5882229508023389,2.0315449573968376,1.3041600296480098,3.7060261716223724
stage3-mlp,mass_0.75,mass,50,24,0,0.75,0.0,fde_m,24,0,3.377419930538181,1.0656753063104176,3.3014811993447313,2.131493436266619,5.6676845910484674
stage3-mlp,mass_0.75,mass,50,24,0,0.75,0.0,position_mse,24,0,3.52964612397318,2.2148828820294577,3.0514754540551197,1.3058457399333787,10.73055439397368
stage3-mlp,mass_0.75,mass,50,24,0,0.75,0.0,velocity_mse,24,0,12.00032997792968,4.088191078925386,11.365409013451643,7.151398588464365,24.057927225035925
stage3-mlp,mass_0.75,mass,50,24,0,0.75,0.0,rotation_mae_rad,24,0,0.8936892894877314,0.22973475666433618,0.9129214814541283,0.4587188323351013,1.5077871553794615
stage3-mlp,mass_0.75,mass,50,24,0,0.75,0.0,contact_accuracy,24,0,0.5217232142857143,0.060672324562238956,0.5165714285714286,0.36666666666666664,0.6333333333333333
stage3-mlp,mass_0.75,mass,50,24,0,0.75,0.0,contact_balanced_accuracy,24,0,0.6382035249310735,0.05780590391231667,0.6365268640350877,0.4965277777777778,0.7348484848484849
stage3-gru,mass_0.75,mass,10,24,0,0.75,0.0,ade_m,24,0,0.32663777268631455,0.09249856824392129,0.3094279718248593,0.1796152635417985,0.5545781069872452
stage3-gru,mass_0.75,mass,10,24,0,0.75,0.0,fde_m,24,0,0.6033896375774955,0.1736330525363187,0.5554002599650938,0.3453868870756657,0.9636986562867694
stage3-gru,mass_0.75,mass,10,24,0,0.75,0.0,position_mse,24,0,0.09575073608606446,0.058811864861013224,0.08318495047881594,0.022802420001422487,0.24296445034461273
stage3-gru,mass_0.75,mass,10,24,0,0.75,0.0,velocity_mse,24,0,2.337132935106273,3.4548139159817164,0.5744291336158944,0.13286022409993087,13.228681217991078
stage3-gru,mass_0.75,mass,10,24,0,0.75,0.0,rotation_mae_rad,24,0,0.15574216081936615,0.06337349899724216,0.13915380973591496,0.06778700061916537,0.27404662324104945
stage3-gru,mass_0.75,mass,10,24,0,0.75,0.0,contact_accuracy,24,0,0.942594246031746,0.11528861405690809,0.9928571428571429,0.4666666666666667,1.0
stage3-gru,mass_0.75,mass,10,24,0,0.75,0.0,contact_balanced_accuracy,11,13,0.7066405090585725,0.17618502188794466,0.6987179487179487,0.5,0.9871794871794872
stage3-gru,mass_0.75,mass,50,24,0,0.75,0.0,ade_m,24,0,1.5507055457888235,0.44299902525663704,1.5165201671390065,0.8799386976684413,2.399377670362599
stage3-gru,mass_0.75,mass,50,24,0,0.75,0.0,fde_m,24,0,2.854475593690266,0.9886154785360038,2.6943899046291717,1.140387358546191,4.692308830551492
stage3-gru,mass_0.75,mass,50,24,0,0.75,0.0,position_mse,24,0,2.3751602612833294,1.5911663315841298,1.8418982611149302,0.596875569286734,6.86501759540346
stage3-gru,mass_0.75,mass,50,24,0,0.75,0.0,velocity_mse,24,0,9.434615881926742,3.0409066245877874,8.495268917715336,5.518303770506917,16.505485476853295
stage3-gru,mass_0.75,mass,50,24,0,0.75,0.0,rotation_mae_rad,24,0,0.9260563521873881,0.16195283715647862,0.9275798336418325,0.5039176614098525,1.1819659138799734
stage3-gru,mass_0.75,mass,50,24,0,0.75,0.0,contact_accuracy,24,0,0.5983720238095238,0.12526521264733076,0.61,0.21333333333333335,0.792
stage3-gru,mass_0.75,mass,50,24,0,0.75,0.0,contact_balanced_accuracy,24,0,0.6444735874035008,0.061278005512188795,0.640448343079922,0.5179794520547945,0.7881944444444444
stage6-transformer,mass_0.75,mass,10,24,0,0.75,0.0,ade_m,24,0,0.4996196434593114,0.16755517470216127,0.4904712248784979,0.278039529226202,0.9208656529144527
stage6-transformer,mass_0.75,mass,10,24,0,0.75,0.0,fde_m,24,0,0.9114471110747973,0.2984101896052304,0.8677680855571694,0.5300676608827327,1.644292383672691
stage6-transformer,mass_0.75,mass,10,24,0,0.75,0.0,position_mse,24,0,0.2169469915335966,0.13391112541611244,0.19705091823092352,0.07046055706313827,0.6062734291923151
stage6-transformer,mass_0.75,mass,10,24,0,0.75,0.0,velocity_mse,24,0,2.5943308924256745,3.3892249928064504,0.4454178516720727,0.1389799171059325,11.370516384139968
stage6-transformer,mass_0.75,mass,10,24,0,0.75,0.0,rotation_mae_rad,24,0,0.13314251521101983,0.07645322748822705,0.12432078303001097,0.028241627377616853,0.3092252454394482
stage6-transformer,mass_0.75,mass,10,24,0,0.75,0.0,contact_accuracy,24,0,0.932797619047619,0.1230335012637012,0.9828571428571429,0.43333333333333335,1.0
stage6-transformer,mass_0.75,mass,10,24,0,0.75,0.0,contact_balanced_accuracy,11,13,0.720229958646741,0.1799999524373987,0.6987179487179487,0.5,0.9615384615384616
stage6-transformer,mass_0.75,mass,50,24,0,0.75,0.0,ade_m,24,0,1.8232283983964817,0.6390700040324148,1.6979189303024225,0.8929219228307579,3.518624209476564
stage6-transformer,mass_0.75,mass,50,24,0,0.75,0.0,fde_m,24,0,2.9452449058546253,1.072558238242517,2.7398788804273164,1.0692974137872007,5.829834913193259
stage6-transformer,mass_0.75,mass,50,24,0,0.75,0.0,position_mse,24,0,2.9460768899162857,2.150819595367519,2.08008289500311,0.6104663164056936,9.04555349742397
stage6-transformer,mass_0.75,mass,50,24,0,0.75,0.0,velocity_mse,24,0,12.491710776936388,3.851447520879295,11.317582221498416,8.005203158809554,23.862670110088104
stage6-transformer,mass_0.75,mass,50,24,0,0.75,0.0,rotation_mae_rad,24,0,0.840361758068642,0.15765565774428694,0.8594612114035567,0.5636681684869882,1.1422423272258404
stage6-transformer,mass_0.75,mass,50,24,0,0.75,0.0,contact_accuracy,24,0,0.533796626984127,0.11662369407152319,0.5371428571428571,0.16,0.74
stage6-transformer,mass_0.75,mass,50,24,0,0.75,0.0,contact_balanced_accuracy,24,0,0.670922848954117,0.05188271196656937,0.6747395833333334,0.5401459854014599,0.7847222222222223
stage3-mlp,mass_1.25,mass,10,24,0,1.25,0.0,ade_m,24,0,0.4240260633922222,0.11313303024822667,0.4281560738001722,0.25710014160208167,0.6704948792881805
stage3-mlp,mass_1.25,mass,10,24,0,1.25,0.0,fde_m,24,0,0.8330148305315616,0.2590089871523224,0.8127874349100477,0.4628429290217808,1.3872504548799083
stage3-mlp,mass_1.25,mass,10,24,0,1.25,0.0,position_mse,24,0,0.16501302989079988,0.0919468695509138,0.14586503672978404,0.04640038544188867,0.41531158202899815
stage3-mlp,mass_1.25,mass,10,24,0,1.25,0.0,velocity_mse,24,0,2.7623918181394855,3.508143300895465,0.7475909484315761,0.2881987999810784,13.33300068545881
stage3-mlp,mass_1.25,mass,10,24,0,1.25,0.0,rotation_mae_rad,24,0,0.15697020056327246,0.06802680151579771,0.1514582247398228,0.06358365519567952,0.3447742647240258
stage3-mlp,mass_1.25,mass,10,24,0,1.25,0.0,contact_accuracy,24,0,0.913640873015873,0.1371006246648044,0.9732142857142857,0.36666666666666664,1.0
stage3-mlp,mass_1.25,mass,10,24,0,1.25,0.0,contact_balanced_accuracy,11,13,0.7038247856603329,0.17837038204666025,0.6923076923076923,0.45918367346938777,0.9358974358974359
stage3-mlp,mass_1.25,mass,50,24,0,1.25,0.0,ade_m,24,0,2.0710055724196477,0.5690172345507143,2.0195078237419826,1.2861539813499883,3.5054992722812273
stage3-mlp,mass_1.25,mass,50,24,0,1.25,0.0,fde_m,24,0,3.3705462041283494,1.0355159529010507,3.326024451083347,2.092562341836317,5.58189990384231
stage3-mlp,mass_1.25,mass,50,24,0,1.25,0.0,position_mse,24,0,3.489698528266637,2.074499167344684,3.0561969836004614,1.2379500431167796,9.616449118123587
stage3-mlp,mass_1.25,mass,50,24,0,1.25,0.0,velocity_mse,24,0,12.072177028386175,3.6145133037662744,11.357873616943644,7.455683423646065,21.0624716738157
stage3-mlp,mass_1.25,mass,50,24,0,1.25,0.0,rotation_mae_rad,24,0,0.8953619558985099,0.2163969320685576,0.9189486018346342,0.46839526302461393,1.5059672968984548
stage3-mlp,mass_1.25,mass,50,24,0,1.25,0.0,contact_accuracy,24,0,0.5189027777777778,0.0598544946537079,0.5076666666666667,0.36666666666666664,0.6371428571428571
stage3-mlp,mass_1.25,mass,50,24,0,1.25,0.0,contact_balanced_accuracy,24,0,0.6415427260737456,0.06410232005765919,0.6561138861138862,0.5,0.7296296296296296
stage3-gru,mass_1.25,mass,10,24,0,1.25,0.0,ade_m,24,0,0.3345605734153725,0.09169790789707,0.3222306243269224,0.18889433481784473,0.5547035233163309
stage3-gru,mass_1.25,mass,10,24,0,1.25,0.0,fde_m,24,0,0.6197562674505684,0.17168843930545277,0.5830935135607266,0.33427197418015087,0.9612032980015442
stage3-gru,mass_1.25,mass,10,24,0,1.25,0.0,position_mse,24,0,0.09890664239811815,0.058267588525697585,0.08653614847142452,0.0260030569955349,0.242080845867212
stage3-gru,mass_1.25,mass,10,24,0,1.25,0.0,velocity_mse,24,0,2.3512584419236706,3.455542036513422,0.5484757876258176,0.11372773655876627,13.08113525245504
stage3-gru,mass_1.25,mass,10,24,0,1.25,0.0,rotation_mae_rad,24,0,0.16073484917701444,0.0639175777814609,0.1452460650165393,0.08372535282245486,0.2744751150180494
stage3-gru,mass_1.25,mass,10,24,0,1.25,0.0,contact_accuracy,24,0,0.9412053571428571,0.11581413226120443,0.9928571428571429,0.4666666666666667,1.0
stage3-gru,mass_1.25,mass,10,24,0,1.25,0.0,contact_balanced_accuracy,11,13,0.7058568099990113,0.17637156670865073,0.6987179487179487,0.5,0.9871794871794872
stage3-gru,mass_1.25,mass,50,24,0,1.25,0.0,ade_m,24,0,1.5712937138055847,0.4583581602149443,1.5215017718142827,0.8689289821580464,2.4644719028000592
stage3-gru,mass_1.25,mass,50,24,0,1.25,0.0,fde_m,24,0,2.892274978251574,1.003986094464176,2.7331964071534456,1.2310059561309397,4.491203964659092
stage3-gru,mass_1.25,mass,50,24,0,1.25,0.0,position_mse,24,0,2.3927300596068735,1.6310596540427715,1.7999222077753632,0.5759586131409975,7.523591723204285
stage3-gru,mass_1.25,mass,50,24,0,1.25,0.0,velocity_mse,24,0,9.559515522587452,3.0014709970570586,8.56898051757154,5.49410386247989,18.382490027453294
stage3-gru,mass_1.25,mass,50,24,0,1.25,0.0,rotation_mae_rad,24,0,0.942849406754785,0.15993334298457387,0.932689591721392,0.5474560871921748,1.2137656504792929
stage3-gru,mass_1.25,mass,50,24,0,1.25,0.0,contact_accuracy,24,0,0.5900724206349206,0.12593541109192355,0.6074999999999999,0.21333333333333335,0.77
stage3-gru,mass_1.25,mass,50,24,0,1.25,0.0,contact_balanced_accuracy,24,0,0.6422847433456053,0.0810621911844267,0.6539130325741204,0.4713541666666667,0.8506944444444444
stage6-transformer,mass_1.25,mass,10,24,0,1.25,0.0,ade_m,24,0,0.5004713388428105,0.16706452835369423,0.4886438030044828,0.28782775012873346,0.92042125000707
stage6-transformer,mass_1.25,mass,10,24,0,1.25,0.0,fde_m,24,0,0.9130878473627526,0.2980511990055353,0.8636037024515055,0.5489357711344309,1.6458424914488636
stage6-transformer,mass_1.25,mass,10,24,0,1.25,0.0,position_mse,24,0,0.21703952607102162,0.1338920765550002,0.19625343824441097,0.07596052140170333,0.6060101366660914
stage6-transformer,mass_1.25,mass,10,24,0,1.25,0.0,velocity_mse,24,0,2.619276701367223,3.394140585586614,0.46215100149384536,0.10635433711367792,11.305396684476943
stage6-transformer,mass_1.25,mass,10,24,0,1.25,0.0,rotation_mae_rad,24,0,0.13239202420763044,0.07562987642717585,0.12399034177254778,0.028851380608889917,0.3111211200429188
stage6-transformer,mass_1.25,mass,10,24,0,1.25,0.0,contact_accuracy,24,0,0.9310615079365079,0.12270563645898434,0.9828571428571429,0.43333333333333335,1.0
stage6-transformer,mass_1.25,mass,10,24,0,1.25,0.0,contact_balanced_accuracy,11,13,0.720229958646741,0.1799999524373987,0.6987179487179487,0.5,0.9615384615384616
stage6-transformer,mass_1.25,mass,50,24,0,1.25,0.0,ade_m,24,0,1.823575431861302,0.6388497138725165,1.693836519259178,0.90640572293372,3.5251257032493
stage6-transformer,mass_1.25,mass,50,24,0,1.25,0.0,fde_m,24,0,2.9598732285767024,1.0532792488725649,2.762470565708589,1.1762300386524713,5.786202300147971
stage6-transformer,mass_1.25,mass,50,24,0,1.25,0.0,position_mse,24,0,2.9387825185953744,2.1297614318389777,2.124035022976132,0.6163274338024792,9.066192238154036
stage6-transformer,mass_1.25,mass,50,24,0,1.25,0.0,velocity_mse,24,0,12.415735451680707,3.6245353264988056,11.391176781602695,8.159591056858178,21.449614164028453
stage6-transformer,mass_1.25,mass,50,24,0,1.25,0.0,rotation_mae_rad,24,0,0.8395919356034268,0.1620689630740947,0.8566920566443985,0.5399766632204662,1.1393246626567097
stage6-transformer,mass_1.25,mass,50,24,0,1.25,0.0,contact_accuracy,24,0,0.5270059523809524,0.11402421347460986,0.529047619047619,0.16,0.7333333333333333
stage6-transformer,mass_1.25,mass,50,24,0,1.25,0.0,contact_balanced_accuracy,24,0,0.6639969441134946,0.050377980346366286,0.6727796052631578,0.5401459854014599,0.78125
stage3-mlp,mass_2,mass,10,24,0,2.0,0.0,ade_m,24,0,0.4125115480676843,0.1095822071017899,0.4215237170937901,0.250046216323392,0.6775597606929533
stage3-mlp,mass_2,mass,10,24,0,2.0,0.0,fde_m,24,0,0.8126749687047744,0.24937997174672497,0.8112574378505522,0.45341252469715715,1.3395658463236462
stage3-mlp,mass_2,mass,10,24,0,2.0,0.0,position_mse,24,0,0.15966218145441058,0.08894277827295631,0.14199044859042245,0.04388042132769023,0.38444460725140717
stage3-mlp,mass_2,mass,10,24,0,2.0,0.0,velocity_mse,24,0,2.743616248794655,3.4507160856334917,0.7318909658402215,0.3036423099203644,13.017378813684228
stage3-mlp,mass_2,mass,10,24,0,2.0,0.0,rotation_mae_rad,24,0,0.17497634892397956,0.0739147189656632,0.1700622085516752,0.07083483762723883,0.34812353220571435
stage3-mlp,mass_2,mass,10,24,0,2.0,0.0,contact_accuracy,24,0,0.9072172619047619,0.13734876158383028,0.9482142857142857,0.36666666666666664,1.0
stage3-mlp,mass_2,mass,10,24,0,2.0,0.0,contact_balanced_accuracy,11,13,0.7024583360180212,0.17750481045723396,0.6858974358974359,0.45918367346938777,0.9358974358974359
stage3-mlp,mass_2,mass,50,24,0,2.0,0.0,ade_m,24,0,2.046027693604122,0.5211138881163501,2.0081889952256784,1.2727848567248454,3.4286913038674887
stage3-mlp,mass_2,mass,50,24,0,2.0,0.0,fde_m,24,0,3.346212937062281,0.9400914345609266,3.310375295172721,2.094396629451739,5.606119673001765
stage3-mlp,mass_2,mass,50,24,0,2.0,0.0,position_mse,24,0,3.4152938181572012,1.8672368561865405,2.999483544416697,1.2072172824690577,8.681174798797693
stage3-mlp,mass_2,mass,50,24,0,2.0,0.0,velocity_mse,24,0,12.2857913790305,3.2865191344107845,11.71886373292054,7.9553977655416395,21.167027224368987
stage3-mlp,mass_2,mass,50,24,0,2.0,0.0,rotation_mae_rad,24,0,0.934309853669327,0.20487591248878836,0.9360568620143812,0.6174129025224974,1.5052033978191226
stage3-mlp,mass_2,mass,50,24,0,2.0,0.0,contact_accuracy,24,0,0.5079623015873016,0.05989607768533332,0.4966666666666667,0.37333333333333335,0.64
stage3-mlp,mass_2,mass,50,24,0,2.0,0.0,contact_balanced_accuracy,24,0,0.6343236410427372,0.06460372591755713,0.6380391045423691,0.4861111111111111,0.7163120567375887
stage3-gru,mass_2,mass,10,24,0,2.0,0.0,ade_m,24,0,0.3515268660700935,0.09392001449139169,0.33635770819054667,0.19662887307843074,0.5707016003018782
stage3-gru,mass_2,mass,10,24,0,2.0,0.0,fde_m,24,0,0.6535419059481222,0.17654313946306469,0.6032460332558378,0.3538885991702886,0.9962334200470867
stage3-gru,mass_2,mass,10,24,0,2.0,0.0,position_mse,24,0,0.10772326200041302,0.0599812602122027,0.09252148570862004,0.028469067034850925,0.24459661616746672
stage3-gru,mass_2,mass,10,24,0,2.0,0.0,velocity_mse,24,0,2.4091616592248886,3.4547197486946293,0.6162717589197493,0.11702067706489534,12.775753037255907
stage3-gru,mass_2,mass,10,24,0,2.0,0.0,rotation_mae_rad,24,0,0.17701371567048166,0.07548876176907086,0.1481699746780768,0.08681975557164318,0.37799358104044933
stage3-gru,mass_2,mass,10,24,0,2.0,0.0,contact_accuracy,24,0,0.9380803571428571,0.11605670561452373,0.9828571428571429,0.4666666666666667,1.0
stage3-gru,mass_2,mass,10,24,0,2.0,0.0,contact_balanced_accuracy,11,13,0.7050731109394502,0.17659617550112344,0.6987179487179487,0.5,0.9871794871794872
stage3-gru,mass_2,mass,50,24,0,2.0,0.0,ade_m,24,0,1.6156198949226115,0.46970165140625836,1.555734351243603,0.835574041047253,2.7804364477772037
stage3-gru,mass_2,mass,50,24,0,2.0,0.0,fde_m,24,0,2.958518201385402,0.9672293566481602,2.7530157361509486,1.194040472404168,4.458991607142822
stage3-gru,mass_2,mass,50,24,0,2.0,0.0,position_mse,24,0,2.4972036895041687,1.7379188914398311,1.9933315203828255,0.5415566483196861,8.731829795392061
stage3-gru,mass_2,mass,50,24,0,2.0,0.0,velocity_mse,24,0,9.784141400370043,3.2678548443358473,8.769443359847731,5.796204960817044,20.83937859507518
stage3-gru,mass_2,mass,50,24,0,2.0,0.0,rotation_mae_rad,24,0,0.9594246566775865,0.1824860569821644,0.9471887237237618,0.52950502412671,1.3700830223417038
stage3-gru,mass_2,mass,50,24,0,2.0,0.0,contact_accuracy,24,0,0.5821448412698412,0.12373884766398155,0.5941666666666667,0.21333333333333335,0.79
stage3-gru,mass_2,mass,50,24,0,2.0,0.0,contact_balanced_accuracy,24,0,0.6441869765188679,0.06969275516636868,0.650515920706667,0.4895833333333333,0.7790492957746479
stage6-transformer,mass_2,mass,10,24,0,2.0,0.0,ade_m,24,0,0.5024528780159669,0.16808431107885505,0.48688388278682426,0.29352775576065065,0.9238924644859591
stage6-transformer,mass_2,mass,10,24,0,2.0,0.0,fde_m,24,0,0.9161662617666485,0.3006741918519473,0.859609619932683,0.555285456164366,1.6573033103922314
stage6-transformer,mass_2,mass,10,24,0,2.0,0.0,position_mse,24,0,0.21796720639592035,0.13472118156883872,0.195417580603008,0.08424890102231822,0.6082873385429945
stage6-transformer,mass_2,mass,10,24,0,2.0,0.0,velocity_mse,24,0,2.6723128858180636,3.3625798871622394,0.5359366775471126,0.1146774720594462,10.923537579956104
stage6-transformer,mass_2,mass,10,24,0,2.0,0.0,rotation_mae_rad,24,0,0.1327557728074754,0.0747063811587553,0.12218940170974478,0.03215680687510555,0.31515066407572223
stage6-transformer,mass_2,mass,10,24,0,2.0,0.0,contact_accuracy,24,0,0.9252579365079365,0.12230829921360621,0.9775,0.43333333333333335,1.0
stage6-transformer,mass_2,mass,10,24,0,2.0,0.0,contact_balanced_accuracy,11,13,0.7194462595871798,0.17913088120663292,0.6987179487179487,0.5,0.9615384615384616
stage6-transformer,mass_2,mass,50,24,0,2.0,0.0,ade_m,24,0,1.8289470150391591,0.6367951273854281,1.708639677587799,0.9521738410794314,3.5609602553525974
stage6-transformer,mass_2,mass,50,24,0,2.0,0.0,fde_m,24,0,2.9907300781020085,1.0419630052559254,2.804950326349076,1.4041306215428786,5.7697635769463105
stage6-transformer,mass_2,mass,50,24,0,2.0,0.0,position_mse,24,0,2.9407174981526643,2.1133558073612217,2.218239525816885,0.65857392354059,9.14273626653694
stage6-transformer,mass_2,mass,50,24,0,2.0,0.0,velocity_mse,24,0,12.480185883694944,3.5779001948199416,11.826006278383662,8.034567763434836,20.980604379949604
stage6-transformer,mass_2,mass,50,24,0,2.0,0.0,rotation_mae_rad,24,0,0.8666441502828298,0.14985548486502953,0.8842407295172621,0.5751453508250791,1.1229555668297406
stage6-transformer,mass_2,mass,50,24,0,2.0,0.0,contact_accuracy,24,0,0.517438492063492,0.11151973030498678,0.5283333333333333,0.16,0.7266666666666667
stage6-transformer,mass_2,mass,50,24,0,2.0,0.0,contact_balanced_accuracy,24,0,0.6603326790476701,0.05246393162414083,0.6637574420208812,0.5401459854014599,0.7966549295774648
stage3-mlp,velocity_0.75,velocity,10,24,0,0.75,0.0,ade_m,24,0,0.4226476638906318,0.10472645017592373,0.4194718670239205,0.2701979699781072,0.6806499020383066
stage3-mlp,velocity_0.75,velocity,10,24,0,0.75,0.0,fde_m,24,0,0.8291231942226497,0.23679553295684574,0.8381747214565738,0.47651865471294014,1.414840794384439
stage3-mlp,velocity_0.75,velocity,10,24,0,0.75,0.0,position_mse,24,0,0.16159329827020855,0.08683436871136761,0.1447743023008407,0.05146645987636757,0.42445235314538704
stage3-mlp,velocity_0.75,velocity,10,24,0,0.75,0.0,velocity_mse,24,0,2.5326688149244747,3.1668952317944843,0.7523186987250843,0.22301951524425911,12.618035095118875
stage3-mlp,velocity_0.75,velocity,10,24,0,0.75,0.0,rotation_mae_rad,24,0,0.14734730982249364,0.06663523694492236,0.14522446376089798,0.03930650963689389,0.3433468125976104
stage3-mlp,velocity_0.75,velocity,10,24,0,0.75,0.0,contact_accuracy,24,0,0.9306547619047619,0.1009910042233623,0.9928571428571429,0.6,1.0
stage3-mlp,velocity_0.75,velocity,10,24,0,0.75,0.0,contact_balanced_accuracy,10,14,0.7388513844739347,0.17597546492441263,0.739010989010989,0.45918367346938777,0.9487179487179487
stage3-mlp,velocity_0.75,velocity,50,24,0,0.75,0.0,ade_m,24,0,2.0322355883453365,0.5446957641558949,1.9818706666051003,1.2767374303284083,3.569224808848801
stage3-mlp,velocity_0.75,velocity,50,24,0,0.75,0.0,fde_m,24,0,3.311885396353999,0.9668436685213069,3.3878606357377654,2.0031082161589437,5.307371096412391
stage3-mlp,velocity_0.75,velocity,50,24,0,0.75,0.0,position_mse,24,0,3.345285940599217,1.9587165906211046,2.857418195515526,1.2437212696924704,9.93636163665588
stage3-mlp,velocity_0.75,velocity,50,24,0,0.75,0.0,velocity_mse,24,0,11.970975843625904,3.9525258626457687,11.289055416112568,6.936981202210866,23.61254584827182
stage3-mlp,velocity_0.75,velocity,50,24,0,0.75,0.0,rotation_mae_rad,24,0,0.8871830100340392,0.2045758989920203,0.9084325021950053,0.4854172606116643,1.3636843315384093
stage3-mlp,velocity_0.75,velocity,50,24,0,0.75,0.0,contact_accuracy,24,0,0.5216428571428572,0.05737846012301942,0.5131428571428571,0.3933333333333333,0.6571428571428571
stage3-mlp,velocity_0.75,velocity,50,24,0,0.75,0.0,contact_balanced_accuracy,24,0,0.6399337214212953,0.054711335016927855,0.6414110665574986,0.5357142857142857,0.721875
stage3-gru,velocity_0.75,velocity,10,24,0,0.75,0.0,ade_m,24,0,0.3273119973973111,0.08856563956940382,0.3195874207409664,0.16640412979570257,0.550490983778841
stage3-gru,velocity_0.75,velocity,10,24,0,0.75,0.0,fde_m,24,0,0.6031973354074031,0.1605522553043364,0.5637207124606363,0.3080804193836898,0.9539708544441683
stage3-gru,velocity_0.75,velocity,10,24,0,0.75,0.0,position_mse,24,0,0.09419161131876869,0.05405360374606246,0.08583478542138606,0.021265167835577598,0.24189507949398578
stage3-gru,velocity_0.75,velocity,10,24,0,0.75,0.0,velocity_mse,24,0,2.1679086568757655,3.2631767273259404,0.54625408368738,0.11514735850620768,12.506170596963917
stage3-gru,velocity_0.75,velocity,10,24,0,0.75,0.0,rotation_mae_rad,24,0,0.15570034976211927,0.06169421566750709,0.14511774654567194,0.07223068873188279,0.274575687063042
stage3-gru,velocity_0.75,velocity,10,24,0,0.75,0.0,contact_accuracy,24,0,0.9491914682539683,0.09272872270739323,1.0,0.6,1.0
stage3-gru,velocity_0.75,velocity,10,24,0,0.75,0.0,contact_balanced_accuracy,10,14,0.7344474171072869,0.17197328314205132,0.7019230769230769,0.5,0.9871794871794872
stage3-gru,velocity_0.75,velocity,50,24,0,0.75,0.0,ade_m,24,0,1.5015229060090078,0.42727297941013653,1.5066457892872118,0.8089957077153993,2.3831870969918465
stage3-gru,velocity_0.75,velocity,50,24,0,0.75,0.0,fde_m,24,0,2.7476791205136677,0.9214253203366765,2.690702590145114,1.1898704268116618,4.176125492756542
stage3-gru,velocity_0.75,velocity,50,24,0,0.75,0.0,position_mse,24,0,2.1738764303372973,1.50898986837477,1.7711747002651261,0.5162588615772529,7.106260893645377
stage3-gru,velocity_0.75,velocity,50,24,0,0.75,0.0,velocity_mse,24,0,9.344577926802614,2.8395289879881687,7.9017119855770215,6.085304067427947,16.037210047707944
stage3-gru,velocity_0.75,velocity,50,24,0,0.75,0.0,rotation_mae_rad,24,0,0.9360809015601785,0.1861165167250978,0.9276155223228181,0.5490271699041254,1.3426709082377086
stage3-gru,velocity_0.75,velocity,50,24,0,0.75,0.0,contact_accuracy,24,0,0.5993640873015873,0.12465212926910013,0.6162857142857143,0.22,0.82
stage3-gru,velocity_0.75,velocity,50,24,0,0.75,0.0,contact_balanced_accuracy,24,0,0.6551792001514983,0.05685293372234831,0.6503798670465337,0.571917808219178,0.8132387706855791
stage6-transformer,velocity_0.75,velocity,10,24,0,0.75,0.0,ade_m,24,0,0.47958425408838434,0.1635210701040539,0.46016225410263256,0.2566484736224818,0.9064720104535069
stage6-transformer,velocity_0.75,velocity,10,24,0,0.75,0.0,fde_m,24,0,0.8796290992204039,0.29041994416166667,0.8609970239922868,0.49164228796057047,1.6175953685719637
stage6-transformer,velocity_0.75,velocity,10,24,0,0.75,0.0,position_mse,24,0,0.20191404010773578,0.1268048653099823,0.17994444746068802,0.06003622809969457,0.5983101450720067
stage6-transformer,velocity_0.75,velocity,10,24,0,0.75,0.0,velocity_mse,24,0,2.3392119238751414,3.05827910074843,0.4507114630683726,0.08981570604290315,10.776930082892806
stage6-transformer,velocity_0.75,velocity,10,24,0,0.75,0.0,rotation_mae_rad,24,0,0.13134691648105523,0.07580919939121827,0.11267162617821282,0.031947080777117894,0.3133125908570195
stage6-transformer,velocity_0.75,velocity,10,24,0,0.75,0.0,contact_accuracy,24,0,0.9404365079365079,0.10147041819584138,1.0,0.5666666666666667,1.0
stage6-transformer,velocity_0.75,velocity,10,24,0,0.75,0.0,contact_balanced_accuracy,10,14,0.7493958116542722,0.17278566263657597,0.7332875457875457,0.5,0.9615384615384616
stage6-transformer,velocity_0.75,velocity,50,24,0,0.75,0.0,ade_m,24,0,1.7679655919274908,0.601924307728205,1.6425349423002626,0.9040563467263216,3.3457753496981795
stage6-transformer,velocity_0.75,velocity,50,24,0,0.75,0.0,fde_m,24,0,2.8777218388671293,1.0298411989820428,2.6981475919849403,1.008342495033895,4.736995817099336
stage6-transformer,velocity_0.75,velocity,50,24,0,0.75,0.0,position_mse,24,0,2.7805854495377087,1.9833982061951616,2.0503332365143185,0.6229298388338156,8.513650531175795
stage6-transformer,velocity_0.75,velocity,50,24,0,0.75,0.0,velocity_mse,24,0,12.302201377908942,4.397761128443517,11.03103711579035,7.2615397750115465,26.661431992481432
stage6-transformer,velocity_0.75,velocity,50,24,0,0.75,0.0,rotation_mae_rad,24,0,0.8318312475054875,0.14618737619508523,0.8563362756168433,0.49144240682562407,1.1414530579926623
stage6-transformer,velocity_0.75,velocity,50,24,0,0.75,0.0,contact_accuracy,24,0,0.5351230158730159,0.11495205046657846,0.5333333333333333,0.16666666666666666,0.7533333333333333
stage6-transformer,velocity_0.75,velocity,50,24,0,0.75,0.0,contact_balanced_accuracy,24,0,0.6707834156631443,0.061108506226503115,0.6735738887095037,0.5535714285714286,0.8167848699763594
stage3-mlp,velocity_1.25,velocity,10,24,0,1.25,0.0,ade_m,24,0,0.4360896475019009,0.12463973980692879,0.43339421353176927,0.2546599624232316,0.7003085518394789
stage3-mlp,velocity_1.25,velocity,10,24,0,1.25,0.0,fde_m,24,0,0.8615546744162955,0.27940403860679924,0.8413360661420776,0.48097449876658,1.5011995317291904
stage3-mlp,velocity_1.25,velocity,10,24,0,1.25,0.0,position_mse,24,0,0.1763059959167169,0.10899315162717796,0.147500343574958,0.05159927170758414,0.45072303572512334
stage3-mlp,velocity_1.25,velocity,10,24,0,1.25,0.0,velocity_mse,24,0,3.082065825008471,3.77476763462653,1.0980973789922674,0.30478051759723723,14.309954933174906
stage3-mlp,velocity_1.25,velocity,10,24,0,1.25,0.0,rotation_mae_rad,24,0,0.16056291331636893,0.07593729793584066,0.15232824173193457,0.04716381108345444,0.3436518524851297
stage3-mlp,velocity_1.25,velocity,10,24,0,1.25,0.0,contact_accuracy,24,0,0.9084325396825397,0.13914160435555434,0.9607142857142856,0.36666666666666664,1.0
stage3-mlp,velocity_1.25,velocity,10,24,0,1.25,0.0,contact_balanced_accuracy,12,12,0.7348502539262146,0.18299894583100834,0.7189608636977058,0.45918367346938777,0.9743589743589743
stage3-mlp,velocity_1.25,velocity,50,24,0,1.25,0.0,ade_m,24,0,2.1232398457642168,0.5999324061559528,2.072050368321067,1.2962083232543535,3.6644733747006004
stage3-mlp,velocity_1.25,velocity,50,24,0,1.25,0.0,fde_m,24,0,3.381743807382954,1.0720806534225151,3.2911428645712073,2.0103111048205937,5.91667106362474
stage3-mlp,velocity_1.25,velocity,50,24,0,1.25,0.0,position_mse,24,0,3.6942957873935525,2.3745484426554495,3.0992347022188484,1.2886298903920346,10.5057482949745
stage3-mlp,velocity_1.25,velocity,50,24,0,1.25,0.0,velocity_mse,24,0,12.090517111750342,3.8810666964735536,11.161660626150745,7.406076905423047,23.1934410063951
stage3-mlp,velocity_1.25,velocity,50,24,0,1.25,0.0,rotation_mae_rad,24,0,0.8959583720474793,0.20378320277630707,0.9147111118241474,0.511672817787595,1.28374816606296
stage3-mlp,velocity_1.25,velocity,50,24,0,1.25,0.0,contact_accuracy,24,0,0.5147926587301588,0.06168567078057388,0.5096666666666667,0.36666666666666664,0.6457142857142857
stage3-mlp,velocity_1.25,velocity,50,24,0,1.25,0.0,contact_balanced_accuracy,24,0,0.6352814303209898,0.0669817751813967,0.6328889432485323,0.46329057938965057,0.8116438356164384
stage3-gru,velocity_1.25,velocity,10,24,0,1.25,0.0,ade_m,24,0,0.3387924047229479,0.09938960303430104,0.3064998598071137,0.17391870863593753,0.5605590231592072
stage3-gru,velocity_1.25,velocity,10,24,0,1.25,0.0,fde_m,24,0,0.6264770068024438,0.19223029516086365,0.5734576285624204,0.31891864297276085,0.9866470582118994
stage3-gru,velocity_1.25,velocity,10,24,0,1.25,0.0,position_mse,24,0,0.10428932353369899,0.06524894005797299,0.08117938028686006,0.022501017381550067,0.26607523819596657
stage3-gru,velocity_1.25,velocity,10,24,0,1.25,0.0,velocity_mse,24,0,2.5618805479201088,3.6850166399089477,0.7583516243755624,0.12580762927665984,14.105975761033005
stage3-gru,velocity_1.25,velocity,10,24,0,1.25,0.0,rotation_mae_rad,24,0,0.16529339192599773,0.07199065968354487,0.13568113345121832,0.07808110191410685,0.3289259497183698
stage3-gru,velocity_1.25,velocity,10,24,0,1.25,0.0,contact_accuracy,24,0,0.942594246031746,0.11528861405690809,0.9928571428571429,0.4666666666666667,1.0
stage3-gru,velocity_1.25,velocity,10,24,0,1.25,0.0,contact_balanced_accuracy,12,12,0.7302052990885238,0.18823534447717008,0.7012108262108262,0.5,1.0
stage3-gru,velocity_1.25,velocity,50,24,0,1.25,0.0,ade_m,24,0,1.592414509080956,0.4430221354523167,1.544938655394789,0.9331163047963342,2.3787741105372056
stage3-gru,velocity_1.25,velocity,50,24,0,1.25,0.0,fde_m,24,0,2.86344612454067,0.9229432871646617,2.5731398219756256,1.4482205897368765,4.703326620056666
stage3-gru,velocity_1.25,velocity,50,24,0,1.25,0.0,position_mse,24,0,2.4736807328000183,1.5914629233417412,2.1560220682025704,0.6689830179240316,7.078351567697515
stage3-gru,velocity_1.25,velocity,50,24,0,1.25,0.0,velocity_mse,24,0,9.545840712604994,3.002217700051753,8.456356836118674,5.67715958694215,16.07545383573934
stage3-gru,velocity_1.25,velocity,50,24,0,1.25,0.0,rotation_mae_rad,24,0,0.9318481113536389,0.18324470203283824,0.9207030705692715,0.42978852129460665,1.2699593658926718
stage3-gru,velocity_1.25,velocity,50,24,0,1.25,0.0,contact_accuracy,24,0,0.5873085317460317,0.12393903432525531,0.5914999999999999,0.23333333333333334,0.78
stage3-gru,velocity_1.25,velocity,50,24,0,1.25,0.0,contact_balanced_accuracy,24,0,0.630632222166419,0.08076409562660948,0.6229125602422605,0.5132575757575758,0.8527397260273972
stage6-transformer,velocity_1.25,velocity,10,24,0,1.25,0.0,ade_m,24,0,0.5272499486573349,0.17431582878445187,0.5211605446618202,0.3017016938696838,0.9361150880954121
stage6-transformer,velocity_1.25,velocity,10,24,0,1.25,0.0,fde_m,24,0,0.9545612997510315,0.3171926757151767,0.9144963292155124,0.5212387544465328,1.6745653391356619
stage6-transformer,velocity_1.25,velocity,10,24,0,1.25,0.0,position_mse,24,0,0.24120103671122792,0.15270141072773677,0.2200159310359859,0.08247289354620443,0.6155563713491096
stage6-transformer,velocity_1.25,velocity,10,24,0,1.25,0.0,velocity_mse,24,0,3.0425153265766935,3.8060358282231466,0.698454818123214,0.14196487635694272,12.319574890650387
stage6-transformer,velocity_1.25,velocity,10,24,0,1.25,0.0,rotation_mae_rad,24,0,0.13672900214826214,0.07802126780815458,0.12418016294761484,0.029679540438934414,0.3067768074391441
stage6-transformer,velocity_1.25,velocity,10,24,0,1.25,0.0,contact_accuracy,24,0,0.9307142857142857,0.12890264350093114,0.9828571428571429,0.4,1.0
stage6-transformer,velocity_1.25,velocity,10,24,0,1.25,0.0,contact_balanced_accuracy,12,12,0.7399955939609777,0.18898682871378822,0.6987179487179487,0.5,0.9871794871794872
stage6-transformer,velocity_1.25,velocity,50,24,0,1.25,0.0,ade_m,24,0,1.8761923144819446,0.6455711269255695,1.7013473065761406,0.9008824685398714,3.581053207726558
stage6-transformer,velocity_1.25,velocity,50,24,0,1.25,0.0,fde_m,24,0,2.971793686043777,1.019445949078878,2.762407681786211,1.2415145384169732,5.6321669918244295
stage6-transformer,velocity_1.25,velocity,50,24,0,1.25,0.0,position_mse,24,0,3.0699107677774666,2.158983891372252,2.138813062595465,0.6150405989446182,9.092550368554026
stage6-transformer,velocity_1.25,velocity,50,24,0,1.25,0.0,velocity_mse,24,0,13.019765501129713,3.99738699846427,12.012870851745285,7.648570703818414,24.229668674989416
stage6-transformer,velocity_1.25,velocity,50,24,0,1.25,0.0,rotation_mae_rad,24,0,0.8421985810619501,0.13227693295369125,0.8736932997474312,0.5618713161051156,1.0438940905445198
stage6-transformer,velocity_1.25,velocity,50,24,0,1.25,0.0,contact_accuracy,24,0,0.5247767857142858,0.11088477129792068,0.5256666666666667,0.17333333333333334,0.7266666666666667
stage6-transformer,velocity_1.25,velocity,50,24,0,1.25,0.0,contact_balanced_accuracy,24,0,0.6564134284244475,0.05521353659293431,0.6717960858585859,0.5338345864661654,0.738013698630137
stage3-mlp,velocity_1.5,velocity,10,24,0,1.5,0.0,ade_m,24,0,0.4477840185482631,0.13266950271590106,0.43595586136957376,0.26702530452460765,0.7432748261253577
stage3-mlp,velocity_1.5,velocity,10,24,0,1.5,0.0,fde_m,24,0,0.8881646784102734,0.2940116140754373,0.8387421643487172,0.4727829602065219,1.6072303905362573
stage3-mlp,velocity_1.5,velocity,10,24,0,1.5,0.0,position_mse,24,0,0.19013315938108905,0.12811065091876989,0.14500319350272942,0.054975809174074936,0.5883839023035786
stage3-mlp,velocity_1.5,velocity,10,24,0,1.5,0.0,velocity_mse,24,0,4.070545469710352,4.54518010338356,2.016267542778963,0.3112842006804517,15.445823508802613
stage3-mlp,velocity_1.5,velocity,10,24,0,1.5,0.0,rotation_mae_rad,24,0,0.1670407620383966,0.08657199154952039,0.15495241668844528,0.04865056492379582,0.36732283176516956
stage3-mlp,velocity_1.5,velocity,10,24,0,1.5,0.0,contact_accuracy,24,0,0.9061011904761905,0.1343082666938892,0.9535714285714285,0.4,1.0
stage3-mlp,velocity_1.5,velocity,10,24,0,1.5,0.0,contact_balanced_accuracy,14,10,0.7436641169943454,0.1966274975546119,0.7858090185676392,0.45918367346938777,0.9743589743589743
stage3-mlp,velocity_1.5,velocity,50,24,0,1.5,0.0,ade_m,24,0,2.165356755203761,0.6263163796988865,2.1148347300265717,1.328060905629081,3.844338860231763
stage3-mlp,velocity_1.5,velocity,50,24,0,1.5,0.0,fde_m,24,0,3.4803872063293855,1.102421064780187,3.2885882158595523,1.9606495999783213,6.287173507659118
stage3-mlp,velocity_1.5,velocity,50,24,0,1.5,0.0,position_mse,24,0,3.9068553647412063,2.681509357077239,3.2442591177516826,1.3703710901177197,12.414305940817197
stage3-mlp,velocity_1.5,velocity,50,24,0,1.5,0.0,velocity_mse,24,0,12.352459029909294,4.1344110364019055,11.839413787030306,7.154220757912506,24.611442256329216
stage3-mlp,velocity_1.5,velocity,50,24,0,1.5,0.0,rotation_mae_rad,24,0,0.9069428997055968,0.22681608765156122,0.9283173306250767,0.5321761121228146,1.565403768863399
stage3-mlp,velocity_1.5,velocity,50,24,0,1.5,0.0,contact_accuracy,24,0,0.516140873015873,0.062437018218709894,0.51,0.38666666666666666,0.6428571428571429
stage3-mlp,velocity_1.5,velocity,50,24,0,1.5,0.0,contact_balanced_accuracy,24,0,0.640251887716936,0.06522354511234389,0.6405799137381163,0.5249859629421674,0.8116438356164384
stage3-gru,velocity_1.5,velocity,10,24,0,1.5,0.0,ade_m,24,0,0.3526003320930052,0.10743854470474642,0.318081763400651,0.18923074999543518,0.5795555388172258
stage3-gru,velocity_1.5,velocity,10,24,0,1.5,0.0,fde_m,24,0,0.6434873180014256,0.20575511754504291,0.5601890785344255,0.3197527920737037,1.006306729008887
stage3-gru,velocity_1.5,velocity,10,24,0,1.5,0.0,position_mse,24,0,0.11609665225348967,0.07526819639155288,0.08721819457319036,0.025497128025974345,0.3099140214926843
stage3-gru,velocity_1.5,velocity,10,24,0,1.5,0.0,velocity_mse,24,0,3.9773586711451823,5.213446537315792,1.217143850914279,0.14087632154890356,17.9599437097664
stage3-gru,velocity_1.5,velocity,10,24,0,1.5,0.0,rotation_mae_rad,24,0,0.17462636608164042,0.08306410343064334,0.1397835776114397,0.08229735564465906,0.40665581598079326
stage3-gru,velocity_1.5,velocity,10,24,0,1.5,0.0,contact_accuracy,24,0,0.9399156746031746,0.10731558701036127,0.9816666666666667,0.5,1.0
stage3-gru,velocity_1.5,velocity,10,24,0,1.5,0.0,contact_balanced_accuracy,14,10,0.6609484293507993,0.1797408274984928,0.6606926799758015,0.47435897435897434,0.9871794871794872
stage3-gru,velocity_1.5,velocity,50,24,0,1.5,0.0,ade_m,24,0,1.6295151330623743,0.46613830114130567,1.5652574815071423,0.8780339401101044,2.504368285134948
stage3-gru,velocity_1.5,velocity,50,24,0,1.5,0.0,fde_m,24,0,2.9056893408824167,0.9880421808101044,2.6128501160331314,1.2149250061261532,5.091515632675233
stage3-gru,velocity_1.5,velocity,50,24,0,1.5,0.0,position_mse,24,0,2.640664842007959,1.7584824985764955,2.4366539760157764,0.6036900351616019,7.11844694173415
stage3-gru,velocity_1.5,velocity,50,24,0,1.5,0.0,velocity_mse,24,0,9.912239172097989,3.5107461468926693,8.986687746031208,5.440459777468649,17.05280738088562
stage3-gru,velocity_1.5,velocity,50,24,0,1.5,0.0,rotation_mae_rad,24,0,0.9291057651508041,0.16288242496224337,0.9201262536069803,0.5242778558267156,1.2053275727571604
stage3-gru,velocity_1.5,velocity,50,24,0,1.5,0.0,contact_accuracy,24,0,0.5816250000000001,0.12428481795485234,0.5866666666666667,0.20666666666666667,0.78
stage3-gru,velocity_1.5,velocity,50,24,0,1.5,0.0,contact_balanced_accuracy,24,0,0.6207402619622806,0.07812735008233064,0.6100471786746297,0.486254295532646,0.8561643835616438
stage6-transformer,velocity_1.5,velocity,10,24,0,1.5,0.0,ade_m,24,0,0.5570978762568382,0.18408561051785968,0.534773241559499,0.31595377359566534,0.9532108930997762
stage6-transformer,velocity_1.5,velocity,10,24,0,1.5,0.0,fde_m,24,0,0.9902592871191097,0.33007554325215155,0.9058387555249342,0.518060946157814,1.7068323169966106
stage6-transformer,velocity_1.5,velocity,10,24,0,1.5,0.0,position_mse,24,0,0.27268993447096024,0.18743905668020538,0.2504852951064184,0.08986778329499581,0.8697256704938036
stage6-transformer,velocity_1.5,velocity,10,24,0,1.5,0.0,velocity_mse,24,0,4.659881706941358,5.781834062609879,1.854596813496302,0.14428086929226222,17.779073743872356
stage6-transformer,velocity_1.5,velocity,10,24,0,1.5,0.0,rotation_mae_rad,24,0,0.14114934773378765,0.08158975203209014,0.12241192795585407,0.03348444819647111,0.3031664447901675
stage6-transformer,velocity_1.5,velocity,10,24,0,1.5,0.0,contact_accuracy,24,0,0.9269940476190476,0.12230396436259561,0.9775,0.43333333333333335,1.0
stage6-transformer,velocity_1.5,velocity,10,24,0,1.5,0.0,contact_balanced_accuracy,14,10,0.7037211191889851,0.1933753053630126,0.6858974358974359,0.48717948717948717,0.9743589743589743
stage6-transformer,velocity_1.5,velocity,50,24,0,1.5,0.0,ade_m,24,0,1.9230689645924564,0.6607194631892733,1.7290728989342528,0.9283522302759665,3.6691153831876333
stage6-transformer,velocity_1.5,velocity,50,24,0,1.5,0.0,fde_m,24,0,3.0444359958017,1.0985324425547114,2.8252239936375734,1.0847889412163438,5.822516671623664
stage6-transformer,velocity_1.5,velocity,50,24,0,1.5,0.0,position_mse,24,0,3.226644058429132,2.2538263652229658,2.181991063929809,0.6315448968800742,9.287598770967971
stage6-transformer,velocity_1.5,velocity,50,24,0,1.5,0.0,velocity_mse,24,0,13.59651338718272,4.336479271492823,12.860861549641985,8.100435284864384,27.28945521345331
stage6-transformer,velocity_1.5,velocity,50,24,0,1.5,0.0,rotation_mae_rad,24,0,0.8407381337399351,0.1207803737733023,0.8534668207630647,0.5635878163191423,1.0561115963478478
stage6-transformer,velocity_1.5,velocity,50,24,0,1.5,0.0,contact_accuracy,24,0,0.5199900793650793,0.11166584400599879,0.5183333333333333,0.18666666666666668,0.7266666666666667
stage6-transformer,velocity_1.5,velocity,50,24,0,1.5,0.0,contact_balanced_accuracy,24,0,0.6457411049345401,0.05236662961052342,0.6505716833015658,0.5428082191780822,0.738013698630137
stage3-mlp,velocity_direction,velocity,10,24,0,1.5707963267948966,0.0,ade_m,24,0,0.5012746456006438,0.10856483263330809,0.4769111270153972,0.3489048055951975,0.7485593016911942
stage3-mlp,velocity_direction,velocity,10,24,0,1.5707963267948966,0.0,fde_m,24,0,0.9477498772533333,0.2405197090378185,0.8753160809612354,0.6649152274543823,1.4850953286450153
stage3-mlp,velocity_direction,velocity,10,24,0,1.5707963267948966,0.0,position_mse,24,0,0.215484220102507,0.0973724571563609,0.17403604337678646,0.10635964880683278,0.40758286147395995
stage3-mlp,velocity_direction,velocity,10,24,0,1.5707963267948966,0.0,velocity_mse,24,0,2.6388922588593733,2.9387987769320656,0.8534173128896023,0.2454446364970584,10.750486727412008
stage3-mlp,velocity_direction,velocity,10,24,0,1.5707963267948966,0.0,rotation_mae_rad,24,0,0.1806577872197204,0.08450224002955992,0.1626860420070722,0.08729266171675139,0.4887099744473029
stage3-mlp,velocity_direction,velocity,10,24,0,1.5707963267948966,0.0,contact_accuracy,24,0,0.9333978174603175,0.09414081251010864,0.9785714285714286,0.6333333333333333,1.0
stage3-mlp,velocity_direction,velocity,10,24,0,1.5707963267948966,0.0,contact_balanced_accuracy,12,12,0.7038315504413516,0.1955906843281818,0.6891025641025641,0.46938775510204084,0.9661016949152542
stage3-mlp,velocity_direction,velocity,50,24,0,1.5707963267948966,0.0,ade_m,24,0,2.156403900152805,0.47595911627730375,2.099806400211103,1.3834512418010236,3.342746965069801
stage3-mlp,velocity_direction,velocity,50,24,0,1.5707963267948966,0.0,fde_m,24,0,3.379626763593462,0.8430289374216615,3.296841859423945,2.264895901734038,4.928338453458195
stage3-mlp,velocity_direction,velocity,50,24,0,1.5707963267948966,0.0,position_mse,24,0,3.5682122798146914,1.6536972790068105,3.2115928223585817,1.3775457895475973,8.823867525999317
stage3-mlp,velocity_direction,velocity,50,24,0,1.5707963267948966,0.0,velocity_mse,24,0,12.07929477313529,3.493577804717335,11.553542599976128,7.157428578001751,19.419133686589593
stage3-mlp,velocity_direction,velocity,50,24,0,1.5707963267948966,0.0,rotation_mae_rad,24,0,0.8597849523758049,0.19079026321103496,0.8652679833140839,0.4724119454555788,1.2572036378843559
stage3-mlp,velocity_direction,velocity,50,24,0,1.5707963267948966,0.0,contact_accuracy,24,0,0.5461071428571429,0.065705335904488,0.5394285714285714,0.4533333333333333,0.6666666666666666
stage3-mlp,velocity_direction,velocity,50,24,0,1.5707963267948966,0.0,contact_balanced_accuracy,24,0,0.6562464587780357,0.07329840072536316,0.6629882767554748,0.5017605633802817,0.8299319727891157
stage3-gru,velocity_direction,velocity,10,24,0,1.5707963267948966,0.0,ade_m,24,0,0.4172203114858036,0.1118549772771374,0.39945858317707034,0.21143573979937041,0.6307082125135248
stage3-gru,velocity_direction,velocity,10,24,0,1.5707963267948966,0.0,fde_m,24,0,0.7445036345997943,0.19802672955668538,0.7164874304300902,0.36614188301523354,1.0628859734201948
stage3-gru,velocity_direction,velocity,10,24,0,1.5707963267948966,0.0,position_mse,24,0,0.16273993934964626,0.09877659797846193,0.1341150653676857,0.030667443030327986,0.4361397273530233
stage3-gru,velocity_direction,velocity,10,24,0,1.5707963267948966,0.0,velocity_mse,24,0,2.552279207258312,3.0498938693083173,1.231554346674065,0.20636283675982225,11.747910638000722
stage3-gru,velocity_direction,velocity,10,24,0,1.5707963267948966,0.0,rotation_mae_rad,24,0,0.17744572855565985,0.08682918160463635,0.14920249360652638,0.08098712564336523,0.4324622620893006
stage3-gru,velocity_direction,velocity,10,24,0,1.5707963267948966,0.0,contact_accuracy,24,0,0.9561359126984127,0.06718718691341379,0.9928571428571429,0.7333333333333333,1.0
stage3-gru,velocity_direction,velocity,10,24,0,1.5707963267948966,0.0,contact_balanced_accuracy,12,12,0.6852658657438284,0.19446087465736994,0.6759355509355509,0.4745762711864407,0.9745762711864407
stage3-gru,velocity_direction,velocity,50,24,0,1.5707963267948966,0.0,ade_m,24,0,1.66205228460542,0.45333362049431125,1.6278819854270372,1.0167659777519156,2.914465721931037
stage3-gru,velocity_direction,velocity,50,24,0,1.5707963267948966,0.0,fde_m,24,0,2.8846592105693714,0.9726113585981397,2.760926720708746,1.2907162660902012,5.778555313024132
stage3-gru,velocity_direction,velocity,50,24,0,1.5707963267948966,0.0,position_mse,24,0,2.5761435853892207,1.9454536773417197,2.231947439363024,0.8306874603498816,8.367256562025005
stage3-gru,velocity_direction,velocity,50,24,0,1.5707963267948966,0.0,velocity_mse,24,0,9.404531331410793,2.7978214614919588,8.81088687573438,5.729303546100613,15.652809354213021
stage3-gru,velocity_direction,velocity,50,24,0,1.5707963267948966,0.0,rotation_mae_rad,24,0,0.9457853740766725,0.16400024907383354,0.9605316158520842,0.6305630579478717,1.3314297117417462
stage3-gru,velocity_direction,velocity,50,24,0,1.5707963267948966,0.0,contact_accuracy,24,0,0.6206021825396826,0.11547737005633615,0.59,0.42,0.8333333333333334
stage3-gru,velocity_direction,velocity,50,24,0,1.5707963267948966,0.0,contact_balanced_accuracy,24,0,0.6639241325829739,0.09287193271923548,0.6790981101663747,0.4342037890424987,0.9149659863945578
stage6-transformer,velocity_direction,velocity,10,24,0,1.5707963267948966,0.0,ade_m,24,0,0.5875929637710716,0.15302353453040893,0.5766283570123338,0.38243982140672056,0.9575916965197406
stage6-transformer,velocity_direction,velocity,10,24,0,1.5707963267948966,0.0,fde_m,24,0,1.0648380892398046,0.27815073814711794,1.0287445409051765,0.6273964137514444,1.7043250692801835
stage6-transformer,velocity_direction,velocity,10,24,0,1.5707963267948966,0.0,position_mse,24,0,0.2903562089620548,0.14861256383420746,0.264217766068493,0.10192264351262723,0.6317111424082988
stage6-transformer,velocity_direction,velocity,10,24,0,1.5707963267948966,0.0,velocity_mse,24,0,2.5021651161446634,3.0604203567993946,0.5212896879290536,0.17109688012186283,9.663377186984398
stage6-transformer,velocity_direction,velocity,10,24,0,1.5707963267948966,0.0,rotation_mae_rad,24,0,0.1461966820123271,0.0913953643573886,0.10441351282407346,0.03654696946393649,0.38993610677125606
stage6-transformer,velocity_direction,velocity,10,24,0,1.5707963267948966,0.0,contact_accuracy,24,0,0.9466865079365079,0.08234799501916702,0.9928571428571429,0.6666666666666666,1.0
stage6-transformer,velocity_direction,velocity,10,24,0,1.5707963267948966,0.0,contact_balanced_accuracy,12,12,0.7163859673260351,0.19365558397644253,0.6987179487179487,0.49137931034482757,0.9661016949152542
stage6-transformer,velocity_direction,velocity,50,24,0,1.5707963267948966,0.0,ade_m,24,0,1.9913703190569352,0.5607066568233259,1.7889510403215323,1.1101631264771414,3.42209523690468
stage6-transformer,velocity_direction,velocity,50,24,0,1.5707963267948966,0.0,fde_m,24,0,3.0523075094014063,1.0651333569383334,2.922507320309378,1.6545098279915589,5.961873496921719
stage6-transformer,velocity_direction,velocity,50,24,0,1.5707963267948966,0.0,position_mse,24,0,3.33112795138023,2.091245118144367,2.653325382684776,0.9183250629213852,9.130297724657538
stage6-transformer,velocity_direction,velocity,50,24,0,1.5707963267948966,0.0,velocity_mse,24,0,12.621338026283082,3.643841837545084,11.72952049136671,6.987775009713675,22.989191517715458
stage6-transformer,velocity_direction,velocity,50,24,0,1.5707963267948966,0.0,rotation_mae_rad,24,0,0.8109462148865622,0.15293806337042484,0.8272393980839432,0.5019884873787595,1.0576607365065074
stage6-transformer,velocity_direction,velocity,50,24,0,1.5707963267948966,0.0,contact_accuracy,24,0,0.5577450396825396,0.1144948889072357,0.55,0.24,0.8066666666666666
stage6-transformer,velocity_direction,velocity,50,24,0,1.5707963267948966,0.0,contact_balanced_accuracy,24,0,0.666921773893819,0.054495080431611234,0.6661322491345579,0.5748299319727891,0.7615384615384615
stage3-mlp,friction_down,friction,10,24,0,-0.25001952749832707,0.10728599855771122,ade_m,24,0,0.42153630818526483,0.11523178948226359,0.41947405137347915,0.23583597336091083,0.6861488599919277
stage3-mlp,friction_down,friction,10,24,0,-0.25001952749832707,0.10728599855771122,fde_m,24,0,0.8296892003945058,0.2621712877116947,0.8298957592442032,0.4061571851134276,1.4176455441709626
stage3-mlp,friction_down,friction,10,24,0,-0.25001952749832707,0.10728599855771122,position_mse,24,0,0.1636300770056505,0.09278224488211684,0.14366763881319752,0.03935160082634873,0.42691966389005276
stage3-mlp,friction_down,friction,10,24,0,-0.25001952749832707,0.10728599855771122,velocity_mse,24,0,2.7756821188874916,3.559228535047533,0.7411511632718222,0.27284788324111586,13.551165293216664
stage3-mlp,friction_down,friction,10,24,0,-0.25001952749832707,0.10728599855771122,rotation_mae_rad,24,0,0.16146682151621908,0.0689590743025524,0.1497010145147679,0.06713220323800347,0.34434615378005606
stage3-mlp,friction_down,friction,10,24,0,-0.25001952749832707,0.10728599855771122,contact_accuracy,24,0,0.9160714285714285,0.13113529480173838,0.9732142857142857,0.4,1.0
stage3-mlp,friction_down,friction,10,24,0,-0.25001952749832707,0.10728599855771122,contact_balanced_accuracy,11,13,0.7066136634492107,0.1797132546155497,0.6923076923076923,0.45918367346938777,0.9487179487179487
stage3-mlp,friction_down,friction,50,24,0,-0.25001952749832707,0.10728599855771122,ade_m,24,0,2.0574363163239555,0.5804780768094041,1.9939648767855007,1.2821878975311576,3.5820262243445526
stage3-mlp,friction_down,friction,50,24,0,-0.25001952749832707,0.10728599855771122,fde_m,24,0,3.371988000077063,1.0683213024717706,3.282043112252525,2.056473408337571,5.597793171190876
stage3-mlp,friction_down,friction,50,24,0,-0.25001952749832707,0.10728599855771122,position_mse,24,0,3.4806115937894995,2.1220186358695843,2.942048929785913,1.226334128308779,9.999622850734301
stage3-mlp,friction_down,friction,50,24,0,-0.25001952749832707,0.10728599855771122,velocity_mse,24,0,12.198056958670016,3.973553733810461,11.68443082804728,7.270892428185616,23.322192035091465
stage3-mlp,friction_down,friction,50,24,0,-0.25001952749832707,0.10728599855771122,rotation_mae_rad,24,0,0.8911117066166319,0.1857784348188384,0.9005277694908472,0.5562557387307616,1.2556072749976943
stage3-mlp,friction_down,friction,50,24,0,-0.25001952749832707,0.10728599855771122,contact_accuracy,24,0,0.5202549603174603,0.06317983097521644,0.51,0.35333333333333333,0.6457142857142857
stage3-mlp,friction_down,friction,50,24,0,-0.25001952749832707,0.10728599855771122,contact_balanced_accuracy,24,0,0.6452867434572209,0.0617430220073321,0.6410344369099854,0.5142857142857142,0.7712167689161554
stage3-gru,friction_down,friction,10,24,0,-0.25001952749832707,0.10728599855771122,ade_m,24,0,0.3306869669233316,0.09273723396878795,0.32138250080590147,0.1999499415059564,0.5503769325831822
stage3-gru,friction_down,friction,10,24,0,-0.25001952749832707,0.10728599855771122,fde_m,24,0,0.6077936697451647,0.17262463148282967,0.5621995667574764,0.3605723692979696,0.9510356956149435
stage3-gru,friction_down,friction,10,24,0,-0.25001952749832707,0.10728599855771122,position_mse,24,0,0.09747532978535915,0.059023880388965604,0.08823724292949608,0.027887686183491335,0.24138979213911888
stage3-gru,friction_down,friction,10,24,0,-0.25001952749832707,0.10728599855771122,velocity_mse,24,0,2.351876234039075,3.4673204957969532,0.5566913567030584,0.11726881764720466,13.224949098023437
stage3-gru,friction_down,friction,10,24,0,-0.25001952749832707,0.10728599855771122,rotation_mae_rad,24,0,0.15863063055903173,0.060633763112846954,0.14674095092340075,0.08335764532287665,0.2747616073622493
stage3-gru,friction_down,friction,10,24,0,-0.25001952749832707,0.10728599855771122,contact_accuracy,24,0,0.9439831349206349,0.10935383211124929,0.9928571428571429,0.5,1.0
stage3-gru,friction_down,friction,10,24,0,-0.25001952749832707,0.10728599855771122,contact_balanced_accuracy,11,13,0.7082638856819491,0.17634470536512506,0.6987179487179487,0.5,0.9871794871794872
stage3-gru,friction_down,friction,50,24,0,-0.25001952749832707,0.10728599855771122,ade_m,24,0,1.5358538697416906,0.4653483589971115,1.5087389670533895,0.8487603644787107,2.4168335900147286
stage3-gru,friction_down,friction,50,24,0,-0.25001952749832707,0.10728599855771122,fde_m,24,0,2.8150492270810186,1.0728935125958594,2.6422014413905313,1.2263701991487337,4.64180359484122
stage3-gru,friction_down,friction,50,24,0,-0.25001952749832707,0.10728599855771122,position_mse,24,0,2.3475226798146833,1.6527226286367775,1.883056606179704,0.5330518408645201,7.039588678517713
stage3-gru,friction_down,friction,50,24,0,-0.25001952749832707,0.10728599855771122,velocity_mse,24,0,9.566947055359677,3.129226657666753,8.318349767357434,4.754853145709166,15.457889713254161
stage3-gru,friction_down,friction,50,24,0,-0.25001952749832707,0.10728599855771122,rotation_mae_rad,24,0,0.9209552499690783,0.15003489790021088,0.9472143984682224,0.6004131458530977,1.1388402513912592
stage3-gru,friction_down,friction,50,24,0,-0.25001952749832707,0.10728599855771122,contact_accuracy,24,0,0.5842291666666667,0.12475677940819978,0.6092857142857142,0.2,0.76
stage3-gru,friction_down,friction,50,24,0,-0.25001952749832707,0.10728599855771122,contact_balanced_accuracy,24,0,0.6337058197867351,0.07261091212655027,0.6509950823512038,0.49398625429553267,0.7673611111111112
stage6-transformer,friction_down,friction,10,24,0,-0.25001952749832707,0.10728599855771122,ade_m,24,0,0.5002172979819316,0.1679957679879419,0.4936756328741888,0.2831168868401124,0.9203626469598387
stage6-transformer,friction_down,friction,10,24,0,-0.25001952749832707,0.10728599855771122,fde_m,24,0,0.9131053158646036,0.29881623872480967,0.8840285164308117,0.5402423006718193,1.644546312533328
stage6-transformer,friction_down,friction,10,24,0,-0.25001952749832707,0.10728599855771122,position_mse,24,0,0.21751042467994022,0.13406286087021244,0.19878225233091332,0.07318468725759683,0.6059505444617729
stage6-transformer,friction_down,friction,10,24,0,-0.25001952749832707,0.10728599855771122,velocity_mse,24,0,2.6392340945392996,3.480916952135013,0.47354171491446817,0.09453146404584237,11.952614478447726
stage6-transformer,friction_down,friction,10,24,0,-0.25001952749832707,0.10728599855771122,rotation_mae_rad,24,0,0.13275445214165799,0.07635362009157752,0.11946101333022993,0.028858925892458562,0.30762024562101853
stage6-transformer,friction_down,friction,10,24,0,-0.25001952749832707,0.10728599855771122,contact_accuracy,24,0,0.937311507936508,0.11124955158925959,0.9928571428571429,0.5,1.0
stage6-transformer,friction_down,friction,10,24,0,-0.25001952749832707,0.10728599855771122,contact_balanced_accuracy,11,13,0.7242604109530554,0.18073724829096377,0.6987179487179487,0.5,0.9615384615384616
stage6-transformer,friction_down,friction,50,24,0,-0.25001952749832707,0.10728599855771122,ade_m,24,0,1.817400446692466,0.6365834588052764,1.665769870857278,0.9067699819618048,3.519464766839323
stage6-transformer,friction_down,friction,50,24,0,-0.25001952749832707,0.10728599855771122,fde_m,24,0,2.9715571513263472,1.0670891177336117,2.8018123183892842,1.1792015654934271,5.900147445460791
stage6-transformer,friction_down,friction,50,24,0,-0.25001952749832707,0.10728599855771122,position_mse,24,0,2.923178611431505,2.143482616282829,2.024719127536467,0.618870652214641,9.069371159588504
stage6-transformer,friction_down,friction,50,24,0,-0.25001952749832707,0.10728599855771122,velocity_mse,24,0,12.665506871913598,3.961153105941107,11.442693875223782,7.7099323465105005,22.865138094204703
stage6-transformer,friction_down,friction,50,24,0,-0.25001952749832707,0.10728599855771122,rotation_mae_rad,24,0,0.8539376945887067,0.15017698428831272,0.8495762633824302,0.5620267483484408,1.1312829014856436
stage6-transformer,friction_down,friction,50,24,0,-0.25001952749832707,0.10728599855771122,contact_accuracy,24,0,0.5280992063492064,0.11528965161466348,0.5291666666666667,0.15333333333333332,0.7333333333333333
stage6-transformer,friction_down,friction,50,24,0,-0.25001952749832707,0.10728599855771122,contact_balanced_accuracy,24,0,0.6620302957017183,0.05052356752812666,0.6646621820864769,0.5464285714285715,0.78125
stage3-mlp,friction_up,friction,10,24,0,0.2,5.0770816443889775e-17,ade_m,24,0,0.4329738619483374,0.11474654986965453,0.43568675145873936,0.2690947875070988,0.6939046537718148
stage3-mlp,friction_up,friction,10,24,0,0.2,5.0770816443889775e-17,fde_m,24,0,0.8496722097241985,0.26352770701008854,0.8218413432732926,0.49453633420798776,1.4358618132367356
stage3-mlp,friction_up,friction,10,24,0,0.2,5.0770816443889775e-17,position_mse,24,0,0.17001150362375148,0.09489377031803026,0.14766948674808347,0.05131790503242305,0.4353677020546952
stage3-mlp,friction_up,friction,10,24,0,0.2,5.0770816443889775e-17,velocity_mse,24,0,2.7622840275879126,3.4930394220975436,0.7613575778079278,0.2967666459940945,13.360290264294655
stage3-mlp,friction_up,friction,10,24,0,0.2,5.0770816443889775e-17,rotation_mae_rad,24,0,0.1510370377298838,0.06642575313717126,0.15448125018631564,0.04987133560165151,0.34126004172568586
stage3-mlp,friction_up,friction,10,24,0,0.2,5.0770816443889775e-17,contact_accuracy,24,0,0.915515873015873,0.13685668733142164,0.9732142857142857,0.36666666666666664,1.0
stage3-mlp,friction_up,friction,10,24,0,0.2,5.0770816443889775e-17,contact_balanced_accuracy,11,13,0.7059179306106207,0.1787003446970267,0.6923076923076923,0.46938775510204084,0.9487179487179487
stage3-mlp,friction_up,friction,50,24,0,0.2,5.0770816443889775e-17,ade_m,24,0,2.0853463338112155,0.5684264265005055,2.0563569183374484,1.3070329514186407,3.626759677766879
stage3-mlp,friction_up,friction,50,24,0,0.2,5.0770816443889775e-17,fde_m,24,0,3.3882160071867995,1.035221411161294,3.3124444849943977,2.0480520165632194,5.552501502580975
stage3-mlp,friction_up,friction,50,24,0,0.2,5.0770816443889775e-17,position_mse,24,0,3.5241800382065054,2.126824193608118,3.235278448069455,1.2625755040266582,10.273547335267313
stage3-mlp,friction_up,friction,50,24,0,0.2,5.0770816443889775e-17,velocity_mse,24,0,12.08812984100457,3.9172636190320644,11.40382048930638,7.496209335089969,22.462670081613705
stage3-mlp,friction_up,friction,50,24,0,0.2,5.0770816443889775e-17,rotation_mae_rad,24,0,0.8998240620224425,0.21197121289664583,0.904303655882537,0.6406197503714636,1.4906292065540965
stage3-mlp,friction_up,friction,50,24,0,0.2,5.0770816443889775e-17,contact_accuracy,24,0,0.517796626984127,0.06154424524680957,0.5066666666666667,0.36666666666666664,0.64
stage3-mlp,friction_up,friction,50,24,0,0.2,5.0770816443889775e-17,contact_balanced_accuracy,24,0,0.6346280304765118,0.053058611321423546,0.6356015213070988,0.5140370578326783,0.7256944444444444
stage3-gru,friction_up,friction,10,24,0,0.2,5.0770816443889775e-17,ade_m,24,0,0.32953299342142783,0.092796076706883,0.3131505277849981,0.17217143732669038,0.5599738349904914
stage3-gru,friction_up,friction,10,24,0,0.2,5.0770816443889775e-17,fde_m,24,0,0.6114498152925396,0.17645946585145028,0.5756433900516738,0.30030547890731174,0.9755124079775496
stage3-gru,friction_up,friction,10,24,0,0.2,5.0770816443889775e-17,position_mse,24,0,0.09679750835424865,0.057803898316901865,0.0841477870874364,0.021803672414344506,0.24400439081824712
stage3-gru,friction_up,friction,10,24,0,0.2,5.0770816443889775e-17,velocity_mse,24,0,2.334992630745742,3.4562820622801187,0.5963355740959355,0.12529731446660994,13.156947183356076
stage3-gru,friction_up,friction,10,24,0,0.2,5.0770816443889775e-17,rotation_mae_rad,24,0,0.15797557699966178,0.06461258117022188,0.13908161474097872,0.07268133930522434,0.27408154982684024
stage3-gru,friction_up,friction,10,24,0,0.2,5.0770816443889775e-17,contact_accuracy,24,0,0.942594246031746,0.11528861405690809,0.9928571428571429,0.4666666666666667,1.0
stage3-gru,friction_up,friction,10,24,0,0.2,5.0770816443889775e-17,contact_balanced_accuracy,11,13,0.7066405090585725,0.17618502188794466,0.6987179487179487,0.5,0.9871794871794872
stage3-gru,friction_up,friction,50,24,0,0.2,5.0770816443889775e-17,ade_m,24,0,1.552984597944999,0.4284374024204653,1.52244345274748,0.8831632416842213,2.39373598264611
stage3-gru,friction_up,friction,50,24,0,0.2,5.0770816443889775e-17,fde_m,24,0,2.8253778657647484,0.9614233289299787,2.606995076178694,1.0667631943948348,4.349166002212953
stage3-gru,friction_up,friction,50,24,0,0.2,5.0770816443889775e-17,position_mse,24,0,2.329701918788259,1.5072794982691207,2.005447500018693,0.5924676508013867,7.298214510022672
stage3-gru,friction_up,friction,50,24,0,0.2,5.0770816443889775e-17,velocity_mse,24,0,9.634438234187773,3.098106955726818,8.38793187201968,5.630559385026507,16.928440108114287
stage3-gru,friction_up,friction,50,24,0,0.2,5.0770816443889775e-17,rotation_mae_rad,24,0,0.9421082982502532,0.17715181798442295,0.9467428369382749,0.4438290930757278,1.1821814818919156
stage3-gru,friction_up,friction,50,24,0,0.2,5.0770816443889775e-17,contact_accuracy,24,0,0.5894861111111112,0.12382458001235241,0.6016666666666667,0.21333333333333335,0.772
stage3-gru,friction_up,friction,50,24,0,0.2,5.0770816443889775e-17,contact_balanced_accuracy,24,0,0.6450226787869927,0.06698072499834642,0.647367021141531,0.5279720279720279,0.7916666666666667
stage6-transformer,friction_up,friction,10,24,0,0.2,5.0770816443889775e-17,ade_m,24,0,0.5001820963594393,0.16670472991225346,0.488933396685794,0.281839695777791,0.9213130332877382
stage6-transformer,friction_up,friction,10,24,0,0.2,5.0770816443889775e-17,fde_m,24,0,0.9127270232150121,0.29754350709864774,0.8624176286662124,0.5367202100287568,1.6462365389367688
stage6-transformer,friction_up,friction,10,24,0,0.2,5.0770816443889775e-17,position_mse,24,0,0.21682864609419916,0.13384437997562917,0.19624330917612431,0.07272765842926368,0.6065742184505096
stage6-transformer,friction_up,friction,10,24,0,0.2,5.0770816443889775e-17,velocity_mse,24,0,2.588845070895568,3.346323913642361,0.4605525747075718,0.13678975062844873,11.067241516007202
stage6-transformer,friction_up,friction,10,24,0,0.2,5.0770816443889775e-17,rotation_mae_rad,24,0,0.1333469231409727,0.0754390099330638,0.12481411335016707,0.03027192367298454,0.31084903052536816
stage6-transformer,friction_up,friction,10,24,0,0.2,5.0770816443889775e-17,contact_accuracy,24,0,0.9310615079365079,0.12270563645898434,0.9828571428571429,0.43333333333333335,1.0
stage6-transformer,friction_up,friction,10,24,0,0.2,5.0770816443889775e-17,contact_balanced_accuracy,11,13,0.720229958646741,0.1799999524373987,0.6987179487179487,0.5,0.9615384615384616
stage6-transformer,friction_up,friction,50,24,0,0.2,5.0770816443889775e-17,ade_m,24,0,1.813459684489101,0.6075101599385931,1.6909736878954074,0.8913257881107403,3.5258994646420008
stage6-transformer,friction_up,friction,50,24,0,0.2,5.0770816443889775e-17,fde_m,24,0,2.942795885266889,1.0162057372377886,2.8090472852709754,1.1642448884978982,5.72603942988319
stage6-transformer,friction_up,friction,50,24,0,0.2,5.0770816443889775e-17,position_mse,24,0,2.888321428743458,2.0289223458947436,2.2539641300201723,0.6142831153355688,9.050810873354393
stage6-transformer,friction_up,friction,50,24,0,0.2,5.0770816443889775e-17,velocity_mse,24,0,12.589461647750438,4.2659864729146975,11.364141677191895,7.7972327493982565,26.499878686009367
stage6-transformer,friction_up,friction,50,24,0,0.2,5.0770816443889775e-17,rotation_mae_rad,24,0,0.8368149747209902,0.15048579452076163,0.8658327128462284,0.5108921436772556,1.0944972318540436
stage6-transformer,friction_up,friction,50,24,0,0.2,5.0770816443889775e-17,contact_accuracy,24,0,0.5282311507936508,0.11431457181372062,0.5239285714285715,0.16,0.74
stage6-transformer,friction_up,friction,50,24,0,0.2,5.0770816443889775e-17,contact_balanced_accuracy,24,0,0.6653289194714321,0.053454614305649364,0.6710189759318224,0.5401459854014599,0.7847222222222223
stage3-mlp,restitution_down,restitution,10,24,0,-0.2717016545939061,0.10857504552003873,ade_m,24,0,0.42222694206952044,0.11031036119674015,0.4302792878844977,0.24641663723760704,0.6701562052377733
stage3-mlp,restitution_down,restitution,10,24,0,-0.2717016545939061,0.10857504552003873,fde_m,24,0,0.8278131796046915,0.253780365853997,0.801331059191003,0.43208023392258443,1.3846559635768372
stage3-mlp,restitution_down,restitution,10,24,0,-0.2717016545939061,0.10857504552003873,position_mse,24,0,0.16247033933854915,0.08794237926389127,0.14314968459141433,0.04311337067455706,0.41442347162969667
stage3-mlp,restitution_down,restitution,10,24,0,-0.2717016545939061,0.10857504552003873,velocity_mse,24,0,2.6823199696248,3.470419989849973,0.7091006945447922,0.2782710202488035,13.592916448121997
stage3-mlp,restitution_down,restitution,10,24,0,-0.2717016545939061,0.10857504552003873,rotation_mae_rad,24,0,0.15463276872496223,0.06555271100900274,0.15224453188751436,0.043044488152503,0.34560369434761967
stage3-mlp,restitution_down,restitution,10,24,0,-0.2717016545939061,0.10857504552003873,contact_accuracy,24,0,0.913640873015873,0.1371006246648044,0.9732142857142857,0.36666666666666664,1.0
stage3-mlp,restitution_down,restitution,10,24,0,-0.2717016545939061,0.10857504552003873,contact_balanced_accuracy,11,13,0.7038247856603329,0.17837038204666025,0.6923076923076923,0.45918367346938777,0.9358974358974359
stage3-mlp,restitution_down,restitution,50,24,0,-0.2717016545939061,0.10857504552003873,ade_m,24,0,2.0129884768531148,0.5504543728364824,1.9552185954240913,1.260557746869027,3.4548134402162787
stage3-mlp,restitution_down,restitution,50,24,0,-0.2717016545939061,0.10857504552003873,fde_m,24,0,3.2575080210914003,1.0218870445273134,3.3232870613035095,2.037636675727393,5.3575692502389884
stage3-mlp,restitution_down,restitution,50,24,0,-0.2717016545939061,0.10857504552003873,position_mse,24,0,3.2969733954988563,1.9379669393837649,2.771739068391674,1.2520853732415405,9.297737584245175
stage3-mlp,restitution_down,restitution,50,24,0,-0.2717016545939061,0.10857504552003873,velocity_mse,24,0,11.6657724642374,2.9928906430772697,10.922040107982076,8.106398595034355,18.419048602040434
stage3-mlp,restitution_down,restitution,50,24,0,-0.2717016545939061,0.10857504552003873,rotation_mae_rad,24,0,0.9194782980383701,0.2038848031094862,0.9299435816288892,0.48457816218046623,1.503146318404224
stage3-mlp,restitution_down,restitution,50,24,0,-0.2717016545939061,0.10857504552003873,contact_accuracy,24,0,0.5356488095238096,0.059985874988752325,0.5276190476190477,0.37333333333333335,0.6485714285714286
stage3-mlp,restitution_down,restitution,50,24,0,-0.2717016545939061,0.10857504552003873,contact_balanced_accuracy,24,0,0.6442577283429065,0.0671111223319868,0.6546400874866162,0.46253746253746253,0.737037037037037
stage3-gru,restitution_down,restitution,10,24,0,-0.2717016545939061,0.10857504552003873,ade_m,24,0,0.32634131642029124,0.08585327918146207,0.3141186750295707,0.1768876594428181,0.5157894728306636
stage3-gru,restitution_down,restitution,10,24,0,-0.2717016545939061,0.10857504552003873,fde_m,24,0,0.6028852222753011,0.16075911891908637,0.5681534887549513,0.3512520459826689,0.9225244139231893
stage3-gru,restitution_down,restitution,10,24,0,-0.2717016545939061,0.10857504552003873,position_mse,24,0,0.09496797623739536,0.055152145519754836,0.08504883117434274,0.022466476862202336,0.23457534945842637
stage3-gru,restitution_down,restitution,10,24,0,-0.2717016545939061,0.10857504552003873,velocity_mse,24,0,2.3205598071720557,3.463502004525126,0.5317008637422808,0.11737015189046537,13.207998746983357
stage3-gru,restitution_down,restitution,10,24,0,-0.2717016545939061,0.10857504552003873,rotation_mae_rad,24,0,0.16041903955140352,0.0597883050098503,0.13660823403786249,0.08881072925862059,0.27713468765012156
stage3-gru,restitution_down,restitution,10,24,0,-0.2717016545939061,0.10857504552003873,contact_accuracy,24,0,0.9412053571428571,0.11581413226120443,0.9928571428571429,0.4666666666666667,1.0
stage3-gru,restitution_down,restitution,10,24,0,-0.2717016545939061,0.10857504552003873,contact_balanced_accuracy,11,13,0.7058568099990113,0.17637156670865073,0.6987179487179487,0.5,0.9871794871794872
stage3-gru,restitution_down,restitution,50,24,0,-0.2717016545939061,0.10857504552003873,ade_m,24,0,1.5289386065485464,0.44184896663626294,1.4974781304731861,0.829988606363423,2.400196107315508
stage3-gru,restitution_down,restitution,50,24,0,-0.2717016545939061,0.10857504552003873,fde_m,24,0,2.808759768246695,0.9342572962887723,2.671470116246895,1.2327117491802035,4.444511848378098
stage3-gru,restitution_down,restitution,50,24,0,-0.2717016545939061,0.10857504552003873,position_mse,24,0,2.2513596733493464,1.5567183146210701,1.7787586063080665,0.5123747356939886,7.294088359167437
stage3-gru,restitution_down,restitution,50,24,0,-0.2717016545939061,0.10857504552003873,velocity_mse,24,0,8.834923271667176,2.75027036755207,8.01343429798175,5.951512125046817,17.268769204365682
stage3-gru,restitution_down,restitution,50,24,0,-0.2717016545939061,0.10857504552003873,rotation_mae_rad,24,0,0.9333427218438972,0.1722042864360349,0.9296573567608664,0.48123891706713656,1.2292680249628547
stage3-gru,restitution_down,restitution,50,24,0,-0.2717016545939061,0.10857504552003873,contact_accuracy,24,0,0.5979871031746031,0.12791625010248814,0.6245714285714286,0.19333333333333333,0.7733333333333333
stage3-gru,restitution_down,restitution,50,24,0,-0.2717016545939061,0.10857504552003873,contact_balanced_accuracy,24,0,0.6323472895423868,0.0800130083193823,0.6446699905033239,0.4240759240759241,0.7777777777777778
stage6-transformer,restitution_down,restitution,10,24,0,-0.2717016545939061,0.10857504552003873,ade_m,24,0,0.498587450227874,0.16421752794014158,0.48724770195022615,0.2846881558235195,0.9099847640601643
stage6-transformer,restitution_down,restitution,10,24,0,-0.2717016545939061,0.10857504552003873,fde_m,24,0,0.9092028846271363,0.2921269418345781,0.8646524825039663,0.5440966163986766,1.6263643386829039
stage6-transformer,restitution_down,restitution,10,24,0,-0.2717016545939061,0.10857504552003873,position_mse,24,0,0.2153251085708552,0.13182140014111315,0.1954955536089784,0.07409193117736872,0.5992894582554815
stage6-transformer,restitution_down,restitution,10,24,0,-0.2717016545939061,0.10857504552003873,velocity_mse,24,0,2.5343133914261267,3.2768852597518583,0.4661698671402383,0.09425144884876627,11.199945374259075
stage6-transformer,restitution_down,restitution,10,24,0,-0.2717016545939061,0.10857504552003873,rotation_mae_rad,24,0,0.13222499976808258,0.07617062104594953,0.11123940595885173,0.03126929013083861,0.31028726073744267
stage6-transformer,restitution_down,restitution,10,24,0,-0.2717016545939061,0.10857504552003873,contact_accuracy,24,0,0.9310615079365079,0.12270563645898434,0.9828571428571429,0.43333333333333335,1.0
stage6-transformer,restitution_down,restitution,10,24,0,-0.2717016545939061,0.10857504552003873,contact_balanced_accuracy,11,13,0.720229958646741,0.1799999524373987,0.6987179487179487,0.5,0.9615384615384616
stage6-transformer,restitution_down,restitution,50,24,0,-0.2717016545939061,0.10857504552003873,ade_m,24,0,1.7838994743999252,0.6388310630898608,1.62204874065572,0.8989459923299298,3.5064623845522433
stage6-transformer,restitution_down,restitution,50,24,0,-0.2717016545939061,0.10857504552003873,fde_m,24,0,2.862616859001953,1.0529628788998913,2.66207064911719,1.1222180888081348,5.786473524596492
stage6-transformer,restitution_down,restitution,50,24,0,-0.2717016545939061,0.10857504552003873,position_mse,24,0,2.825834253056167,2.1078968486858978,1.9745403465297224,0.618624997714418,9.02707960714576
stage6-transformer,restitution_down,restitution,50,24,0,-0.2717016545939061,0.10857504552003873,velocity_mse,24,0,11.68409803802713,3.21994976874595,11.020653498212258,6.276775218119602,19.608975708142925
stage6-transformer,restitution_down,restitution,50,24,0,-0.2717016545939061,0.10857504552003873,rotation_mae_rad,24,0,0.8301265772588986,0.16220313631356836,0.820228115752607,0.5184490467988854,1.1674472872431993
stage6-transformer,restitution_down,restitution,50,24,0,-0.2717016545939061,0.10857504552003873,contact_accuracy,24,0,0.5312876984126984,0.11843964108829133,0.5225,0.14,0.7333333333333333
stage6-transformer,restitution_down,restitution,50,24,0,-0.2717016545939061,0.10857504552003873,contact_balanced_accuracy,24,0,0.6728776644590838,0.05450444682771547,0.6761046716005139,0.5392857142857143,0.78125
stage3-mlp,restitution_up,restitution,10,24,0,0.1922994772096674,0.030581734781347434,ade_m,24,0,0.4335635368490088,0.11788087751087326,0.4267032862842195,0.2667011372984985,0.709137214832381
stage3-mlp,restitution_up,restitution,10,24,0,0.1922994772096674,0.030581734781347434,fde_m,24,0,0.8544568644522793,0.26833110646640224,0.8190362438902922,0.48699557522875747,1.4671224293888991
stage3-mlp,restitution_up,restitution,10,24,0,0.1922994772096674,0.030581734781347434,position_mse,24,0,0.1713394791328892,0.098600234563109,0.1470695855096273,0.050146159893367015,0.4492806246758754
stage3-mlp,restitution_up,restitution,10,24,0,0.1922994772096674,0.030581734781347434,velocity_mse,24,0,2.824752560473219,3.579490718370446,0.777244063100528,0.32252889715086125,13.361793137518415
stage3-mlp,restitution_up,restitution,10,24,0,0.1922994772096674,0.030581734781347434,rotation_mae_rad,24,0,0.15564702192728497,0.07428351673505194,0.15624820325205083,0.04998967998849999,0.33939396536847055
stage3-mlp,restitution_up,restitution,10,24,0,0.1922994772096674,0.030581734781347434,contact_accuracy,24,0,0.9153769841269841,0.13667701673872454,0.9732142857142857,0.36666666666666664,1.0
stage3-mlp,restitution_up,restitution,10,24,0,0.1922994772096674,0.030581734781347434,contact_balanced_accuracy,11,13,0.7057877349917033,0.17964803986194403,0.6923076923076923,0.45918367346938777,0.9487179487179487
stage3-mlp,restitution_up,restitution,50,24,0,0.1922994772096674,0.030581734781347434,ade_m,24,0,2.129932256136276,0.5945056531466765,2.096401688783592,1.3066857584479792,3.7370823073807475
stage3-mlp,restitution_up,restitution,50,24,0,0.1922994772096674,0.030581734781347434,fde_m,24,0,3.476393766630052,1.030822983565433,3.4555307364381624,1.996123829113819,5.603584219104181
stage3-mlp,restitution_up,restitution,50,24,0,0.1922994772096674,0.030581734781347434,position_mse,24,0,3.722298098266407,2.2802755703657174,3.0815914583083535,1.3142184993799089,10.974739615552355
stage3-mlp,restitution_up,restitution,50,24,0,0.1922994772096674,0.030581734781347434,velocity_mse,24,0,12.294108808964511,4.531324946708504,11.439931922653276,7.180716392441332,25.787440955190846
stage3-mlp,restitution_up,restitution,50,24,0,0.1922994772096674,0.030581734781347434,rotation_mae_rad,24,0,0.8788509613156242,0.2255132489511864,0.87032351978123,0.4333173463549717,1.5347358584070379
stage3-mlp,restitution_up,restitution,50,24,0,0.1922994772096674,0.030581734781347434,contact_accuracy,24,0,0.5123055555555556,0.0626181713038316,0.5,0.36666666666666664,0.6514285714285715
stage3-mlp,restitution_up,restitution,50,24,0,0.1922994772096674,0.030581734781347434,contact_balanced_accuracy,24,0,0.6307444406287926,0.06612632436728437,0.6393927676861839,0.5140370578326783,0.7290372670807453
stage3-gru,restitution_up,restitution,10,24,0,0.1922994772096674,0.030581734781347434,ade_m,24,0,0.33412566414174427,0.09663709576760945,0.31638160814464167,0.18009900909584287,0.5938533006676975
stage3-gru,restitution_up,restitution,10,24,0,0.1922994772096674,0.030581734781347434,fde_m,24,0,0.618278927323593,0.18233025547235462,0.5711926091808468,0.32064047544209007,1.0381200692110315
stage3-gru,restitution_up,restitution,10,24,0,0.1922994772096674,0.030581734781347434,position_mse,24,0,0.09880672989813846,0.0605548343041521,0.0885370848475036,0.02394577361374589,0.2546692817187547
stage3-gru,restitution_up,restitution,10,24,0,0.1922994772096674,0.030581734781347434,velocity_mse,24,0,2.3410129441344267,3.4549204494858685,0.6014574298096569,0.12230765712708506,13.206618333548684
stage3-gru,restitution_up,restitution,10,24,0,0.1922994772096674,0.030581734781347434,rotation_mae_rad,24,0,0.15848962097634164,0.06719741379522486,0.14713108731982172,0.0642106683834264,0.29207698110031527
stage3-gru,restitution_up,restitution,10,24,0,0.1922994772096674,0.030581734781347434,contact_accuracy,24,0,0.9439831349206349,0.10935383211124929,0.9928571428571429,0.5,1.0
stage3-gru,restitution_up,restitution,10,24,0,0.1922994772096674,0.030581734781347434,contact_balanced_accuracy,11,13,0.7082638856819491,0.17634470536512506,0.6987179487179487,0.5,0.9871794871794872
stage3-gru,restitution_up,restitution,50,24,0,0.1922994772096674,0.030581734781347434,ade_m,24,0,1.5988056012787915,0.44614291748223095,1.5313262999694868,0.956627312283113,2.40301640373343
stage3-gru,restitution_up,restitution,50,24,0,0.1922994772096674,0.030581734781347434,fde_m,24,0,2.9786541255734984,1.02717422723938,2.8460674499509584,1.4314396759221424,4.586970714639352
stage3-gru,restitution_up,restitution,50,24,0,0.1922994772096674,0.030581734781347434,position_mse,24,0,2.5160011283056583,1.6097119253771839,1.9669658065147781,0.6790991366988118,6.975991070375586
stage3-gru,restitution_up,restitution,50,24,0,0.1922994772096674,0.030581734781347434,velocity_mse,24,0,9.93056658848405,3.2037244801612537,8.735313189217784,5.9727052259575615,18.422583607161197
stage3-gru,restitution_up,restitution,50,24,0,0.1922994772096674,0.030581734781347434,rotation_mae_rad,24,0,0.931839016026771,0.16128709426643967,0.9413856296755987,0.5379653322828263,1.1890011551505812
stage3-gru,restitution_up,restitution,50,24,0,0.1922994772096674,0.030581734781347434,contact_accuracy,24,0,0.5869871031746031,0.12783859298047898,0.5961904761904762,0.22666666666666666,0.825
stage3-gru,restitution_up,restitution,50,24,0,0.1922994772096674,0.030581734781347434,contact_balanced_accuracy,24,0,0.6345423463738339,0.07713154127711792,0.6349036765703433,0.46669133974833454,0.8541666666666667
stage6-transformer,restitution_up,restitution,10,24,0,0.1922994772096674,0.030581734781347434,ade_m,24,0,0.5010168627060111,0.16939239523719601,0.49375158234172023,0.27985241019683893,0.9294887001215727
stage6-transformer,restitution_up,restitution,10,24,0,0.1922994772096674,0.030581734781347434,fde_m,24,0,0.914252634230785,0.302479021755983,0.8699073383969294,0.5312487473506423,1.661024040437745
stage6-transformer,restitution_up,restitution,10,24,0,0.1922994772096674,0.030581734781347434,position_mse,24,0,0.21794250151574993,0.1350537414849984,0.19882642300950992,0.07152177921434845,0.6119731973053136
stage6-transformer,restitution_up,restitution,10,24,0,0.1922994772096674,0.030581734781347434,velocity_mse,24,0,2.6495322125655245,3.489059160166921,0.4451180186681618,0.13733820758286167,11.551831905255733
stage6-transformer,restitution_up,restitution,10,24,0,0.1922994772096674,0.030581734781347434,rotation_mae_rad,24,0,0.13370666293970315,0.07591961291823536,0.12506096189758478,0.027615543577759017,0.3093935599676856
stage6-transformer,restitution_up,restitution,10,24,0,0.1922994772096674,0.030581734781347434,contact_accuracy,24,0,0.9341865079365079,0.11719989830291525,0.9828571428571429,0.4666666666666667,1.0
stage6-transformer,restitution_up,restitution,10,24,0,0.1922994772096674,0.030581734781347434,contact_balanced_accuracy,11,13,0.7218533352701176,0.17984428484494516,0.6987179487179487,0.5,0.9615384615384616
stage6-transformer,restitution_up,restitution,50,24,0,0.1922994772096674,0.030581734781347434,ade_m,24,0,1.8574610779742011,0.6244354576351487,1.7286474853368414,0.9016358705960081,3.54099958368961
stage6-transformer,restitution_up,restitution,50,24,0,0.1922994772096674,0.030581734781347434,fde_m,24,0,3.0408245689061344,1.0351858054752483,2.7804131351000425,1.4026072774279434,5.8331986712344985
stage6-transformer,restitution_up,restitution,50,24,0,0.1922994772096674,0.030581734781347434,position_mse,24,0,3.0487715724245152,2.122852238299855,2.207168343970861,0.6064601806472724,9.093179960082283
stage6-transformer,restitution_up,restitution,50,24,0,0.1922994772096674,0.030581734781347434,velocity_mse,24,0,12.968210020176038,3.9304706398241542,12.076117373093194,8.208690116234074,24.556180888591406
stage6-transformer,restitution_up,restitution,50,24,0,0.1922994772096674,0.030581734781347434,rotation_mae_rad,24,0,0.8443702117433631,0.15543300819066816,0.8586048100772747,0.45088936226089676,1.1450499905423457
stage6-transformer,restitution_up,restitution,50,24,0,0.1922994772096674,0.030581734781347434,contact_accuracy,24,0,0.5277162698412698,0.1131089992535943,0.5307142857142857,0.16666666666666666,0.7333333333333333
stage6-transformer,restitution_up,restitution,50,24,0,0.1922994772096674,0.030581734781347434,contact_balanced_accuracy,24,0,0.6595075099508666,0.052022454971035824,0.6645437707934747,0.5437956204379562,0.78125
stage3-mlp,static_translate,geometry,10,10,14,1.0,0.0,ade_m,10,0,0.42650555203086143,0.1101650124456412,0.4209758839671105,0.27307539978641093,0.6618219377552027
stage3-mlp,static_translate,geometry,10,10,14,1.0,0.0,fde_m,10,0,0.860428674537762,0.22659685711439279,0.9091301703174617,0.4967516735376421,1.2625949682872952
stage3-mlp,static_translate,geometry,10,10,14,1.0,0.0,position_mse,10,0,0.17955204473210348,0.08070284019349926,0.1948050891764056,0.05701024538628288,0.28847418629025046
stage3-mlp,static_translate,geometry,10,10,14,1.0,0.0,velocity_mse,10,0,3.6026046108849887,3.7529439526198773,2.7040599716383262,0.3573659327479875,11.764044937640271
stage3-mlp,static_translate,geometry,10,10,14,1.0,0.0,rotation_mae_rad,10,0,0.16341000027334487,0.07823682015889889,0.15228806856792942,0.07256347675624483,0.3434118013625855
stage3-mlp,static_translate,geometry,10,10,14,1.0,0.0,contact_accuracy,10,0,0.8605952380952381,0.2063922803028415,0.9303571428571429,0.3333333333333333,1.0
stage3-mlp,static_translate,geometry,10,10,14,1.0,0.0,contact_balanced_accuracy,6,4,0.7570106547900932,0.16791647101890358,0.7858090185676392,0.5,0.9117647058823529
stage3-mlp,static_translate,geometry,50,10,14,1.0,0.0,ade_m,10,0,2.054235102327427,0.37137785466710577,2.0792312947907075,1.3033925162504534,2.616925182363317
stage3-mlp,static_translate,geometry,50,10,14,1.0,0.0,fde_m,10,0,3.4635872440022646,0.8448630325263573,3.4645447304648513,2.1262167075223433,5.365765314112049
stage3-mlp,static_translate,geometry,50,10,14,1.0,0.0,position_mse,10,0,3.3917393282463273,1.1809196074093289,3.2414422408033925,1.459724618705589,5.754885747409707
stage3-mlp,static_translate,geometry,50,10,14,1.0,0.0,velocity_mse,10,0,12.600519367316092,3.6599111820172343,11.932601337175818,8.545062936976588,21.561840824384713
stage3-mlp,static_translate,geometry,50,10,14,1.0,0.0,rotation_mae_rad,10,0,0.9668332802272369,0.19702432104442894,0.9193100836858201,0.7414743010651105,1.3121418839707395
stage3-mlp,static_translate,geometry,50,10,14,1.0,0.0,contact_accuracy,10,0,0.5085428571428572,0.06303764447384821,0.5066666666666666,0.38666666666666666,0.6257142857142857
stage3-mlp,static_translate,geometry,50,10,14,1.0,0.0,contact_balanced_accuracy,10,0,0.6328012335308962,0.06651248251511221,0.6376828615303793,0.5,0.7296296296296296
stage3-gru,static_translate,geometry,10,10,14,1.0,0.0,ade_m,10,0,0.3423996223975567,0.09649599019330797,0.3292544076916655,0.18583387297571022,0.49562958650131733
stage3-gru,static_translate,geometry,10,10,14,1.0,0.0,fde_m,10,0,0.6588184855641044,0.1574671675621671,0.6805178049186743,0.39551123107027797,0.8888441457519548
stage3-gru,static_translate,geometry,10,10,14,1.0,0.0,position_mse,10,0,0.10963909506084325,0.05823316474426077,0.09021314365800273,0.02410596082601191,0.2191097304601187
stage3-gru,static_translate,geometry,10,10,14,1.0,0.0,velocity_mse,10,0,3.357648278251975,3.908881568427475,2.0831151563027688,0.11780517767603499,11.47244713840899
stage3-gru,static_translate,geometry,10,10,14,1.0,0.0,rotation_mae_rad,10,0,0.1379111092442702,0.04416330146118369,0.11863659650563052,0.09892207442576072,0.21921059270273535
stage3-gru,static_translate,geometry,10,10,14,1.0,0.0,contact_accuracy,10,0,0.8854761904761905,0.17467693247312654,0.9428571428571428,0.43333333333333335,1.0
stage3-gru,static_translate,geometry,10,10,14,1.0,0.0,contact_balanced_accuracy,6,4,0.7257856048557447,0.17467971458687553,0.7060123784261715,0.5,0.9411764705882353
stage3-gru,static_translate,geometry,50,10,14,1.0,0.0,ade_m,10,0,1.6380601036029894,0.39374631811090616,1.530231857537503,1.1887405155176207,2.3250492869207595
stage3-gru,static_translate,geometry,50,10,14,1.0,0.0,fde_m,10,0,2.8279759423531905,0.9297900867735495,2.6493537422601294,1.7534963499987144,4.361026269260357
stage3-gru,static_translate,geometry,50,10,14,1.0,0.0,position_mse,10,0,2.5055531643514923,1.262515114185231,2.4349446904326433,1.1526104331150373,4.626897301357036
stage3-gru,static_translate,geometry,50,10,14,1.0,0.0,velocity_mse,10,0,9.569013356106153,2.527529055295482,9.175896271860868,6.107116527862146,13.783697360679447
stage3-gru,static_translate,geometry,50,10,14,1.0,0.0,rotation_mae_rad,10,0,0.9430979836451326,0.14473449735030602,0.9777461283228307,0.731602956322332,1.1231791031060478
stage3-gru,static_translate,geometry,50,10,14,1.0,0.0,contact_accuracy,10,0,0.5522904761904762,0.15742773992552891,0.6046666666666667,0.20666666666666667,0.7171428571428572
stage3-gru,static_translate,geometry,50,10,14,1.0,0.0,contact_balanced_accuracy,10,0,0.6513556593985741,0.07121640524259204,0.6677848651294844,0.5034722222222222,0.737037037037037
stage6-transformer,static_translate,geometry,10,10,14,1.0,0.0,ade_m,10,0,0.5165594566368742,0.13624177521668787,0.5364718175450793,0.30096084774722665,0.6846895534633946
stage6-transformer,static_translate,geometry,10,10,14,1.0,0.0,fde_m,10,0,0.9723927075079438,0.2286366114727562,1.0136394371229218,0.5825989291650906,1.2297191253347313
stage6-transformer,static_translate,geometry,10,10,14,1.0,0.0,position_mse,10,0,0.23252454409982223,0.10722227909594617,0.245956856584162,0.08818778421482533,0.4176394923193972
stage6-transformer,static_translate,geometry,10,10,14,1.0,0.0,velocity_mse,10,0,3.07447090147305,3.256769764380098,2.508870006751796,0.1994357604248474,9.853925480610027
stage6-transformer,static_translate,geometry,10,10,14,1.0,0.0,rotation_mae_rad,10,0,0.1649281595465605,0.08483794359886028,0.13988836810186578,0.0632523797995155,0.3102888241330382
stage6-transformer,static_translate,geometry,10,10,14,1.0,0.0,contact_accuracy,10,0,0.8777976190476191,0.18494278471132644,0.9366071428571429,0.4,1.0
stage6-transformer,static_translate,geometry,10,10,14,1.0,0.0,contact_balanced_accuracy,6,4,0.7718381794059705,0.1717634620614023,0.7976348364279399,0.5,0.9338235294117647
stage6-transformer,static_translate,geometry,50,10,14,1.0,0.0,ade_m,10,0,1.973259766772951,0.5558676324585836,1.9061451274518468,1.3313114354762126,2.9140075041131874
stage6-transformer,static_translate,geometry,50,10,14,1.0,0.0,fde_m,10,0,3.2250166512732066,0.8003794520182439,3.0508795577380035,1.9925343320615096,4.503321995420529
stage6-transformer,static_translate,geometry,50,10,14,1.0,0.0,position_mse,10,0,3.328880045703753,1.8816821071335903,2.653963174268535,1.2484678332165349,6.265718932774614
stage6-transformer,static_translate,geometry,50,10,14,1.0,0.0,velocity_mse,10,0,14.338118216693834,4.8560558129734925,13.06535235150497,8.831845201641647,22.463095086646938
stage6-transformer,static_translate,geometry,50,10,14,1.0,0.0,rotation_mae_rad,10,0,0.8913785308564948,0.1877860575553471,0.8534166471765816,0.6155325318420356,1.253172324848717
stage6-transformer,static_translate,geometry,50,10,14,1.0,0.0,contact_accuracy,10,0,0.5033261904761904,0.142870812419193,0.5363333333333333,0.15333333333333332,0.6533333333333333
stage6-transformer,static_translate,geometry,50,10,14,1.0,0.0,contact_balanced_accuracy,10,0,0.6387604768249844,0.05170880623860821,0.6471316032671026,0.5398550724637681,0.711835951552944
stage3-mlp,ramp_rotate,geometry,10,10,14,0.2617993877991494,0.0,ade_m,10,0,0.4243916057008485,0.1108546622363561,0.4241043163638393,0.2721189348259911,0.6601535775132336
stage3-mlp,ramp_rotate,geometry,10,10,14,0.2617993877991494,0.0,fde_m,10,0,0.8454694201532025,0.23000400528124734,0.8307427941197203,0.4941350598929414,1.2586837038363472
stage3-mlp,ramp_rotate,geometry,10,10,14,0.2617993877991494,0.0,position_mse,10,0,0.17858578475575881,0.07997892399206072,0.19810437260755442,0.05672428605075633,0.28688327091376814
stage3-mlp,ramp_rotate,geometry,10,10,14,0.2617993877991494,0.0,velocity_mse,10,0,4.009122294123286,4.5072667197588485,2.712632791941477,0.35651606136239905,13.474447020879692
stage3-mlp,ramp_rotate,geometry,10,10,14,0.2617993877991494,0.0,rotation_mae_rad,10,0,0.17086955058706557,0.08063202619860585,0.17225265770776166,0.07189803113485796,0.34377573702297726
stage3-mlp,ramp_rotate,geometry,10,10,14,0.2617993877991494,0.0,contact_accuracy,10,0,0.8639285714285715,0.19698538204836608,0.9303571428571429,0.36666666666666664,1.0
stage3-mlp,ramp_rotate,geometry,10,10,14,0.2617993877991494,0.0,contact_balanced_accuracy,6,4,0.7579343001102903,0.16725821405298424,0.7858090185676392,0.5,0.9117647058823529
stage3-mlp,ramp_rotate,geometry,50,10,14,0.2617993877991494,0.0,ade_m,10,0,2.059345088410621,0.3522272594721815,2.073254213275944,1.341035856233582,2.611531958990974
stage3-mlp,ramp_rotate,geometry,50,10,14,0.2617993877991494,0.0,fde_m,10,0,3.5022992304706992,0.8235043344473558,3.4169075455814895,2.152656931312161,5.275936820531447
stage3-mlp,ramp_rotate,geometry,50,10,14,0.2617993877991494,0.0,position_mse,10,0,3.353824855817113,1.1488602101586085,3.00904318164793,1.5445677188802864,5.58604528206792
stage3-mlp,ramp_rotate,geometry,50,10,14,0.2617993877991494,0.0,velocity_mse,10,0,12.301565409258606,3.553459838197361,11.767257973343817,8.933291010700817,21.476605555574938
stage3-mlp,ramp_rotate,geometry,50,10,14,0.2617993877991494,0.0,rotation_mae_rad,10,0,0.9868242654060286,0.17332355620184864,0.9509291829286338,0.7860797505501541,1.2692144403411483
stage3-mlp,ramp_rotate,geometry,50,10,14,0.2617993877991494,0.0,contact_accuracy,10,0,0.5146214285714286,0.06700103830943745,0.5183333333333333,0.38,0.6257142857142857
stage3-mlp,ramp_rotate,geometry,50,10,14,0.2617993877991494,0.0,contact_balanced_accuracy,10,0,0.6500864263721069,0.07956336433546946,0.6723250173250173,0.5,0.7296296296296296
stage3-gru,ramp_rotate,geometry,10,10,14,0.2617993877991494,0.0,ade_m,10,0,0.339671885891207,0.09850545400589787,0.3286438136969123,0.18554785407295143,0.4958213466694646
stage3-gru,ramp_rotate,geometry,10,10,14,0.2617993877991494,0.0,fde_m,10,0,0.6449026408308325,0.16412080112579103,0.6131420574968505,0.3935588316398617,0.8887653566732251
stage3-gru,ramp_rotate,geometry,10,10,14,0.2617993877991494,0.0,position_mse,10,0,0.10849545318905289,0.060350301993946254,0.08983429391892092,0.023987561837742546,0.2190890321835271
stage3-gru,ramp_rotate,geometry,10,10,14,0.2617993877991494,0.0,velocity_mse,10,0,3.5802597111197674,4.393899814253771,2.0840571116503956,0.12025148212500777,13.136803124468313
stage3-gru,ramp_rotate,geometry,10,10,14,0.2617993877991494,0.0,rotation_mae_rad,10,0,0.1455529973397591,0.05524438588147249,0.11788244834729701,0.09894276400089096,0.24140790840114507
stage3-gru,ramp_rotate,geometry,10,10,14,0.2617993877991494,0.0,contact_accuracy,10,0,0.8921428571428571,0.16386169496513073,0.9428571428571428,0.4666666666666667,1.0
stage3-gru,ramp_rotate,geometry,10,10,14,0.2617993877991494,0.0,contact_balanced_accuracy,6,4,0.7562568980312121,0.16068842483449636,0.7387218045112782,0.5,0.9411764705882353
stage3-gru,ramp_rotate,geometry,50,10,14,0.2617993877991494,0.0,ade_m,10,0,1.6628708340582867,0.3950604530190415,1.5792580946955894,1.1848980249481513,2.3896491354739346
stage3-gru,ramp_rotate,geometry,50,10,14,0.2617993877991494,0.0,fde_m,10,0,2.949765391344793,0.9308281680395853,2.9348536659706523,1.7407055143276564,4.353759121789494
stage3-gru,ramp_rotate,geometry,50,10,14,0.2617993877991494,0.0,position_mse,10,0,2.5482488196710853,1.2357881409178595,2.3295349290498732,1.1631284807978837,4.731261405392655
stage3-gru,ramp_rotate,geometry,50,10,14,0.2617993877991494,0.0,velocity_mse,10,0,9.495889103486201,2.730500434657224,8.680817868525818,6.211791730574409,14.319556741491098
stage3-gru,ramp_rotate,geometry,50,10,14,0.2617993877991494,0.0,rotation_mae_rad,10,0,0.9326760442563017,0.10576007906706926,0.9156494303104554,0.7716600385447608,1.1218654381126802
stage3-gru,ramp_rotate,geometry,50,10,14,0.2617993877991494,0.0,contact_accuracy,10,0,0.5571071428571429,0.1522289673803911,0.6,0.22666666666666666,0.7171428571428572
stage3-gru,ramp_rotate,geometry,50,10,14,0.2617993877991494,0.0,contact_balanced_accuracy,10,0,0.6655470906045902,0.052469781658839046,0.6709842821544949,0.5703703703703704,0.7407407407407407
stage6-transformer,ramp_rotate,geometry,10,10,14,0.2617993877991494,0.0,ade_m,10,0,0.5132586106085067,0.1360399248894729,0.5246582081369884,0.30195216775218436,0.6851990464889987
stage6-transformer,ramp_rotate,geometry,10,10,14,0.2617993877991494,0.0,fde_m,10,0,0.9539146658877408,0.22520563315670572,0.9891759765115724,0.5829970694076654,1.2307290111254376
stage6-transformer,ramp_rotate,geometry,10,10,14,0.2617993877991494,0.0,position_mse,10,0,0.23018472276070095,0.10773668782272962,0.24615117059900882,0.08892961134128606,0.41726466466447776
stage6-transformer,ramp_rotate,geometry,10,10,14,0.2617993877991494,0.0,velocity_mse,10,0,3.4935675019206127,4.009506206586587,2.5048653685878044,0.19892312969137366,11.579473921277138
stage6-transformer,ramp_rotate,geometry,10,10,14,0.2617993877991494,0.0,rotation_mae_rad,10,0,0.17140978976001903,0.08242999400335553,0.16118207642576537,0.06317489714909803,0.3101950125536545
stage6-transformer,ramp_rotate,geometry,10,10,14,0.2617993877991494,0.0,contact_accuracy,10,0,0.8811309523809524,0.17543005188768598,0.9366071428571429,0.43333333333333335,1.0
stage6-transformer,ramp_rotate,geometry,10,10,14,0.2617993877991494,0.0,contact_balanced_accuracy,6,4,0.772967079241767,0.1711364077831407,0.7976348364279399,0.5,0.9338235294117647
stage6-transformer,ramp_rotate,geometry,50,10,14,0.2617993877991494,0.0,ade_m,10,0,1.982466869063205,0.5608769295121339,1.9534580981779546,1.3328970388915296,2.912169034074934
stage6-transformer,ramp_rotate,geometry,50,10,14,0.2617993877991494,0.0,fde_m,10,0,3.220675826594881,0.8317780789625525,3.4345231933326206,1.879302032845107,4.228109621574718
stage6-transformer,ramp_rotate,geometry,50,10,14,0.2617993877991494,0.0,position_mse,10,0,3.310380258433798,1.831034809047192,2.808586111692166,1.2411241543429428,6.254843418398139
stage6-transformer,ramp_rotate,geometry,50,10,14,0.2617993877991494,0.0,velocity_mse,10,0,13.670147026971001,4.683320202254283,12.126876496771274,9.159822422668983,22.5014118646
stage6-transformer,ramp_rotate,geometry,50,10,14,0.2617993877991494,0.0,rotation_mae_rad,10,0,0.8891795874179379,0.1639297927238921,0.8730460080266729,0.6154109342289135,1.1769546482798023
stage6-transformer,ramp_rotate,geometry,50,10,14,0.2617993877991494,0.0,contact_accuracy,10,0,0.5061428571428571,0.13623347269629596,0.5342857142857143,0.17333333333333334,0.6533333333333333
stage6-transformer,ramp_rotate,geometry,50,10,14,0.2617993877991494,0.0,contact_balanced_accuracy,10,0,0.6504325175520275,0.04669878003375123,0.6665194681861348,0.5407407407407407,0.6888888888888889
stage3-mlp,static_add,structural,10,24,0,1.0,0.0,ade_m,24,0,0.4096435873826812,0.12321001134832725,0.4134039514677039,0.22488291755130957,0.6999877748271481
stage3-mlp,static_add,structural,10,24,0,1.0,0.0,fde_m,24,0,0.816483256803386,0.302219228182349,0.780674716573653,0.39955140831399094,1.700355075947227
stage3-mlp,static_add,structural,10,24,0,1.0,0.0,position_mse,24,0,0.16200907115091928,0.10458686392079462,0.13438291038869096,0.03678376732345247,0.4509758515976257
stage3-mlp,static_add,structural,10,24,0,1.0,0.0,velocity_mse,24,0,3.15141114360446,4.525901472878202,0.638109745534484,0.2387752120243555,17.118839675281777
stage3-mlp,static_add,structural,10,24,0,1.0,0.0,rotation_mae_rad,24,0,0.15033765624925177,0.06992407404774258,0.15178745201763127,0.039824283343265335,0.34375363930703323
stage3-mlp,static_add,structural,10,24,0,1.0,0.0,contact_accuracy,24,0,0.9112103174603174,0.13841431540343055,0.9732142857142857,0.36666666666666664,1.0
stage3-mlp,static_add,structural,10,24,0,1.0,0.0,contact_balanced_accuracy,11,13,0.6909335768856066,0.18243911217356754,0.6607142857142857,0.45918367346938777,0.9358974358974359
stage3-mlp,static_add,structural,50,24,0,1.0,0.0,ade_m,24,0,2.2020585945190856,0.6040896851518932,2.090400809860374,1.271892343353578,3.7934336805534783
stage3-mlp,static_add,structural,50,24,0,1.0,0.0,fde_m,24,0,3.576187321884561,0.9895214459748428,3.4530666855129186,2.192979494467269,5.88587693534033
stage3-mlp,static_add,structural,50,24,0,1.0,0.0,position_mse,24,0,4.077213502276206,2.3122808523930236,3.6564607081033644,1.2329528660720244,10.983598065209286
stage3-mlp,static_add,structural,50,24,0,1.0,0.0,velocity_mse,24,0,13.820443742273799,4.357060568448968,12.593392869676924,7.086660230751531,24.071199093993126
stage3-mlp,static_add,structural,50,24,0,1.0,0.0,rotation_mae_rad,24,0,0.9214775325306054,0.2112494884070572,0.9126505901633883,0.5923746844632114,1.5113225290086534
stage3-mlp,static_add,structural,50,24,0,1.0,0.0,contact_accuracy,24,0,0.5010059523809524,0.07329060768004467,0.5064285714285715,0.3,0.6285714285714286
stage3-mlp,static_add,structural,50,24,0,1.0,0.0,contact_balanced_accuracy,24,0,0.6314161719123461,0.06803561966240657,0.6346866096866097,0.5138888888888888,0.7986111111111112
stage3-gru,static_add,structural,10,24,0,1.0,0.0,ade_m,24,0,0.32514115266000304,0.09217591046206401,0.30318066780783387,0.1793428734724173,0.5333513443259218
stage3-gru,static_add,structural,10,24,0,1.0,0.0,fde_m,24,0,0.6088780079671049,0.1919601580223975,0.5618923637870435,0.335079045737505,1.0492381354875933
stage3-gru,static_add,structural,10,24,0,1.0,0.0,position_mse,24,0,0.09977813898230214,0.06351806891510792,0.07899088232777682,0.022304764987134258,0.23492435448173107
stage3-gru,static_add,structural,10,24,0,1.0,0.0,velocity_mse,24,0,2.6894141136313316,3.9241253489562786,0.584434329545245,0.14090674661179264,12.928083983342248
stage3-gru,static_add,structural,10,24,0,1.0,0.0,rotation_mae_rad,24,0,0.15758288751394714,0.06950218007186959,0.1361954578327346,0.06948456796562709,0.295427603265594
stage3-gru,static_add,structural,10,24,0,1.0,0.0,contact_accuracy,24,0,0.9406845238095238,0.11609392333917042,0.9928571428571429,0.4666666666666667,1.0
stage3-gru,static_add,structural,10,24,0,1.0,0.0,contact_balanced_accuracy,11,13,0.6943619184306995,0.18069806805018124,0.6724137931034483,0.5,0.9871794871794872
stage3-gru,static_add,structural,50,24,0,1.0,0.0,ade_m,24,0,1.730245289937396,0.47673172373048406,1.625756952063702,1.0313285724583594,2.601372953667035
stage3-gru,static_add,structural,50,24,0,1.0,0.0,fde_m,24,0,3.1823404223296943,0.9273157196858303,3.193651929576208,1.5791072143602012,4.652499988150104
stage3-gru,static_add,structural,50,24,0,1.0,0.0,position_mse,24,0,2.929307012684368,1.7473766345040185,2.5870266777188604,0.79493622050878,8.289617301672493
stage3-gru,static_add,structural,50,24,0,1.0,0.0,velocity_mse,24,0,10.635869359785724,3.3640664219981433,9.719267196646324,5.072857186924282,17.463179270996697
stage3-gru,static_add,structural,50,24,0,1.0,0.0,rotation_mae_rad,24,0,0.985793677356891,0.167322845348691,0.9891046118220947,0.5716676613670623,1.2772867976821025
stage3-gru,static_add,structural,50,24,0,1.0,0.0,contact_accuracy,24,0,0.5877867063492064,0.12408694859394336,0.5794285714285714,0.22,0.78
stage3-gru,static_add,structural,50,24,0,1.0,0.0,contact_balanced_accuracy,24,0,0.6413929111256114,0.06015582208046532,0.6511732937066683,0.5128424657534247,0.7629629629629631
stage6-transformer,static_add,structural,10,24,0,1.0,0.0,ade_m,24,0,0.5011284723751394,0.1634974188049045,0.4914558874007977,0.2894643372076822,0.903701101482084
stage6-transformer,static_add,structural,10,24,0,1.0,0.0,fde_m,24,0,0.920548900755558,0.29740945182535977,0.8655818103738044,0.5589812290036397,1.617381926094538
stage6-transformer,static_add,structural,10,24,0,1.0,0.0,position_mse,24,0,0.21758967499393075,0.13171870272666078,0.19684755151727484,0.0771473349353177,0.5898605007437902
stage6-transformer,static_add,structural,10,24,0,1.0,0.0,velocity_mse,24,0,3.043221354165524,4.415351073286048,0.4088046030975215,0.12718632758805698,16.793345232894517
stage6-transformer,static_add,structural,10,24,0,1.0,0.0,rotation_mae_rad,24,0,0.13670405036654448,0.07737032602739628,0.12228617245834836,0.027215254990530915,0.3101472677977701
stage6-transformer,static_add,structural,10,24,0,1.0,0.0,contact_accuracy,24,0,0.9282837301587301,0.12987756217034704,0.9828571428571429,0.4,1.0
stage6-transformer,static_add,structural,10,24,0,1.0,0.0,contact_balanced_accuracy,11,13,0.7057234324775353,0.18618314808159894,0.6785714285714286,0.5,0.9615384615384616
stage6-transformer,static_add,structural,50,24,0,1.0,0.0,ade_m,24,0,1.939919631219513,0.6552789852155264,1.70855969285509,0.9196704861667224,3.5298625644840746
stage6-transformer,static_add,structural,50,24,0,1.0,0.0,fde_m,24,0,3.1653842865428876,1.0468204773933618,2.868363570121536,1.1897724142284638,5.898877116312948
stage6-transformer,static_add,structural,50,24,0,1.0,0.0,position_mse,24,0,3.3232566474664567,2.1758446832976417,2.338334328946768,0.6335702716319632,9.063274138776151
stage6-transformer,static_add,structural,50,24,0,1.0,0.0,velocity_mse,24,0,14.205295507530073,3.934049166728973,14.040176387667948,8.003183161506042,22.498264780224126
stage6-transformer,static_add,structural,50,24,0,1.0,0.0,rotation_mae_rad,24,0,0.8754187482435816,0.163179816690409,0.8863528418040538,0.5445784167730503,1.129254653706854
stage6-transformer,static_add,structural,50,24,0,1.0,0.0,contact_accuracy,24,0,0.5282450396825397,0.1157742607737706,0.531,0.15333333333333332,0.7333333333333333
stage6-transformer,static_add,structural,50,24,0,1.0,0.0,contact_balanced_accuracy,24,0,0.6602316606641266,0.053431370448938476,0.6711858116143288,0.5308219178082192,0.78125
stage3-mlp,static_remove,structural,10,10,14,-1.0,0.0,ade_m,10,0,0.460632285317294,0.11504681300724494,0.4534467543057268,0.30850936370439597,0.7174547494832697
stage3-mlp,static_remove,structural,10,10,14,-1.0,0.0,fde_m,10,0,0.9201794509131566,0.2380543871153366,0.9344896238403436,0.5575940299851235,1.374053934564199
stage3-mlp,static_remove,structural,10,10,14,-1.0,0.0,position_mse,10,0,0.19831301401803572,0.08824514107908031,0.21160559811229912,0.06929594284564651,0.3395000604395102
stage3-mlp,static_remove,structural,10,10,14,-1.0,0.0,velocity_mse,10,0,3.8448039329779524,3.952887159890863,2.876224557992236,0.4509089262452649,12.639206889049316
stage3-mlp,static_remove,structural,10,10,14,-1.0,0.0,rotation_mae_rad,10,0,0.1719652408731137,0.08081101511930731,0.17362794355436512,0.08578531464749731,0.35318651550932684
stage3-mlp,static_remove,structural,10,10,14,-1.0,0.0,contact_accuracy,10,0,0.8605952380952381,0.2060929804202056,0.9303571428571429,0.3333333333333333,1.0
stage3-mlp,static_remove,structural,10,10,14,-1.0,0.0,contact_balanced_accuracy,6,4,0.7576045074326093,0.1683279544758966,0.7910691003911343,0.5,0.9117647058823529
stage3-mlp,static_remove,structural,50,10,14,-1.0,0.0,ade_m,10,0,2.124534409383499,0.42559993971204046,2.141125484915788,1.3536849437325869,2.7382423033985503
stage3-mlp,static_remove,structural,50,10,14,-1.0,0.0,fde_m,10,0,3.5642446493239843,0.8069704818641372,3.5185058924708468,2.258874152924384,5.224355396898115
stage3-mlp,static_remove,structural,50,10,14,-1.0,0.0,position_mse,10,0,3.6815869124382825,1.4651459401182156,3.4902540060237146,1.5219292676488554,5.695678438279033
stage3-mlp,static_remove,structural,50,10,14,-1.0,0.0,velocity_mse,10,0,13.046868356273254,3.954085802218081,12.107426413152972,7.643348487169522,22.32259160337615
stage3-mlp,static_remove,structural,50,10,14,-1.0,0.0,rotation_mae_rad,10,0,0.9803882671285447,0.1952611640900124,0.9728313416401051,0.7231170503658486,1.3227652644248638
stage3-mlp,static_remove,structural,50,10,14,-1.0,0.0,contact_accuracy,10,0,0.5311190476190476,0.0646265752634681,0.5285714285714286,0.4,0.6228571428571429
stage3-mlp,static_remove,structural,50,10,14,-1.0,0.0,contact_balanced_accuracy,10,0,0.6464655861619655,0.06954473021215353,0.6595963912630579,0.5486111111111112,0.7285993122037364
stage3-gru,static_remove,structural,10,10,14,-1.0,0.0,ade_m,10,0,0.35481782907850246,0.10319495326515976,0.33610900366455276,0.2006133369947699,0.5213334785484156
stage3-gru,static_remove,structural,10,10,14,-1.0,0.0,fde_m,10,0,0.6776806761243568,0.1669432812506159,0.6927146228419243,0.39108695097857266,0.9385048867599246
stage3-gru,static_remove,structural,10,10,14,-1.0,0.0,position_mse,10,0,0.11629267642956131,0.06328262323406356,0.0956853279988052,0.026803389430036025,0.2326146439895816
stage3-gru,static_remove,structural,10,10,14,-1.0,0.0,velocity_mse,10,0,3.268549539177617,4.117553767916142,2.078750646274321,0.09028480588646226,12.732139440211375
stage3-gru,static_remove,structural,10,10,14,-1.0,0.0,rotation_mae_rad,10,0,0.14623051729761452,0.049299189110197796,0.125716999905841,0.09696028157544398,0.2183554133483473
stage3-gru,static_remove,structural,10,10,14,-1.0,0.0,contact_accuracy,10,0,0.8983928571428571,0.15392530543599753,0.9491071428571429,0.5,1.0
stage3-gru,static_remove,structural,10,10,14,-1.0,0.0,contact_balanced_accuracy,6,4,0.7081429231315779,0.2141571062947987,0.7264588859416445,0.423728813559322,0.9411764705882353
stage3-gru,static_remove,structural,50,10,14,-1.0,0.0,ade_m,10,0,1.6407127843159304,0.4184764834561937,1.6122479177663553,1.1024304224739645,2.3699815439429655
stage3-gru,static_remove,structural,50,10,14,-1.0,0.0,fde_m,10,0,2.8633891144986467,0.7686617748126581,2.585436711732541,1.6921027674311295,3.859740456475912
stage3-gru,static_remove,structural,50,10,14,-1.0,0.0,position_mse,10,0,2.640736620491729,1.3373058055974403,2.5933552621141622,1.132722521324411,4.575484705481694
stage3-gru,static_remove,structural,50,10,14,-1.0,0.0,velocity_mse,10,0,9.829014629417689,3.105081551071483,8.98448459969126,6.35639722366254,15.946378228411774
stage3-gru,static_remove,structural,50,10,14,-1.0,0.0,rotation_mae_rad,10,0,0.9423639066662843,0.07572102646240662,0.9529772649865194,0.837447188472496,1.0490455395186036
stage3-gru,static_remove,structural,50,10,14,-1.0,0.0,contact_accuracy,10,0,0.5860571428571428,0.12126492302833194,0.6138095238095238,0.3,0.7228571428571429
stage3-gru,static_remove,structural,50,10,14,-1.0,0.0,contact_balanced_accuracy,10,0,0.6904702122026402,0.06143164069625859,0.6892186730994517,0.5815217391304348,0.8148148148148149
stage6-transformer,static_remove,structural,10,10,14,-1.0,0.0,ade_m,10,0,0.5155815164125159,0.1383328657912561,0.5329737186378003,0.29146827168772094,0.6921503248671813
stage6-transformer,static_remove,structural,10,10,14,-1.0,0.0,fde_m,10,0,0.9691676944499283,0.22887520119182356,1.0088454949899006,0.5845964146481335,1.242131630452038
stage6-transformer,static_remove,structural,10,10,14,-1.0,0.0,position_mse,10,0,0.2343052178918225,0.10793090751565931,0.24899060071372253,0.09158806781698532,0.4168436025080468
stage6-transformer,static_remove,structural,10,10,14,-1.0,0.0,velocity_mse,10,0,3.143955299123673,3.504737654632329,2.4575612877115054,0.2004071818374923,11.092454781437759
stage6-transformer,static_remove,structural,10,10,14,-1.0,0.0,rotation_mae_rad,10,0,0.16594882775697237,0.08337985581826379,0.13858805631489396,0.06067122417209867,0.3104902106075551
stage6-transformer,static_remove,structural,10,10,14,-1.0,0.0,contact_accuracy,10,0,0.8777976190476191,0.1767508717201052,0.9366071428571429,0.43333333333333335,1.0
stage6-transformer,static_remove,structural,10,10,14,-1.0,0.0,contact_balanced_accuracy,6,4,0.690461569168122,0.2091829373855666,0.7028072502210433,0.4067796610169492,0.9338235294117647
stage6-transformer,static_remove,structural,50,10,14,-1.0,0.0,ade_m,10,0,2.0296837398285814,0.6027559558164454,2.0110267205131747,1.1402446523695107,2.8957372054673405
stage6-transformer,static_remove,structural,50,10,14,-1.0,0.0,fde_m,10,0,3.3744785555912307,0.9782458800392092,3.6536837713713233,1.9823223838751767,4.775290561146023
stage6-transformer,static_remove,structural,50,10,14,-1.0,0.0,position_mse,10,0,3.6889730298958145,2.2584951582698367,3.1750652974287594,1.0988149140674663,7.464621603708417
stage6-transformer,static_remove,structural,50,10,14,-1.0,0.0,velocity_mse,10,0,13.829709097540311,4.741411463132464,12.794510623160921,7.883467729515772,22.508374116009616
stage6-transformer,static_remove,structural,50,10,14,-1.0,0.0,rotation_mae_rad,10,0,0.8688308404963418,0.18561303136148802,0.8630407510944806,0.6484881031725803,1.1620536490733344
stage6-transformer,static_remove,structural,50,10,14,-1.0,0.0,contact_accuracy,10,0,0.5026928571428572,0.14011281243291393,0.5268571428571429,0.16,0.6533333333333333
stage6-transformer,static_remove,structural,50,10,14,-1.0,0.0,contact_balanced_accuracy,10,0,0.6459427082670555,0.0529438970414344,0.672690602080846,0.5434782608695652,0.6888888888888889
stage3-mlp,dynamic_duplicate,structural,10,24,0,1.0,0.0,ade_m,24,0,0.37960084456500887,0.09905595248329975,0.3774584912605502,0.22681279136484997,0.6083786141212479
stage3-mlp,dynamic_duplicate,structural,10,24,0,1.0,0.0,fde_m,24,0,0.7431194091867023,0.22175819020651924,0.7356657295126481,0.3720606929353251,1.2441043622584915
stage3-mlp,dynamic_duplicate,structural,10,24,0,1.0,0.0,position_mse,24,0,0.13643304701304576,0.07470326137813996,0.12589073180608978,0.032949644932403814,0.3503199247641123
stage3-mlp,dynamic_duplicate,structural,10,24,0,1.0,0.0,velocity_mse,24,0,2.627665387248384,3.0913316647271376,0.7478175950521584,0.24651991297594283,12.113815133631904
stage3-mlp,dynamic_duplicate,structural,10,24,0,1.0,0.0,rotation_mae_rad,24,0,0.1701546562891058,0.07392408815486207,0.16660045126412157,0.0694864612058615,0.4058064461254737
stage3-mlp,dynamic_duplicate,structural,10,24,0,1.0,0.0,contact_accuracy,24,0,0.9118650793650793,0.11991026709067423,0.935,0.45,1.0
stage3-mlp,dynamic_duplicate,structural,10,24,0,1.0,0.0,contact_balanced_accuracy,12,12,0.7311184764165972,0.1847687401786883,0.6966540404040404,0.4661016949152542,0.9591836734693877
stage3-mlp,dynamic_duplicate,structural,50,24,0,1.0,0.0,ade_m,24,0,1.9073868217178336,0.5200341244393504,1.8547536049209545,1.2126679854458098,3.2642472978704946
stage3-mlp,dynamic_duplicate,structural,50,24,0,1.0,0.0,fde_m,24,0,3.1640038054292448,0.9208866862155832,3.1560051219007956,1.8608872433892507,5.566097210185371
stage3-mlp,dynamic_duplicate,structural,50,24,0,1.0,0.0,position_mse,24,0,3.0499267808567576,1.83210186839535,2.8350998037899418,1.2958574345123153,8.354350020829367
stage3-mlp,dynamic_duplicate,structural,50,24,0,1.0,0.0,velocity_mse,24,0,11.354531081469595,3.2314102334899135,11.227186465548186,7.112796711150769,18.843846590308626
stage3-mlp,dynamic_duplicate,structural,50,24,0,1.0,0.0,rotation_mae_rad,24,0,0.9569063787671036,0.2337922913632281,0.946701982858188,0.5347368131102285,1.7585946186245502
stage3-mlp,dynamic_duplicate,structural,50,24,0,1.0,0.0,contact_accuracy,24,0,0.5093878968253969,0.05916353867516743,0.5042857142857142,0.404,0.64
stage3-mlp,dynamic_duplicate,structural,50,24,0,1.0,0.0,contact_balanced_accuracy,24,0,0.6525868169483162,0.06774018995688064,0.6606101859439154,0.4447368421052632,0.796875
stage3-gru,dynamic_duplicate,structural,10,24,0,1.0,0.0,ade_m,24,0,0.3256381274236115,0.08574887536546141,0.3221300382160556,0.2008334769468806,0.5477301110718985
stage3-gru,dynamic_duplicate,structural,10,24,0,1.0,0.0,fde_m,24,0,0.604228777727053,0.15836316257991312,0.5761192215906753,0.38033221614173296,0.9561472182428317
stage3-gru,dynamic_duplicate,structural,10,24,0,1.0,0.0,position_mse,24,0,0.09290958423609727,0.05184908681286333,0.0862835067336582,0.031011917205144818,0.23642108222827635
stage3-gru,dynamic_duplicate,structural,10,24,0,1.0,0.0,velocity_mse,24,0,2.1867077823495227,2.831482605091145,0.7686285724556007,0.12042862819894083,11.176364716227852
stage3-gru,dynamic_duplicate,structural,10,24,0,1.0,0.0,rotation_mae_rad,24,0,0.151962667627673,0.06141532262557692,0.13671327688367454,0.07362137870542859,0.3013401476684671
stage3-gru,dynamic_duplicate,structural,10,24,0,1.0,0.0,contact_accuracy,24,0,0.9403141534391535,0.10238098241814729,0.9816666666666667,0.525,1.0
stage3-gru,dynamic_duplicate,structural,10,24,0,1.0,0.0,contact_balanced_accuracy,12,12,0.7311230560948359,0.18653722792173535,0.6988636363636364,0.5,0.9795918367346939
stage3-gru,dynamic_duplicate,structural,50,24,0,1.0,0.0,ade_m,24,0,1.5258249949752862,0.45013255354222803,1.4539267557881639,0.892735118238019,2.5809774217203425
stage3-gru,dynamic_duplicate,structural,50,24,0,1.0,0.0,fde_m,24,0,2.804197117107567,0.9762929350210643,2.5425199204698568,1.2265872599385337,4.9298705979247295
stage3-gru,dynamic_duplicate,structural,50,24,0,1.0,0.0,position_mse,24,0,2.2665827999932135,1.4871340083995614,1.8601442508284558,0.636613879401176,6.048877408596506
stage3-gru,dynamic_duplicate,structural,50,24,0,1.0,0.0,velocity_mse,24,0,8.97803612300165,2.8773604746586945,8.766657105739542,4.756682718359706,15.302076321222057
stage3-gru,dynamic_duplicate,structural,50,24,0,1.0,0.0,rotation_mae_rad,24,0,0.9422825637160156,0.15146817490389572,0.9542381319731043,0.531306936260681,1.203476286086297
stage3-gru,dynamic_duplicate,structural,50,24,0,1.0,0.0,contact_accuracy,24,0,0.5591960978835979,0.10301947313201643,0.544,0.295,0.7166666666666667
stage3-gru,dynamic_duplicate,structural,50,24,0,1.0,0.0,contact_balanced_accuracy,24,0,0.6411248701827427,0.053254690750947374,0.6462020832243325,0.5321125265392781,0.7440318302387268
stage6-transformer,dynamic_duplicate,structural,10,24,0,1.0,0.0,ade_m,24,0,0.4786655447202288,0.1549817843985449,0.43453907542509573,0.2955562723838555,0.82409350884604
stage6-transformer,dynamic_duplicate,structural,10,24,0,1.0,0.0,fde_m,24,0,0.8778715017267812,0.2780428718290433,0.795116230401371,0.5591918714063573,1.4879396386204402
stage6-transformer,dynamic_duplicate,structural,10,24,0,1.0,0.0,position_mse,24,0,0.19863833437882394,0.12155475580383804,0.1665910436374987,0.07822547829250547,0.49827568023722524
stage6-transformer,dynamic_duplicate,structural,10,24,0,1.0,0.0,velocity_mse,24,0,2.447543228018486,2.7876973851842703,0.7235652487994313,0.1686524602997746,10.02842449423102
stage6-transformer,dynamic_duplicate,structural,10,24,0,1.0,0.0,rotation_mae_rad,24,0,0.12813189378057283,0.07569352785038444,0.11495610423177882,0.025468145807826994,0.3246476670267419
stage6-transformer,dynamic_duplicate,structural,10,24,0,1.0,0.0,contact_accuracy,24,0,0.918260582010582,0.11329175694601472,0.9625,0.45,1.0
stage6-transformer,dynamic_duplicate,structural,10,24,0,1.0,0.0,contact_balanced_accuracy,12,12,0.7418613114046138,0.18725806459044864,0.6994949494949495,0.5,0.9591836734693877
stage6-transformer,dynamic_duplicate,structural,50,24,0,1.0,0.0,ade_m,24,0,1.720978463406934,0.5303019401346409,1.554366857290875,0.9527645827939947,2.9419002613646397
stage6-transformer,dynamic_duplicate,structural,50,24,0,1.0,0.0,fde_m,24,0,2.864781485581724,0.8968250595561299,2.8138732549756424,1.074653636782034,4.818907122392564
stage6-transformer,dynamic_duplicate,structural,50,24,0,1.0,0.0,position_mse,24,0,2.6832130229060285,1.6998525695198172,1.9259440252236215,0.7242247883240077,6.98380527222471
stage6-transformer,dynamic_duplicate,structural,50,24,0,1.0,0.0,velocity_mse,24,0,11.794910647328194,3.2797883518232114,10.729793458177806,7.681138476559756,21.22754073974137
stage6-transformer,dynamic_duplicate,structural,50,24,0,1.0,0.0,rotation_mae_rad,24,0,0.8542738826598939,0.16678996015183112,0.8719331569235005,0.4863192907220667,1.0830784575596253
stage6-transformer,dynamic_duplicate,structural,50,24,0,1.0,0.0,contact_accuracy,24,0,0.48960085978835977,0.09807840826969035,0.49958333333333327,0.175,0.635
stage6-transformer,dynamic_duplicate,structural,50,24,0,1.0,0.0,contact_balanced_accuracy,24,0,0.6604234713646165,0.04728760971925228,0.6656057156057157,0.5391061452513967,0.75
stage3-mlp,dynamic_remove,structural,10,24,0,-1.0,0.0,ade_m,24,0,0.44993816711643275,0.12074455573819178,0.4500596051993867,0.2855245725690678,0.715773916208914
stage3-mlp,dynamic_remove,structural,10,24,0,-1.0,0.0,fde_m,24,0,0.8943565822094387,0.2832874326024226,0.8493614132552361,0.5232424696798396,1.488942952327377
stage3-mlp,dynamic_remove,structural,10,24,0,-1.0,0.0,position_mse,24,0,0.1848481149374581,0.10990418676438542,0.15157215694937365,0.05988554250428886,0.4854290270732814
stage3-mlp,dynamic_remove,structural,10,24,0,-1.0,0.0,velocity_mse,24,0,2.825751660502083,3.510851746788742,0.7638242901076693,0.208825301173143,12.81933404627095
stage3-mlp,dynamic_remove,structural,10,24,0,-1.0,0.0,rotation_mae_rad,24,0,0.13888481258075935,0.0675886617420847,0.13174821857800728,0.052840838734442085,0.35971513477118855
stage3-mlp,dynamic_remove,structural,10,24,0,-1.0,0.0,contact_accuracy,24,0,0.9235813492063492,0.12475237187922951,0.9916666666666667,0.5,1.0
stage3-mlp,dynamic_remove,structural,10,24,0,-1.0,0.0,contact_balanced_accuracy,10,14,0.7630387084332546,0.17877344769601777,0.7763157894736842,0.47435897435897434,0.9591836734693877
stage3-mlp,dynamic_remove,structural,50,24,0,-1.0,0.0,ade_m,24,0,2.1565075297772283,0.5305701162809349,2.2034479937048035,1.3348271554893698,3.433696844962819
stage3-mlp,dynamic_remove,structural,50,24,0,-1.0,0.0,fde_m,24,0,3.504274045102253,1.087259581221133,3.5065311940158317,1.9694446105073722,6.075712272916523
stage3-mlp,dynamic_remove,structural,50,24,0,-1.0,0.0,position_mse,24,0,3.659070435628526,1.9302828124165305,3.526123732542371,1.3125715608817812,9.613845222409166
stage3-mlp,dynamic_remove,structural,50,24,0,-1.0,0.0,velocity_mse,24,0,12.51022641654469,4.061649980902672,12.27255984840486,6.910629011420149,23.492055840397096
stage3-mlp,dynamic_remove,structural,50,24,0,-1.0,0.0,rotation_mae_rad,24,0,0.8350981724769098,0.23790157254233762,0.8370399668874201,0.3417322827408244,1.2665247834311213
stage3-mlp,dynamic_remove,structural,50,24,0,-1.0,0.0,contact_accuracy,24,0,0.5310654761904762,0.08186910342812731,0.5416666666666667,0.33,0.6733333333333333
stage3-mlp,dynamic_remove,structural,50,24,0,-1.0,0.0,contact_balanced_accuracy,24,0,0.6420223247988507,0.06972554882807726,0.6332565284178187,0.48917748917748916,0.7411347517730497
stage3-gru,dynamic_remove,structural,10,24,0,-1.0,0.0,ade_m,24,0,0.3262416347856415,0.12032694092814444,0.3114822244991318,0.13181271131346545,0.7532536909157843
stage3-gru,dynamic_remove,structural,10,24,0,-1.0,0.0,fde_m,24,0,0.60428462331121,0.21283602509663277,0.5538975896151368,0.22080043800623392,1.3178205480580218
stage3-gru,dynamic_remove,structural,10,24,0,-1.0,0.0,position_mse,24,0,0.09573683699702473,0.07120410449818232,0.0762885184366517,0.01361622173715856,0.3543307404720232
stage3-gru,dynamic_remove,structural,10,24,0,-1.0,0.0,velocity_mse,24,0,2.6719828797298746,4.1407706952164,0.6315853663566098,0.11186323604472385,13.778310816392459
stage3-gru,dynamic_remove,structural,10,24,0,-1.0,0.0,rotation_mae_rad,24,0,0.16292026862213374,0.062322772137927876,0.15076761857267346,0.06796638247623257,0.2603345740761615
stage3-gru,dynamic_remove,structural,10,24,0,-1.0,0.0,contact_accuracy,24,0,0.9502281746031747,0.09291492280920315,1.0,0.6,1.0
stage3-gru,dynamic_remove,structural,10,24,0,-1.0,0.0,contact_balanced_accuracy,10,14,0.7424901630343608,0.20157686124996022,0.7440015479876161,0.46938775510204084,0.9827586206896552
stage3-gru,dynamic_remove,structural,50,24,0,-1.0,0.0,ade_m,24,0,1.5149362939270354,0.4938058926956573,1.4524523022641576,0.6980752596422781,2.701785043693121
stage3-gru,dynamic_remove,structural,50,24,0,-1.0,0.0,fde_m,24,0,2.824584428284417,1.0875116036784278,2.6545876836239612,0.6874749949667672,4.946980482459946
stage3-gru,dynamic_remove,structural,50,24,0,-1.0,0.0,position_mse,24,0,2.2894134254583487,1.7406747994793308,1.8288790070368206,0.4135400928036983,7.782842629776018
stage3-gru,dynamic_remove,structural,50,24,0,-1.0,0.0,velocity_mse,24,0,9.476865400161232,3.1305977063263555,8.311042643614899,6.1410245333361555,17.08856494858328
stage3-gru,dynamic_remove,structural,50,24,0,-1.0,0.0,rotation_mae_rad,24,0,0.9373751167447391,0.17567291105809635,0.9545082282621289,0.43656220141720176,1.1941349755119324
stage3-gru,dynamic_remove,structural,50,24,0,-1.0,0.0,contact_accuracy,24,0,0.6273948412698412,0.1594854034168022,0.6033333333333333,0.25,0.96
stage3-gru,dynamic_remove,structural,50,24,0,-1.0,0.0,contact_balanced_accuracy,24,0,0.6550429330904515,0.10331421747660868,0.644387701184625,0.46304347826086956,0.9278350515463918
stage6-transformer,dynamic_remove,structural,10,24,0,-1.0,0.0,ade_m,24,0,0.5184203489423117,0.2020089283325345,0.4781539130418368,0.2340430980742187,1.1594253513182096
stage6-transformer,dynamic_remove,structural,10,24,0,-1.0,0.0,fde_m,24,0,0.9567275440356828,0.37069298449837823,0.8435701118903949,0.4515301226654536,2.1133603303065183
stage6-transformer,dynamic_remove,structural,10,24,0,-1.0,0.0,position_mse,24,0,0.23216504846059627,0.173124003485561,0.18476329120010132,0.05648988443345649,0.8605153240979868
stage6-transformer,dynamic_remove,structural,10,24,0,-1.0,0.0,velocity_mse,24,0,2.7413697098156695,3.6041005061483165,0.46491796419457043,0.09510487374463791,11.339930651994887
stage6-transformer,dynamic_remove,structural,10,24,0,-1.0,0.0,rotation_mae_rad,24,0,0.13231100604826507,0.08142433931512831,0.11009129401188092,0.03204576959159515,0.3446879634797162
stage6-transformer,dynamic_remove,structural,10,24,0,-1.0,0.0,contact_accuracy,24,0,0.937688492063492,0.11812356651079639,1.0,0.5,1.0
stage6-transformer,dynamic_remove,structural,10,24,0,-1.0,0.0,contact_balanced_accuracy,10,14,0.7767598691019058,0.18169138512355826,0.7894736842105263,0.5,0.9655172413793103
stage6-transformer,dynamic_remove,structural,50,24,0,-1.0,0.0,ade_m,24,0,1.9390124551090435,0.7456658413683149,1.7531817280223447,0.9785011482622262,4.611107307944818
stage6-transformer,dynamic_remove,structural,50,24,0,-1.0,0.0,fde_m,24,0,3.2311239971215455,1.2707799816279164,2.9312109073393335,1.286729489012896,7.2500694808644965
stage6-transformer,dynamic_remove,structural,50,24,0,-1.0,0.0,position_mse,24,0,3.238815612924587,2.713085622918616,2.229754066087888,0.6995588570297857,13.047737168568167
stage6-transformer,dynamic_remove,structural,50,24,0,-1.0,0.0,velocity_mse,24,0,13.491888520805569,4.851031506764458,12.245629340898624,6.759878695923832,25.389893023044806
stage6-transformer,dynamic_remove,structural,50,24,0,-1.0,0.0,rotation_mae_rad,24,0,0.8275759137029768,0.15469936275325621,0.846331922771747,0.5506608924874504,1.16394385039623
stage6-transformer,dynamic_remove,structural,50,24,0,-1.0,0.0,contact_accuracy,24,0,0.5377281746031746,0.13307266109928473,0.545,0.15,0.8266666666666667
stage6-transformer,dynamic_remove,structural,50,24,0,-1.0,0.0,contact_balanced_accuracy,24,0,0.6576541629705738,0.07157628764480044,0.670816842273684,0.4879725085910653,0.7893835616438356
